timestamp,run_id,sequence,mcu_time_ms,session_id,pir_1,pir_2,tof_mm,tof_status,temperature_c,humidity_percent,pressure_hpa,light_lux,sample_valid,occupancy_label
2026-09-10T14:31:40.125+08:00,RUN_20260910_142922,1,202953,SESSION_001,1,1,37,0,25.55,71.14,1005.27,65.0,1,LOW
2026-09-10T14:31:40.948+08:00,RUN_20260910_142922,2,203776,SESSION_001,1,1,8190,4,25.56,71.75,1005.27,179.2,1,LOW
2026-09-10T14:31:41.951+08:00,RUN_20260910_142922,3,204779,SESSION_001,0,0,8190,4,25.56,71.55,1005.27,165.8,1,LOW
2026-09-10T14:31:42.954+08:00,RUN_20260910_142922,4,205782,SESSION_001,0,0,8190,4,25.56,71.06,1005.27,161.7,1,LOW
2026-09-10T14:31:44.139+08:00,RUN_20260910_142922,5,206967,SESSION_001,1,0,8190,4,25.57,70.79,1005.27,136.7,1,LOW
2026-09-10T14:31:44.962+08:00,RUN_20260910_142922,6,207790,SESSION_001,1,0,8190,4,25.57,70.71,1005.27,160.8,1,LOW
2026-09-10T14:31:46.147+08:00,RUN_20260910_142922,7,208975,SESSION_001,1,1,10,0,25.57,70.65,1005.27,95.0,1,LOW
2026-09-10T14:31:46.970+08:00,RUN_20260910_142922,8,209798,SESSION_001,1,1,8190,4,25.57,70.53,1005.27,96.7,1,LOW
2026-09-10T14:31:48.155+08:00,RUN_20260910_142922,9,210983,SESSION_001,1,0,86,0,25.58,70.34,1005.27,89.2,1,LOW
2026-09-10T14:31:49.160+08:00,RUN_20260910_142922,10,211988,SESSION_001,1,0,80,0,25.58,70.21,1005.27,144.2,1,LOW
2026-09-10T14:31:50.165+08:00,RUN_20260910_142922,11,212993,SESSION_001,1,1,58,0,25.58,70.18,1005.27,112.5,1,LOW
2026-09-10T14:31:51.170+08:00,RUN_20260910_142922,12,213998,SESSION_001,0,0,68,0,25.58,70.13,1005.27,119.2,1,LOW
2026-09-10T14:31:52.175+08:00,RUN_20260910_142922,13,215003,SESSION_001,0,0,68,0,25.59,70.10,1005.27,119.2,1,LOW
2026-09-10T14:31:53.180+08:00,RUN_20260910_142922,14,216008,SESSION_001,0,1,68,0,25.59,69.99,1005.27,117.5,1,LOW
2026-09-10T14:31:54.185+08:00,RUN_20260910_142922,15,217013,SESSION_001,1,0,68,0,25.59,69.92,1005.27,118.3,1,LOW
2026-09-10T14:31:55.190+08:00,RUN_20260910_142922,16,218018,SESSION_001,0,0,69,0,25.60,69.86,1005.27,122.5,1,LOW
2026-09-10T14:31:56.195+08:00,RUN_20260910_142922,17,219023,SESSION_001,0,0,70,0,25.60,69.84,1005.27,121.7,1,LOW
2026-09-10T14:31:57.200+08:00,RUN_20260910_142922,18,220028,SESSION_001,1,1,70,0,25.61,70.04,1005.27,118.3,1,LOW
2026-09-10T14:31:58.205+08:00,RUN_20260910_142922,19,221033,SESSION_001,0,0,69,0,25.61,69.96,1005.27,117.5,1,LOW
2026-09-10T14:31:59.210+08:00,RUN_20260910_142922,20,222038,SESSION_001,0,0,70,0,25.61,70.59,1005.27,120.8,1,LOW
2026-09-10T14:32:00.215+08:00,RUN_20260910_142922,21,223043,SESSION_001,1,1,68,0,25.62,71.24,1005.27,115.8,1,LOW
2026-09-10T14:32:01.220+08:00,RUN_20260910_142922,22,224048,SESSION_001,1,1,67,0,25.62,71.28,1005.27,112.5,1,LOW
2026-09-10T14:32:02.225+08:00,RUN_20260910_142922,23,225053,SESSION_001,1,0,67,0,25.63,70.80,1005.27,117.5,1,LOW
2026-09-10T14:32:03.230+08:00,RUN_20260910_142922,24,226058,SESSION_001,1,0,68,0,25.63,71.06,1005.27,115.8,1,LOW
2026-09-10T14:32:04.235+08:00,RUN_20260910_142922,25,227063,SESSION_001,1,0,67,0,25.64,71.01,1005.27,115.0,1,LOW
2026-09-10T14:32:05.240+08:00,RUN_20260910_142922,26,228068,SESSION_001,0,0,67,0,25.64,70.95,1005.27,119.2,1,LOW
2026-09-10T14:32:06.245+08:00,RUN_20260910_142922,27,229073,SESSION_001,0,0,67,0,25.65,70.88,1005.27,121.7,1,LOW
2026-09-10T14:32:07.250+08:00,RUN_20260910_142922,28,230078,SESSION_001,0,0,57,0,25.65,70.83,1005.27,101.7,1,LOW
2026-09-10T14:32:08.255+08:00,RUN_20260910_142922,29,231083,SESSION_001,0,1,50,0,25.66,70.98,1005.27,68.3,1,LOW
2026-09-10T14:32:09.260+08:00,RUN_20260910_142922,30,232088,SESSION_001,1,0,51,0,25.66,70.91,1005.27,69.2,1,LOW
2026-09-10T14:32:10.265+08:00,RUN_20260910_142922,31,233093,SESSION_001,0,0,52,0,25.67,70.52,1005.28,65.8,1,LOW
2026-09-10T14:32:11.270+08:00,RUN_20260910_142922,32,234098,SESSION_001,0,1,78,0,25.67,70.30,1005.27,108.3,1,LOW
2026-09-10T14:32:12.275+08:00,RUN_20260910_142922,33,235103,SESSION_001,1,0,91,0,25.67,70.11,1005.27,180.8,1,LOW
2026-09-10T14:32:13.098+08:00,RUN_20260910_142922,34,235926,SESSION_001,1,0,8190,4,25.68,70.10,1005.27,183.3,1,LOW
2026-09-10T14:32:14.283+08:00,RUN_20260910_142922,35,237111,SESSION_001,0,1,51,0,25.68,70.02,1005.27,155.8,1,LOW
2026-09-10T14:32:15.288+08:00,RUN_20260910_142922,36,238116,SESSION_001,0,1,72,0,25.68,69.90,1005.27,71.7,1,LOW
2026-09-10T14:32:16.293+08:00,RUN_20260910_142922,37,239121,SESSION_001,1,1,89,0,25.69,69.87,1005.27,83.3,1,LOW
2026-09-10T14:32:17.298+08:00,RUN_20260910_142922,38,240126,SESSION_001,1,0,65,0,25.69,69.69,1005.27,90.0,1,LOW
2026-09-10T14:32:18.121+08:00,RUN_20260910_142922,39,240949,SESSION_001,0,0,8190,4,25.69,69.62,1005.27,155.0,1,LOW
2026-09-10T14:32:19.124+08:00,RUN_20260910_142922,40,241952,SESSION_001,0,0,8190,4,25.69,69.56,1005.27,159.2,1,LOW
2026-09-10T14:32:20.127+08:00,RUN_20260910_142922,41,242955,SESSION_001,1,0,8190,4,25.69,69.54,1005.27,157.5,1,LOW
2026-09-10T14:32:21.130+08:00,RUN_20260910_142922,42,243958,SESSION_001,0,0,8190,4,25.69,70.14,1005.27,154.2,1,LOW
2026-09-10T14:32:22.133+08:00,RUN_20260910_142922,43,244961,SESSION_001,0,0,8190,4,25.69,70.29,1005.27,155.0,1,LOW
2026-09-10T14:32:23.318+08:00,RUN_20260910_142922,44,246146,SESSION_001,1,0,8190,4,25.69,70.20,1005.27,155.0,1,LOW
2026-09-10T14:32:24.141+08:00,RUN_20260910_142922,45,246969,SESSION_001,1,0,8190,4,25.69,70.15,1005.27,154.2,1,LOW
2026-09-10T14:32:25.144+08:00,RUN_20260910_142922,46,247972,SESSION_001,0,0,8190,4,25.69,70.02,1005.27,155.0,1,LOW
2026-09-10T14:32:26.147+08:00,RUN_20260910_142922,47,248975,SESSION_001,0,0,8190,4,25.69,69.89,1005.27,156.7,1,LOW
2026-09-10T14:32:27.150+08:00,RUN_20260910_142922,48,249978,SESSION_001,1,0,8190,4,25.69,70.10,1005.27,155.0,1,LOW
2026-09-10T14:32:28.153+08:00,RUN_20260910_142922,49,250981,SESSION_001,1,0,8190,4,25.69,70.67,1005.27,161.7,1,LOW
2026-09-10T14:32:29.156+08:00,RUN_20260910_142922,50,251984,SESSION_001,0,0,8190,4,25.69,70.70,1005.27,161.7,1,LOW
2026-09-10T14:32:30.159+08:00,RUN_20260910_142922,51,252987,SESSION_001,0,0,8190,4,25.69,70.42,1005.27,161.7,1,LOW
2026-09-10T14:32:31.162+08:00,RUN_20260910_142922,52,253990,SESSION_001,1,0,8190,4,25.69,70.33,1005.27,164.2,1,LOW
2026-09-10T14:32:32.165+08:00,RUN_20260910_142922,53,254993,SESSION_001,1,0,8190,4,25.68,70.22,1005.27,165.8,1,LOW
2026-09-10T14:32:33.168+08:00,RUN_20260910_142922,54,255996,SESSION_001,1,0,8190,4,25.68,70.20,1005.27,175.8,1,LOW
2026-09-10T14:32:34.171+08:00,RUN_20260910_142922,55,256999,SESSION_001,0,0,8190,4,25.68,70.03,1005.27,185.8,1,LOW
2026-09-10T14:32:35.174+08:00,RUN_20260910_142922,56,258002,SESSION_001,0,0,8190,4,25.68,69.97,1005.27,185.8,1,LOW
2026-09-10T14:32:36.177+08:00,RUN_20260910_142922,57,259005,SESSION_001,1,0,8190,4,25.68,69.94,1005.27,184.2,1,LOW
2026-09-10T14:32:37.180+08:00,RUN_20260910_142922,58,260008,SESSION_001,1,0,8190,4,25.68,69.87,1005.27,181.7,1,LOW
2026-09-10T14:32:38.183+08:00,RUN_20260910_142922,59,261011,SESSION_001,1,0,8190,4,25.68,69.84,1005.27,181.7,1,LOW
2026-09-10T14:32:39.186+08:00,RUN_20260910_142922,60,262014,SESSION_001,1,0,8190,4,25.68,69.92,1005.27,181.7,1,LOW
2026-09-10T14:32:40.189+08:00,RUN_20260910_142922,61,263017,SESSION_001,0,0,8190,4,25.68,69.89,1005.27,182.5,1,LOW
2026-09-10T14:32:41.192+08:00,RUN_20260910_142922,62,264020,SESSION_001,0,0,8190,4,25.68,69.88,1005.27,182.5,1,LOW
2026-09-10T14:32:42.195+08:00,RUN_20260910_142922,63,265023,SESSION_001,1,0,8190,4,25.68,69.74,1005.27,184.2,1,LOW
2026-09-10T14:32:43.198+08:00,RUN_20260910_142922,64,266026,SESSION_001,0,0,8190,4,25.67,69.65,1005.27,183.3,1,LOW
2026-09-10T14:32:44.201+08:00,RUN_20260910_142922,65,267029,SESSION_001,0,0,8190,4,25.67,69.58,1005.27,183.3,1,LOW
2026-09-10T14:32:45.386+08:00,RUN_20260910_142922,66,268214,SESSION_001,1,0,65,0,25.67,69.58,1005.27,142.5,1,LOW
2026-09-10T14:32:46.391+08:00,RUN_20260910_142922,67,269219,SESSION_001,1,1,8190,4,25.67,69.56,1005.26,153.3,1,LOW
2026-09-10T14:32:47.214+08:00,RUN_20260910_142922,68,270042,SESSION_001,1,0,8190,4,25.67,69.54,1005.26,180.0,1,LOW
2026-09-10T14:32:48.399+08:00,RUN_20260910_142922,69,271227,SESSION_001,0,0,8190,4,25.66,69.54,1005.26,170.0,1,LOW
2026-09-10T14:32:49.222+08:00,RUN_20260910_142922,70,272050,SESSION_001,0,1,8190,4,25.66,69.53,1005.26,185.8,1,LOW
2026-09-10T14:32:50.225+08:00,RUN_20260910_142922,71,273053,SESSION_001,1,0,8190,4,25.66,69.53,1005.26,186.7,1,LOW
2026-09-10T14:32:51.228+08:00,RUN_20260910_142922,72,274056,SESSION_001,1,0,8190,4,25.66,69.54,1005.26,186.7,1,LOW
2026-09-10T14:32:52.413+08:00,RUN_20260910_142922,73,275241,SESSION_001,1,0,8190,4,25.65,69.52,1005.26,184.2,1,LOW
2026-09-10T14:32:53.236+08:00,RUN_20260910_142922,74,276064,SESSION_001,1,1,8190,4,25.65,69.50,1005.26,179.2,1,LOW
2026-09-10T14:32:54.239+08:00,RUN_20260910_142922,75,277067,SESSION_001,0,0,8190,4,25.65,69.51,1005.26,176.7,1,LOW
2026-09-10T14:32:55.242+08:00,RUN_20260910_142922,76,278070,SESSION_001,0,0,8190,4,25.65,69.52,1005.25,176.7,1,LOW
2026-09-10T14:32:56.245+08:00,RUN_20260910_142922,77,279073,SESSION_001,1,1,8190,4,25.64,69.51,1005.25,176.7,1,LOW
2026-09-10T14:32:57.248+08:00,RUN_20260910_142922,78,280076,SESSION_001,1,0,8190,4,25.64,69.52,1005.25,177.5,1,LOW
2026-09-10T14:32:58.251+08:00,RUN_20260910_142922,79,281079,SESSION_001,0,0,8190,4,25.64,69.58,1005.25,178.3,1,LOW
2026-09-10T14:32:59.254+08:00,RUN_20260910_142922,80,282082,SESSION_001,1,0,8190,4,25.64,69.49,1005.25,178.3,1,LOW
2026-09-10T14:33:00.257+08:00,RUN_20260910_142922,81,283085,SESSION_001,1,1,8190,4,25.64,69.53,1005.25,178.3,1,LOW
2026-09-10T14:33:01.260+08:00,RUN_20260910_142922,82,284088,SESSION_001,1,0,8190,4,25.63,69.60,1005.25,178.3,1,LOW
2026-09-10T14:33:02.263+08:00,RUN_20260910_142922,83,285091,SESSION_001,0,0,8190,4,25.63,69.65,1005.25,178.3,1,LOW
2026-09-10T14:33:03.266+08:00,RUN_20260910_142922,84,286094,SESSION_001,0,1,8190,4,25.63,69.73,1005.25,178.3,1,LOW
2026-09-10T14:33:04.269+08:00,RUN_20260910_142922,85,287097,SESSION_001,1,0,8190,4,25.63,69.63,1005.25,179.2,1,LOW
2026-09-10T14:33:05.272+08:00,RUN_20260910_142922,86,288100,SESSION_001,1,0,8190,4,25.63,69.63,1005.24,175.8,1,LOW
2026-09-10T14:33:06.275+08:00,RUN_20260910_142922,87,289103,SESSION_001,0,1,8190,4,25.62,69.68,1005.24,192.5,1,LOW
2026-09-10T14:33:07.278+08:00,RUN_20260910_142922,88,290106,SESSION_001,0,0,8190,4,25.62,69.60,1005.24,193.3,1,LOW
2026-09-10T14:33:08.281+08:00,RUN_20260910_142922,89,291109,SESSION_001,1,0,8190,4,25.62,69.59,1005.24,192.5,1,LOW
2026-09-10T14:33:09.466+08:00,RUN_20260910_142922,90,292294,SESSION_001,1,1,8190,4,25.62,69.62,1005.24,192.5,1,LOW
2026-09-10T14:33:10.471+08:00,RUN_20260910_142922,91,293299,SESSION_001,0,1,8190,4,25.62,69.64,1005.24,192.5,1,LOW
2026-09-10T14:33:11.294+08:00,RUN_20260910_142922,92,294122,SESSION_001,0,0,8190,4,25.62,69.69,1005.24,192.5,1,LOW
2026-09-10T14:33:12.297+08:00,RUN_20260910_142922,93,295125,SESSION_001,1,0,8190,4,25.61,69.68,1005.24,193.3,1,LOW
2026-09-10T14:33:13.300+08:00,RUN_20260910_142922,94,296128,SESSION_001,0,1,8190,4,25.61,69.77,1005.23,193.3,1,LOW
2026-09-10T14:33:14.303+08:00,RUN_20260910_142922,95,297131,SESSION_001,0,0,8190,4,25.61,69.68,1005.24,193.3,1,LOW
2026-09-10T14:33:15.306+08:00,RUN_20260910_142922,96,298134,SESSION_001,1,0,8190,4,25.61,69.64,1005.23,192.5,1,LOW
2026-09-10T14:33:16.309+08:00,RUN_20260910_142922,97,299137,SESSION_001,1,1,8190,4,25.61,69.63,1005.23,193.3,1,LOW
2026-09-10T14:33:17.312+08:00,RUN_20260910_142922,98,300140,SESSION_001,0,0,8190,4,25.61,69.72,1005.23,193.3,1,LOW
2026-09-10T14:33:18.315+08:00,RUN_20260910_142922,99,301143,SESSION_001,0,0,8190,4,25.60,69.69,1005.23,193.3,1,LOW
2026-09-10T14:33:19.318+08:00,RUN_20260910_142922,100,302146,SESSION_001,1,1,8190,4,25.60,69.71,1005.23,193.3,1,LOW
2026-09-10T14:33:20.321+08:00,RUN_20260910_142922,101,303149,SESSION_001,1,0,8190,4,25.60,69.64,1005.23,192.5,1,LOW
2026-09-10T14:33:21.324+08:00,RUN_20260910_142922,102,304152,SESSION_001,0,0,8190,4,25.60,69.64,1005.23,193.3,1,LOW
2026-09-10T14:33:22.327+08:00,RUN_20260910_142922,103,305155,SESSION_001,0,1,8190,4,25.60,69.62,1005.23,192.5,1,LOW
2026-09-10T14:33:23.330+08:00,RUN_20260910_142922,104,306158,SESSION_001,1,0,8190,4,25.60,69.64,1005.23,192.5,1,LOW
2026-09-10T14:33:24.333+08:00,RUN_20260910_142922,105,307161,SESSION_001,1,0,8190,4,25.60,69.63,1005.23,192.5,1,LOW
2026-09-10T14:33:25.336+08:00,RUN_20260910_142922,106,308164,SESSION_001,1,0,8190,4,25.60,69.71,1005.23,193.3,1,LOW
2026-09-10T14:33:26.339+08:00,RUN_20260910_142922,107,309167,SESSION_001,0,0,8190,4,25.60,69.72,1005.23,193.3,1,LOW
2026-09-10T14:33:27.342+08:00,RUN_20260910_142922,108,310170,SESSION_001,0,0,8190,4,25.60,69.63,1005.23,162.5,1,LOW
2026-09-10T14:33:28.345+08:00,RUN_20260910_142922,109,311173,SESSION_001,1,1,8190,4,25.60,69.65,1005.23,163.3,1,LOW
2026-09-10T14:33:29.348+08:00,RUN_20260910_142922,110,312176,SESSION_001,1,1,8190,4,25.60,69.64,1005.23,163.3,1,LOW
2026-09-10T14:33:30.351+08:00,RUN_20260910_142922,111,313179,SESSION_001,0,0,8190,4,25.59,70.22,1005.23,154.2,1,LOW
2026-09-10T14:33:31.354+08:00,RUN_20260910_142922,112,314182,SESSION_001,0,0,8190,4,25.60,70.79,1005.23,154.2,1,LOW
2026-09-10T14:33:32.357+08:00,RUN_20260910_142922,113,315185,SESSION_001,1,1,8190,4,25.59,70.78,1005.23,157.5,1,LOW
2026-09-10T14:33:33.360+08:00,RUN_20260910_142922,114,316188,SESSION_001,1,1,8190,4,25.59,71.29,1005.23,156.7,1,LOW
2026-09-10T14:33:34.363+08:00,RUN_20260910_142922,115,317191,SESSION_001,1,0,8190,4,25.59,71.23,1005.23,154.2,1,LOW
2026-09-10T14:33:35.366+08:00,RUN_20260910_142922,116,318194,SESSION_001,0,0,8190,4,25.59,71.00,1005.23,153.3,1,LOW
2026-09-10T14:33:36.369+08:00,RUN_20260910_142922,117,319197,SESSION_001,0,1,8190,4,25.59,70.84,1005.23,154.2,1,LOW
2026-09-10T14:33:37.554+08:00,RUN_20260910_142922,118,320382,SESSION_001,1,0,8190,4,25.59,70.70,1005.23,156.7,1,LOW
2026-09-10T14:33:38.377+08:00,RUN_20260910_142922,119,321205,SESSION_001,1,0,8190,4,25.59,70.67,1005.23,154.2,1,LOW
2026-09-10T14:33:39.380+08:00,RUN_20260910_142922,120,322208,SESSION_001,1,1,8190,4,25.59,70.52,1005.23,154.2,1,LOW
2026-09-10T14:33:40.383+08:00,RUN_20260910_142922,121,323211,SESSION_001,0,1,8190,4,25.59,70.52,1005.23,154.2,1,LOW
2026-09-10T14:33:41.386+08:00,RUN_20260910_142922,122,324214,SESSION_001,0,1,8190,4,25.60,70.42,1005.23,158.3,1,LOW
2026-09-10T14:33:42.389+08:00,RUN_20260910_142922,123,325217,SESSION_001,1,0,8190,4,25.60,70.66,1005.23,154.2,1,LOW
2026-09-10T14:33:43.392+08:00,RUN_20260910_142922,124,326220,SESSION_001,0,0,8190,4,25.60,70.45,1005.23,155.0,1,LOW
2026-09-10T14:33:44.577+08:00,RUN_20260910_142922,125,327405,SESSION_001,0,1,8190,4,25.60,70.38,1005.23,154.2,1,LOW
2026-09-10T14:33:45.400+08:00,RUN_20260910_142922,126,328228,SESSION_001,1,0,8190,4,25.60,70.84,1005.23,154.2,1,LOW
2026-09-10T14:33:46.403+08:00,RUN_20260910_142922,127,329231,SESSION_001,1,0,8190,4,25.60,70.92,1005.23,154.2,1,LOW
2026-09-10T14:33:47.406+08:00,RUN_20260910_142922,128,330234,SESSION_001,0,1,8190,4,25.60,70.77,1005.23,156.7,1,LOW
2026-09-10T14:33:48.409+08:00,RUN_20260910_142922,129,331237,SESSION_001,0,1,8190,4,25.60,71.09,1005.23,174.2,1,LOW
2026-09-10T14:33:49.594+08:00,RUN_20260910_142922,130,332422,SESSION_001,1,0,8190,4,25.60,71.22,1005.23,177.5,1,LOW
2026-09-10T14:33:50.417+08:00,RUN_20260910_142922,131,333245,SESSION_001,1,0,8190,4,25.60,70.89,1005.22,179.2,1,LOW
2026-09-10T14:33:51.420+08:00,RUN_20260910_142922,132,334248,SESSION_001,1,1,8190,4,25.60,70.53,1005.22,179.2,1,LOW
2026-09-10T14:33:52.423+08:00,RUN_20260910_142922,133,335251,SESSION_001,0,0,8190,4,25.60,70.38,1005.23,178.3,1,LOW
2026-09-10T14:33:53.426+08:00,RUN_20260910_142922,134,336254,SESSION_001,0,0,8190,4,25.60,70.33,1005.22,173.3,1,LOW
2026-09-10T14:33:54.429+08:00,RUN_20260910_142922,135,337257,SESSION_001,1,1,8190,4,25.60,70.33,1005.22,179.2,1,LOW
2026-09-10T14:33:55.432+08:00,RUN_20260910_142922,136,338260,SESSION_001,1,0,8190,4,25.60,70.32,1005.22,175.8,1,LOW
2026-09-10T14:33:56.435+08:00,RUN_20260910_142922,137,339263,SESSION_001,0,0,8190,4,25.60,70.22,1005.22,175.0,1,LOW
2026-09-10T14:33:57.438+08:00,RUN_20260910_142922,138,340266,SESSION_001,0,0,8190,4,25.60,70.15,1005.22,175.8,1,LOW
2026-09-10T14:33:58.441+08:00,RUN_20260910_142922,139,341269,SESSION_001,1,1,8190,4,25.60,69.91,1005.22,171.7,1,LOW
2026-09-10T14:33:59.444+08:00,RUN_20260910_142922,140,342272,SESSION_001,1,0,8190,4,25.60,69.86,1005.22,169.2,1,LOW
2026-09-10T14:34:00.447+08:00,RUN_20260910_142922,141,343275,SESSION_001,0,0,8190,4,25.60,69.92,1005.22,167.5,1,LOW
2026-09-10T14:34:01.632+08:00,RUN_20260910_142922,142,344460,SESSION_001,0,1,8190,4,25.60,69.81,1005.22,168.3,1,LOW
2026-09-10T14:34:02.455+08:00,RUN_20260910_142922,143,345283,SESSION_001,1,0,8190,4,25.59,69.76,1005.22,168.3,1,LOW
2026-09-10T14:34:03.458+08:00,RUN_20260910_142922,144,346286,SESSION_001,1,0,8190,4,25.59,69.78,1005.22,166.7,1,LOW
2026-09-10T14:34:04.461+08:00,RUN_20260910_142922,145,347289,SESSION_001,0,1,8190,4,25.59,69.83,1005.22,167.5,1,LOW
2026-09-10T14:34:05.464+08:00,RUN_20260910_142922,146,348292,SESSION_001,1,1,8190,4,25.59,69.86,1005.22,167.5,1,LOW
2026-09-10T14:34:06.467+08:00,RUN_20260910_142922,147,349295,SESSION_001,1,0,8190,4,25.59,69.80,1005.22,170.0,1,LOW
2026-09-10T14:34:07.652+08:00,RUN_20260910_142922,148,350480,SESSION_001,1,0,8190,4,25.59,69.78,1005.22,169.2,1,LOW
2026-09-10T14:34:08.475+08:00,RUN_20260910_142922,149,351303,SESSION_001,1,0,8190,4,25.59,69.76,1005.22,168.3,1,LOW
2026-09-10T14:34:09.478+08:00,RUN_20260910_142922,150,352306,SESSION_001,0,1,8190,4,25.59,69.79,1005.22,173.3,1,LOW
2026-09-10T14:34:10.481+08:00,RUN_20260910_142922,151,353309,SESSION_001,0,0,8190,4,25.59,69.76,1005.22,174.2,1,LOW
2026-09-10T14:34:11.484+08:00,RUN_20260910_142922,152,354312,SESSION_001,1,0,8190,4,25.59,69.69,1005.22,173.3,1,LOW
2026-09-10T14:34:12.487+08:00,RUN_20260910_142922,153,355315,SESSION_001,1,1,8190,4,25.59,69.67,1005.22,176.7,1,LOW
2026-09-10T14:34:13.490+08:00,RUN_20260910_142922,154,356318,SESSION_001,0,0,8190,4,25.59,69.63,1005.21,171.7,1,LOW
2026-09-10T14:34:14.493+08:00,RUN_20260910_142922,155,357321,SESSION_001,1,0,8190,4,25.59,69.72,1005.21,170.8,1,LOW
2026-09-10T14:34:15.496+08:00,RUN_20260910_142922,156,358324,SESSION_001,1,1,8190,4,25.59,69.72,1005.21,171.7,1,LOW
2026-09-10T14:34:16.499+08:00,RUN_20260910_142922,157,359327,SESSION_001,0,1,8190,4,25.59,69.72,1005.21,166.7,1,LOW
2026-09-10T14:34:17.502+08:00,RUN_20260910_142922,158,360330,SESSION_001,0,0,8190,4,25.59,69.78,1005.21,166.7,1,LOW
2026-09-10T14:34:18.505+08:00,RUN_20260910_142922,159,361333,SESSION_001,1,0,8190,4,25.59,69.75,1005.21,168.3,1,LOW
2026-09-10T14:34:19.508+08:00,RUN_20260910_142922,160,362336,SESSION_001,1,0,8190,4,25.59,69.77,1005.21,168.3,1,LOW
2026-09-10T14:34:20.511+08:00,RUN_20260910_142922,161,363339,SESSION_001,1,0,8190,4,25.59,69.69,1005.21,163.3,1,LOW
2026-09-10T14:34:21.696+08:00,RUN_20260910_142922,162,364524,SESSION_001,0,1,8190,4,25.59,69.73,1005.21,165.0,1,LOW
2026-09-10T14:34:22.519+08:00,RUN_20260910_142922,163,365347,SESSION_001,0,1,8190,4,25.59,69.80,1005.21,165.0,1,LOW
2026-09-10T14:34:23.522+08:00,RUN_20260910_142922,164,366350,SESSION_001,1,0,8190,4,25.59,69.75,1005.21,170.8,1,LOW
2026-09-10T14:34:24.525+08:00,RUN_20260910_142922,165,367353,SESSION_001,0,0,8190,4,25.59,69.76,1005.21,170.8,1,LOW
2026-09-10T14:34:25.528+08:00,RUN_20260910_142922,166,368356,SESSION_001,0,1,8190,4,25.59,69.82,1005.21,172.5,1,LOW
2026-09-10T14:34:26.531+08:00,RUN_20260910_142922,167,369359,SESSION_001,1,0,8190,4,25.59,69.71,1005.21,173.3,1,LOW
2026-09-10T14:34:27.534+08:00,RUN_20260910_142922,168,370362,SESSION_001,1,0,8190,4,25.59,69.72,1005.21,174.2,1,LOW
2026-09-10T14:34:28.537+08:00,RUN_20260910_142922,169,371365,SESSION_001,0,1,8190,4,25.59,69.60,1005.21,175.0,1,LOW
2026-09-10T14:34:29.540+08:00,RUN_20260910_142922,170,372368,SESSION_001,0,0,8190,4,25.59,69.60,1005.21,176.7,1,LOW
2026-09-10T14:34:30.543+08:00,RUN_20260910_142922,171,373371,SESSION_001,1,0,8190,4,25.59,69.60,1005.21,177.5,1,LOW
2026-09-10T14:34:31.546+08:00,RUN_20260910_142922,172,374374,SESSION_001,1,1,8190,4,25.59,69.62,1005.21,177.5,1,LOW
2026-09-10T14:34:32.549+08:00,RUN_20260910_142922,173,375377,SESSION_001,1,0,8190,4,25.59,69.71,1005.21,175.8,1,LOW
2026-09-10T14:34:33.552+08:00,RUN_20260910_142922,174,376380,SESSION_001,0,0,8190,4,25.59,69.73,1005.21,175.8,1,LOW
2026-09-10T14:34:34.555+08:00,RUN_20260910_142922,175,377383,SESSION_001,0,1,8190,4,25.59,69.71,1005.21,167.5,1,LOW
2026-09-10T14:34:35.558+08:00,RUN_20260910_142922,176,378386,SESSION_001,1,1,8190,4,25.59,69.66,1005.21,173.3,1,LOW
2026-09-10T14:34:36.743+08:00,RUN_20260910_142922,177,379571,SESSION_001,1,0,8190,4,25.59,69.73,1005.21,175.8,1,LOW
2026-09-10T14:34:37.566+08:00,RUN_20260910_142922,178,380394,SESSION_001,1,0,8190,4,25.59,69.80,1005.21,180.0,1,LOW
2026-09-10T14:34:38.569+08:00,RUN_20260910_142922,179,381397,SESSION_001,0,1,8190,4,25.59,69.86,1005.20,178.3,1,LOW
2026-09-10T14:34:39.572+08:00,RUN_20260910_142922,180,382400,SESSION_001,0,0,8190,4,25.59,69.86,1005.20,179.2,1,LOW
2026-09-10T14:34:40.575+08:00,RUN_20260910_142922,181,383403,SESSION_001,1,0,8190,4,25.59,69.84,1005.20,175.8,1,LOW
2026-09-10T14:34:41.578+08:00,RUN_20260910_142922,182,384406,SESSION_001,1,1,8190,4,25.59,69.91,1005.20,174.2,1,LOW
2026-09-10T14:34:42.581+08:00,RUN_20260910_142922,183,385409,SESSION_001,1,1,8190,4,25.59,69.90,1005.21,175.8,1,LOW
2026-09-10T14:34:43.584+08:00,RUN_20260910_142922,184,386412,SESSION_001,0,0,8190,4,25.59,69.80,1005.21,175.0,1,LOW
2026-09-10T14:34:44.769+08:00,RUN_20260910_142922,185,387597,SESSION_001,0,0,8190,4,25.59,69.85,1005.21,174.2,1,LOW
2026-09-10T14:34:45.774+08:00,RUN_20260910_142922,186,388602,SESSION_001,1,1,8190,4,25.59,69.84,1005.21,173.3,1,LOW
2026-09-10T14:34:46.597+08:00,RUN_20260910_142922,187,389425,SESSION_001,1,0,8190,4,25.59,69.80,1005.21,178.3,1,LOW
2026-09-10T14:34:47.600+08:00,RUN_20260910_142922,188,390428,SESSION_001,0,0,8190,4,25.59,69.76,1005.21,175.0,1,LOW
2026-09-10T14:34:48.603+08:00,RUN_20260910_142922,189,391431,SESSION_001,0,1,8190,4,25.59,69.77,1005.21,173.3,1,LOW
2026-09-10T14:34:49.606+08:00,RUN_20260910_142922,190,392434,SESSION_001,1,0,8190,4,25.59,69.80,1005.20,172.5,1,LOW
2026-09-10T14:34:50.609+08:00,RUN_20260910_142922,191,393437,SESSION_001,1,0,8190,4,25.58,69.71,1005.20,165.8,1,LOW
2026-09-10T14:34:51.612+08:00,RUN_20260910_142922,192,394440,SESSION_001,1,1,8190,4,25.58,69.67,1005.20,166.7,1,LOW
2026-09-10T14:34:52.615+08:00,RUN_20260910_142922,193,395443,SESSION_001,0,1,8190,4,25.58,69.66,1005.20,166.7,1,LOW
2026-09-10T14:34:53.618+08:00,RUN_20260910_142922,194,396446,SESSION_001,0,0,8190,4,25.58,69.70,1005.20,171.7,1,LOW
2026-09-10T14:34:54.621+08:00,RUN_20260910_142922,195,397449,SESSION_001,1,0,8190,4,25.58,69.73,1005.20,174.2,1,LOW
2026-09-10T14:34:55.624+08:00,RUN_20260910_142922,196,398452,SESSION_001,1,1,8190,4,25.58,69.78,1005.20,175.0,1,LOW
2026-09-10T14:34:56.627+08:00,RUN_20260910_142922,197,399455,SESSION_001,1,0,8190,4,25.58,70.30,1005.20,175.0,1,LOW
2026-09-10T14:34:57.630+08:00,RUN_20260910_142922,198,400458,SESSION_001,0,0,8190,4,25.58,70.19,1005.21,175.0,1,LOW
2026-09-10T14:34:58.633+08:00,RUN_20260910_142922,199,401461,SESSION_001,0,1,8190,4,25.58,70.04,1005.20,173.3,1,LOW
2026-09-10T14:34:59.636+08:00,RUN_20260910_142922,200,402464,SESSION_001,1,1,8190,4,25.58,69.97,1005.21,173.3,1,LOW
2026-09-10T14:35:00.639+08:00,RUN_20260910_142922,201,403467,SESSION_001,0,0,8190,4,25.58,69.93,1005.20,173.3,1,LOW
2026-09-10T14:35:01.642+08:00,RUN_20260910_142922,202,404470,SESSION_001,0,0,8190,4,25.58,69.91,1005.20,172.5,1,LOW
2026-09-10T14:35:02.645+08:00,RUN_20260910_142922,203,405473,SESSION_001,1,0,8190,4,25.58,69.92,1005.20,171.7,1,LOW
2026-09-10T14:35:03.830+08:00,RUN_20260910_142922,204,406658,SESSION_001,1,1,50,0,25.58,69.90,1005.20,154.2,1,LOW
2026-09-10T14:35:04.835+08:00,RUN_20260910_142922,205,407663,SESSION_001,1,0,65,0,25.58,69.97,1005.20,117.5,1,LOW
2026-09-10T14:35:05.840+08:00,RUN_20260910_142922,206,408668,SESSION_001,1,0,35,0,25.58,70.66,1005.20,91.7,1,LOW
