timestamp,run_id,sequence,mcu_time_ms,session_id,pir_1,pir_2,tof_mm,tof_status,temperature_c,humidity_percent,pressure_hpa,light_lux,sample_valid,occupancy_label,source_file,original_session_id,recording_id,occupant_count,ac_on,light_on,segment_number,segment_id,tof_mm_raw,tof_valid,tof_imputed,rejection_reason
2026-09-13 04:16:56.614000+00:00,RUN_20260913_121444,1,226585,S01_EMPTY_ACOFF_LIGHTOFF__RUN_20260913_121444__SESSION_001,0,0,27.0,0,32.39,65.49,1007.57,3.3,1,EMPTY,S01_EMPTY_ACOFF_LIGHTOFF,SESSION_001,S01_EMPTY_ACOFF_LIGHTOFF,0,0,0,1,S01_EMPTY_ACOFF_LIGHTOFF__RUN_20260913_121444__SESSION_001__SEG_01,27,1,False,edge_trim
2026-09-13 04:16:57.619000+00:00,RUN_20260913_121444,2,227590,S01_EMPTY_ACOFF_LIGHTOFF__RUN_20260913_121444__SESSION_001,0,0,169.0,0,32.39,66.7,1007.57,4.2,1,EMPTY,S01_EMPTY_ACOFF_LIGHTOFF,SESSION_001,S01_EMPTY_ACOFF_LIGHTOFF,0,0,0,1,S01_EMPTY_ACOFF_LIGHTOFF__RUN_20260913_121444__SESSION_001__SEG_01,169,1,False,edge_trim
2026-09-13 04:16:58.624000+00:00,RUN_20260913_121444,3,228595,S01_EMPTY_ACOFF_LIGHTOFF__RUN_20260913_121444__SESSION_001,1,0,2000.0,4,32.39,67.07,1007.57,5.0,1,EMPTY,S01_EMPTY_ACOFF_LIGHTOFF,SESSION_001,S01_EMPTY_ACOFF_LIGHTOFF,0,0,0,1,S01_EMPTY_ACOFF_LIGHTOFF__RUN_20260913_121444__SESSION_001__SEG_01,8190,0,False,edge_trim
2026-09-13 04:16:59.629000+00:00,RUN_20260913_121444,4,229600,S01_EMPTY_ACOFF_LIGHTOFF__RUN_20260913_121444__SESSION_001,0,0,2000.0,4,32.39,66.27,1007.57,5.8,1,EMPTY,S01_EMPTY_ACOFF_LIGHTOFF,SESSION_001,S01_EMPTY_ACOFF_LIGHTOFF,0,0,0,1,S01_EMPTY_ACOFF_LIGHTOFF__RUN_20260913_121444__SESSION_001__SEG_01,8190,0,False,edge_trim
2026-09-13 04:17:00.634000+00:00,RUN_20260913_121444,5,230605,S01_EMPTY_ACOFF_LIGHTOFF__RUN_20260913_121444__SESSION_001,0,0,2000.0,4,32.39,65.68,1007.57,5.8,1,EMPTY,S01_EMPTY_ACOFF_LIGHTOFF,SESSION_001,S01_EMPTY_ACOFF_LIGHTOFF,0,0,0,1,S01_EMPTY_ACOFF_LIGHTOFF__RUN_20260913_121444__SESSION_001__SEG_01,8190,0,False,edge_trim
2026-09-13 04:17:01.457000+00:00,RUN_20260913_121444,6,231428,S01_EMPTY_ACOFF_LIGHTOFF__RUN_20260913_121444__SESSION_001,1,0,2000.0,4,32.39,65.5,1007.56,5.8,1,EMPTY,S01_EMPTY_ACOFF_LIGHTOFF,SESSION_001,S01_EMPTY_ACOFF_LIGHTOFF,0,0,0,1,S01_EMPTY_ACOFF_LIGHTOFF__RUN_20260913_121444__SESSION_001__SEG_01,8190,0,False,edge_trim
2026-09-13 04:24:08.418000+00:00,RUN_20260913_121444,431,658389,S01_EMPTY_ACOFF_LIGHTOFF__RUN_20260913_121444__SESSION_001,1,0,2000.0,4,32.43,64.1,1007.5,6.7,1,EMPTY,S01_EMPTY_ACOFF_LIGHTOFF,SESSION_001,S01_EMPTY_ACOFF_LIGHTOFF,0,0,0,1,S01_EMPTY_ACOFF_LIGHTOFF__RUN_20260913_121444__SESSION_001__SEG_01,8190,0,False,edge_trim
2026-09-13 04:24:09.423000+00:00,RUN_20260913_121444,432,659394,S01_EMPTY_ACOFF_LIGHTOFF__RUN_20260913_121444__SESSION_001,1,0,74.0,0,32.43,64.06,1007.5,5.8,1,EMPTY,S01_EMPTY_ACOFF_LIGHTOFF,SESSION_001,S01_EMPTY_ACOFF_LIGHTOFF,0,0,0,1,S01_EMPTY_ACOFF_LIGHTOFF__RUN_20260913_121444__SESSION_001__SEG_01,74,1,False,edge_trim
2026-09-13 04:24:10.428000+00:00,RUN_20260913_121444,433,660399,S01_EMPTY_ACOFF_LIGHTOFF__RUN_20260913_121444__SESSION_001,0,0,32.0,0,32.43,64.04,1007.5,5.0,1,EMPTY,S01_EMPTY_ACOFF_LIGHTOFF,SESSION_001,S01_EMPTY_ACOFF_LIGHTOFF,0,0,0,1,S01_EMPTY_ACOFF_LIGHTOFF__RUN_20260913_121444__SESSION_001__SEG_01,32,1,False,edge_trim
2026-09-13 04:24:11.433000+00:00,RUN_20260913_121444,434,661404,S01_EMPTY_ACOFF_LIGHTOFF__RUN_20260913_121444__SESSION_001,0,0,33.0,0,32.43,64.01,1007.5,5.0,1,EMPTY,S01_EMPTY_ACOFF_LIGHTOFF,SESSION_001,S01_EMPTY_ACOFF_LIGHTOFF,0,0,0,1,S01_EMPTY_ACOFF_LIGHTOFF__RUN_20260913_121444__SESSION_001__SEG_01,33,1,False,edge_trim
2026-09-13 04:24:12.438000+00:00,RUN_20260913_121444,435,662409,S01_EMPTY_ACOFF_LIGHTOFF__RUN_20260913_121444__SESSION_001,0,0,82.0,0,32.43,64.05,1007.5,5.0,1,EMPTY,S01_EMPTY_ACOFF_LIGHTOFF,SESSION_001,S01_EMPTY_ACOFF_LIGHTOFF,0,0,0,1,S01_EMPTY_ACOFF_LIGHTOFF__RUN_20260913_121444__SESSION_001__SEG_01,82,1,False,edge_trim
2026-09-13 04:24:13.443000+00:00,RUN_20260913_121444,436,663414,S01_EMPTY_ACOFF_LIGHTOFF__RUN_20260913_121444__SESSION_001,1,0,78.0,0,32.43,64.13,1007.5,5.0,1,EMPTY,S01_EMPTY_ACOFF_LIGHTOFF,SESSION_001,S01_EMPTY_ACOFF_LIGHTOFF,0,0,0,1,S01_EMPTY_ACOFF_LIGHTOFF__RUN_20260913_121444__SESSION_001__SEG_01,78,1,False,edge_trim
2026-09-13 04:24:14.448000+00:00,RUN_20260913_121444,437,664419,S01_EMPTY_ACOFF_LIGHTOFF__RUN_20260913_121444__SESSION_001,0,0,24.0,0,32.43,64.73,1007.5,5.0,1,EMPTY,S01_EMPTY_ACOFF_LIGHTOFF,SESSION_001,S01_EMPTY_ACOFF_LIGHTOFF,0,0,0,1,S01_EMPTY_ACOFF_LIGHTOFF__RUN_20260913_121444__SESSION_001__SEG_01,24,1,False,edge_trim
2026-09-13 04:24:15.453000+00:00,RUN_20260913_121444,438,665424,S01_EMPTY_ACOFF_LIGHTOFF__RUN_20260913_121444__SESSION_001,0,0,31.0,0,32.43,66.41,1007.5,5.0,1,EMPTY,S01_EMPTY_ACOFF_LIGHTOFF,SESSION_001,S01_EMPTY_ACOFF_LIGHTOFF,0,0,0,1,S01_EMPTY_ACOFF_LIGHTOFF__RUN_20260913_121444__SESSION_001__SEG_01,31,1,False,edge_trim
2026-09-13 04:24:16.458000+00:00,RUN_20260913_121444,439,666429,S01_EMPTY_ACOFF_LIGHTOFF__RUN_20260913_121444__SESSION_001,0,0,35.0,0,32.43,67.37,1007.5,5.0,1,EMPTY,S01_EMPTY_ACOFF_LIGHTOFF,SESSION_001,S01_EMPTY_ACOFF_LIGHTOFF,0,0,0,1,S01_EMPTY_ACOFF_LIGHTOFF__RUN_20260913_121444__SESSION_001__SEG_01,35,1,False,edge_trim
2026-09-13 04:24:17.463000+00:00,RUN_20260913_121444,440,667434,S01_EMPTY_ACOFF_LIGHTOFF__RUN_20260913_121444__SESSION_001,1,0,21.0,0,32.43,67.46,1007.5,5.0,1,EMPTY,S01_EMPTY_ACOFF_LIGHTOFF,SESSION_001,S01_EMPTY_ACOFF_LIGHTOFF,0,0,0,1,S01_EMPTY_ACOFF_LIGHTOFF__RUN_20260913_121444__SESSION_001__SEG_01,21,1,False,edge_trim
2026-09-13 04:24:18.468000+00:00,RUN_20260913_121444,441,668439,S01_EMPTY_ACOFF_LIGHTOFF__RUN_20260913_121444__SESSION_001,0,0,2000.0,4,32.44,66.93,1007.5,5.8,1,EMPTY,S01_EMPTY_ACOFF_LIGHTOFF,SESSION_001,S01_EMPTY_ACOFF_LIGHTOFF,0,0,0,1,S01_EMPTY_ACOFF_LIGHTOFF__RUN_20260913_121444__SESSION_001__SEG_01,8190,0,False,edge_trim
2026-09-13 04:24:19.473000+00:00,RUN_20260913_121444,442,669444,S01_EMPTY_ACOFF_LIGHTOFF__RUN_20260913_121444__SESSION_001,1,0,2000.0,4,32.44,67.16,1007.5,5.8,1,EMPTY,S01_EMPTY_ACOFF_LIGHTOFF,SESSION_001,S01_EMPTY_ACOFF_LIGHTOFF,0,0,0,1,S01_EMPTY_ACOFF_LIGHTOFF__RUN_20260913_121444__SESSION_001__SEG_01,8190,0,False,edge_trim
2026-09-13 04:24:20.296000+00:00,RUN_20260913_121444,443,670267,S01_EMPTY_ACOFF_LIGHTOFF__RUN_20260913_121444__SESSION_001,0,0,2000.0,4,32.44,67.0,1007.5,6.7,1,EMPTY,S01_EMPTY_ACOFF_LIGHTOFF,SESSION_001,S01_EMPTY_ACOFF_LIGHTOFF,0,0,0,1,S01_EMPTY_ACOFF_LIGHTOFF__RUN_20260913_121444__SESSION_001__SEG_01,8190,0,False,edge_trim
2026-09-13 04:24:21.299000+00:00,RUN_20260913_121444,444,671270,S01_EMPTY_ACOFF_LIGHTOFF__RUN_20260913_121444__SESSION_001,0,0,2000.0,4,32.44,66.28,1007.5,5.8,1,EMPTY,S01_EMPTY_ACOFF_LIGHTOFF,SESSION_001,S01_EMPTY_ACOFF_LIGHTOFF,0,0,0,1,S01_EMPTY_ACOFF_LIGHTOFF__RUN_20260913_121444__SESSION_001__SEG_01,8190,0,False,edge_trim
2026-09-13 04:24:22.484000+00:00,RUN_20260913_121444,445,672455,S01_EMPTY_ACOFF_LIGHTOFF__RUN_20260913_121444__SESSION_001,0,0,180.0,0,32.44,65.55,1007.5,5.8,1,EMPTY,S01_EMPTY_ACOFF_LIGHTOFF,SESSION_001,S01_EMPTY_ACOFF_LIGHTOFF,0,0,0,1,S01_EMPTY_ACOFF_LIGHTOFF__RUN_20260913_121444__SESSION_001__SEG_01,180,1,False,edge_trim
2026-09-13 04:24:23.489000+00:00,RUN_20260913_121444,446,673460,S01_EMPTY_ACOFF_LIGHTOFF__RUN_20260913_121444__SESSION_001,1,0,36.0,0,32.44,65.15,1007.5,5.0,1,EMPTY,S01_EMPTY_ACOFF_LIGHTOFF,SESSION_001,S01_EMPTY_ACOFF_LIGHTOFF,0,0,0,1,S01_EMPTY_ACOFF_LIGHTOFF__RUN_20260913_121444__SESSION_001__SEG_01,36,1,False,edge_trim
2026-09-13 04:33:26.588000+00:00,RUN_20260913_121444,1,1216559,S02_EMPTY_ACOFF_LIGHTON__RUN_20260913_121444__SESSION_002,1,0,41.0,0,32.55,66.84,1007.35,40.0,1,EMPTY,S02_EMPTY_ACOFF_LIGHTON,SESSION_002,S02_EMPTY_ACOFF_LIGHTON,0,0,1,1,S02_EMPTY_ACOFF_LIGHTON__RUN_20260913_121444__SESSION_002__SEG_01,41,1,False,edge_trim
2026-09-13 04:33:27.411000+00:00,RUN_20260913_121444,2,1217382,S02_EMPTY_ACOFF_LIGHTON__RUN_20260913_121444__SESSION_002,0,0,2000.0,4,32.55,68.6,1007.35,42.5,1,EMPTY,S02_EMPTY_ACOFF_LIGHTON,SESSION_002,S02_EMPTY_ACOFF_LIGHTON,0,0,1,1,S02_EMPTY_ACOFF_LIGHTON__RUN_20260913_121444__SESSION_002__SEG_01,8190,0,False,edge_trim
2026-09-13 04:33:28.414000+00:00,RUN_20260913_121444,3,1218385,S02_EMPTY_ACOFF_LIGHTON__RUN_20260913_121444__SESSION_002,0,0,2000.0,4,32.56,69.42,1007.35,45.0,1,EMPTY,S02_EMPTY_ACOFF_LIGHTON,SESSION_002,S02_EMPTY_ACOFF_LIGHTON,0,0,1,1,S02_EMPTY_ACOFF_LIGHTON__RUN_20260913_121444__SESSION_002__SEG_01,8190,0,False,edge_trim
2026-09-13 04:33:29.417000+00:00,RUN_20260913_121444,4,1219388,S02_EMPTY_ACOFF_LIGHTON__RUN_20260913_121444__SESSION_002,1,0,2000.0,4,32.56,68.93,1007.35,45.0,1,EMPTY,S02_EMPTY_ACOFF_LIGHTON,SESSION_002,S02_EMPTY_ACOFF_LIGHTON,0,0,1,1,S02_EMPTY_ACOFF_LIGHTON__RUN_20260913_121444__SESSION_002__SEG_01,8190,0,False,edge_trim
2026-09-13 04:33:30.602000+00:00,RUN_20260913_121444,5,1220573,S02_EMPTY_ACOFF_LIGHTON__RUN_20260913_121444__SESSION_002,0,0,2000.0,4,32.56,67.38,1007.35,45.0,1,EMPTY,S02_EMPTY_ACOFF_LIGHTON,SESSION_002,S02_EMPTY_ACOFF_LIGHTON,0,0,1,1,S02_EMPTY_ACOFF_LIGHTON__RUN_20260913_121444__SESSION_002__SEG_01,8190,0,False,edge_trim
2026-09-13 04:39:25.415000+00:00,RUN_20260913_121444,359,1575386,S02_EMPTY_ACOFF_LIGHTON__RUN_20260913_121444__SESSION_002,1,0,2000.0,4,32.53,63.05,1007.29,43.3,1,EMPTY,S02_EMPTY_ACOFF_LIGHTON,SESSION_002,S02_EMPTY_ACOFF_LIGHTON,0,0,1,1,S02_EMPTY_ACOFF_LIGHTON__RUN_20260913_121444__SESSION_002__SEG_01,8190,0,False,edge_trim
2026-09-13 04:39:26.419000+00:00,RUN_20260913_121444,360,1576390,S02_EMPTY_ACOFF_LIGHTON__RUN_20260913_121444__SESSION_002,1,0,2000.0,4,32.53,63.03,1007.29,43.3,1,EMPTY,S02_EMPTY_ACOFF_LIGHTON,SESSION_002,S02_EMPTY_ACOFF_LIGHTON,0,0,1,1,S02_EMPTY_ACOFF_LIGHTON__RUN_20260913_121444__SESSION_002__SEG_01,8190,0,False,edge_trim
2026-09-13 04:39:27.605000+00:00,RUN_20260913_121444,361,1577576,S02_EMPTY_ACOFF_LIGHTON__RUN_20260913_121444__SESSION_002,1,0,2000.0,4,32.53,62.99,1007.29,42.5,1,EMPTY,S02_EMPTY_ACOFF_LIGHTON,SESSION_002,S02_EMPTY_ACOFF_LIGHTON,0,0,1,1,S02_EMPTY_ACOFF_LIGHTON__RUN_20260913_121444__SESSION_002__SEG_01,8190,0,False,edge_trim
2026-09-13 04:39:28.605000+00:00,RUN_20260913_121444,362,1578576,S02_EMPTY_ACOFF_LIGHTON__RUN_20260913_121444__SESSION_002,1,0,40.0,0,32.53,63.0,1007.29,41.7,1,EMPTY,S02_EMPTY_ACOFF_LIGHTON,SESSION_002,S02_EMPTY_ACOFF_LIGHTON,0,0,1,1,S02_EMPTY_ACOFF_LIGHTON__RUN_20260913_121444__SESSION_002__SEG_01,40,1,False,edge_trim
2026-09-13 04:39:29.610000+00:00,RUN_20260913_121444,363,1579581,S02_EMPTY_ACOFF_LIGHTON__RUN_20260913_121444__SESSION_002,1,0,29.0,0,32.53,63.12,1007.29,40.8,1,EMPTY,S02_EMPTY_ACOFF_LIGHTON,SESSION_002,S02_EMPTY_ACOFF_LIGHTON,0,0,1,1,S02_EMPTY_ACOFF_LIGHTON__RUN_20260913_121444__SESSION_002__SEG_01,29,1,False,edge_trim
2026-09-13 04:39:30.615000+00:00,RUN_20260913_121444,364,1580586,S02_EMPTY_ACOFF_LIGHTON__RUN_20260913_121444__SESSION_002,0,0,25.0,0,32.53,63.88,1007.29,40.8,1,EMPTY,S02_EMPTY_ACOFF_LIGHTON,SESSION_002,S02_EMPTY_ACOFF_LIGHTON,0,0,1,1,S02_EMPTY_ACOFF_LIGHTON__RUN_20260913_121444__SESSION_002__SEG_01,25,1,False,edge_trim
2026-09-13 04:39:31.620000+00:00,RUN_20260913_121444,365,1581591,S02_EMPTY_ACOFF_LIGHTON__RUN_20260913_121444__SESSION_002,0,0,31.0,0,32.53,65.69,1007.29,40.8,1,EMPTY,S02_EMPTY_ACOFF_LIGHTON,SESSION_002,S02_EMPTY_ACOFF_LIGHTON,0,0,1,1,S02_EMPTY_ACOFF_LIGHTON__RUN_20260913_121444__SESSION_002__SEG_01,31,1,False,edge_trim
2026-09-13 05:20:08.532000+00:00,RUN_20260913_121444,1,4018503,S03_EMPTY_ACON_LIGHTON_R2__RUN_20260913_121444__SESSION_004,0,0,40.0,0,28.52,61.04,1006.72,40.8,1,EMPTY,S03_EMPTY_ACON_LIGHTON_R2,SESSION_004,S03_EMPTY_ACON_LIGHTON_R2,0,1,1,1,S03_EMPTY_ACON_LIGHTON_R2__RUN_20260913_121444__SESSION_004__SEG_01,40,1,False,edge_trim
2026-09-13 05:20:09.537000+00:00,RUN_20260913_121444,2,4019508,S03_EMPTY_ACON_LIGHTON_R2__RUN_20260913_121444__SESSION_004,0,0,2000.0,4,28.53,61.04,1006.72,42.5,1,EMPTY,S03_EMPTY_ACON_LIGHTON_R2,SESSION_004,S03_EMPTY_ACON_LIGHTON_R2,0,1,1,1,S03_EMPTY_ACON_LIGHTON_R2__RUN_20260913_121444__SESSION_004__SEG_01,8190,0,False,edge_trim
2026-09-13 05:20:10.542000+00:00,RUN_20260913_121444,3,4020513,S03_EMPTY_ACON_LIGHTON_R2__RUN_20260913_121444__SESSION_004,1,0,432.0,0,28.53,61.0,1006.71,42.5,1,EMPTY,S03_EMPTY_ACON_LIGHTON_R2,SESSION_004,S03_EMPTY_ACON_LIGHTON_R2,0,1,1,1,S03_EMPTY_ACON_LIGHTON_R2__RUN_20260913_121444__SESSION_004__SEG_01,432,1,False,edge_trim
2026-09-13 05:20:11.547000+00:00,RUN_20260913_121444,4,4021518,S03_EMPTY_ACON_LIGHTON_R2__RUN_20260913_121444__SESSION_004,1,0,2000.0,4,28.53,60.72,1006.72,42.5,1,EMPTY,S03_EMPTY_ACON_LIGHTON_R2,SESSION_004,S03_EMPTY_ACON_LIGHTON_R2,0,1,1,1,S03_EMPTY_ACON_LIGHTON_R2__RUN_20260913_121444__SESSION_004__SEG_01,8190,0,False,edge_trim
2026-09-13 05:20:12.370000+00:00,RUN_20260913_121444,5,4022341,S03_EMPTY_ACON_LIGHTON_R2__RUN_20260913_121444__SESSION_004,1,0,2000.0,4,28.53,60.69,1006.72,43.3,1,EMPTY,S03_EMPTY_ACON_LIGHTON_R2,SESSION_004,S03_EMPTY_ACON_LIGHTON_R2,0,1,1,1,S03_EMPTY_ACON_LIGHTON_R2__RUN_20260913_121444__SESSION_004__SEG_01,8190,0,False,edge_trim
2026-09-13 05:20:13.373000+00:00,RUN_20260913_121444,6,4023344,S03_EMPTY_ACON_LIGHTON_R2__RUN_20260913_121444__SESSION_004,0,0,2000.0,4,28.53,60.56,1006.72,43.3,1,EMPTY,S03_EMPTY_ACON_LIGHTON_R2,SESSION_004,S03_EMPTY_ACON_LIGHTON_R2,0,1,1,1,S03_EMPTY_ACON_LIGHTON_R2__RUN_20260913_121444__SESSION_004__SEG_01,8190,0,False,edge_trim
2026-09-13 05:20:14.376000+00:00,RUN_20260913_121444,7,4024347,S03_EMPTY_ACON_LIGHTON_R2__RUN_20260913_121444__SESSION_004,0,0,2000.0,4,28.53,60.38,1006.72,43.3,1,EMPTY,S03_EMPTY_ACON_LIGHTON_R2,SESSION_004,S03_EMPTY_ACON_LIGHTON_R2,0,1,1,1,S03_EMPTY_ACON_LIGHTON_R2__RUN_20260913_121444__SESSION_004__SEG_01,8190,0,False,edge_trim
2026-09-13 05:20:15.561000+00:00,RUN_20260913_121444,8,4025532,S03_EMPTY_ACON_LIGHTON_R2__RUN_20260913_121444__SESSION_004,0,0,2000.0,4,28.53,60.37,1006.72,43.3,1,EMPTY,S03_EMPTY_ACON_LIGHTON_R2,SESSION_004,S03_EMPTY_ACON_LIGHTON_R2,0,1,1,1,S03_EMPTY_ACON_LIGHTON_R2__RUN_20260913_121444__SESSION_004__SEG_01,8190,0,False,edge_trim
2026-09-13 05:20:16.384000+00:00,RUN_20260913_121444,9,4026355,S03_EMPTY_ACON_LIGHTON_R2__RUN_20260913_121444__SESSION_004,1,0,2000.0,4,28.53,60.39,1006.72,44.2,1,EMPTY,S03_EMPTY_ACON_LIGHTON_R2,SESSION_004,S03_EMPTY_ACON_LIGHTON_R2,0,1,1,1,S03_EMPTY_ACON_LIGHTON_R2__RUN_20260913_121444__SESSION_004__SEG_01,8190,0,False,edge_trim
2026-09-13 05:26:32.647000+00:00,RUN_20260913_121444,384,4402618,S03_EMPTY_ACON_LIGHTON_R2__RUN_20260913_121444__SESSION_004,1,0,2000.0,4,28.62,59.33,1006.56,43.3,1,EMPTY,S03_EMPTY_ACON_LIGHTON_R2,SESSION_004,S03_EMPTY_ACON_LIGHTON_R2,0,1,1,1,S03_EMPTY_ACON_LIGHTON_R2__RUN_20260913_121444__SESSION_004__SEG_01,8190,0,False,edge_trim
2026-09-13 05:26:33.465000+00:00,RUN_20260913_121444,385,4403436,S03_EMPTY_ACON_LIGHTON_R2__RUN_20260913_121444__SESSION_004,1,0,2000.0,4,28.62,59.32,1006.56,42.5,1,EMPTY,S03_EMPTY_ACON_LIGHTON_R2,SESSION_004,S03_EMPTY_ACON_LIGHTON_R2,0,1,1,1,S03_EMPTY_ACON_LIGHTON_R2__RUN_20260913_121444__SESSION_004__SEG_01,8190,0,False,edge_trim
2026-09-13 05:26:34.651000+00:00,RUN_20260913_121444,386,4404622,S03_EMPTY_ACON_LIGHTON_R2__RUN_20260913_121444__SESSION_004,1,0,57.0,0,28.62,59.26,1006.56,41.7,1,EMPTY,S03_EMPTY_ACON_LIGHTON_R2,SESSION_004,S03_EMPTY_ACON_LIGHTON_R2,0,1,1,1,S03_EMPTY_ACON_LIGHTON_R2__RUN_20260913_121444__SESSION_004__SEG_01,57,1,False,edge_trim
2026-09-13 05:26:35.656000+00:00,RUN_20260913_121444,387,4405627,S03_EMPTY_ACON_LIGHTON_R2__RUN_20260913_121444__SESSION_004,0,0,55.0,0,28.62,59.61,1006.56,41.7,1,EMPTY,S03_EMPTY_ACON_LIGHTON_R2,SESSION_004,S03_EMPTY_ACON_LIGHTON_R2,0,1,1,1,S03_EMPTY_ACON_LIGHTON_R2__RUN_20260913_121444__SESSION_004__SEG_01,55,1,False,edge_trim
2026-09-13 05:36:27.301000+00:00,RUN_20260913_121444,1,4997272,S04_LOW_ACON_LIGHTON__RUN_20260913_121444__SESSION_005,0,0,58.0,0,28.72,60.87,1006.41,41.7,1,LOW,S04_LOW_ACON_LIGHTON,SESSION_005,S04_LOW_ACON_LIGHTON,1,1,1,1,S04_LOW_ACON_LIGHTON__RUN_20260913_121444__SESSION_005__SEG_01,58,1,False,edge_trim
2026-09-13 05:36:28.306000+00:00,RUN_20260913_121444,2,4998277,S04_LOW_ACON_LIGHTON__RUN_20260913_121444__SESSION_005,0,0,272.0,0,28.72,59.97,1006.41,43.3,1,LOW,S04_LOW_ACON_LIGHTON,SESSION_005,S04_LOW_ACON_LIGHTON,1,1,1,1,S04_LOW_ACON_LIGHTON__RUN_20260913_121444__SESSION_005__SEG_01,272,1,False,edge_trim
2026-09-13 05:36:29.311000+00:00,RUN_20260913_121444,3,4999282,S04_LOW_ACON_LIGHTON__RUN_20260913_121444__SESSION_005,1,0,361.0,0,28.72,59.67,1006.41,43.3,1,LOW,S04_LOW_ACON_LIGHTON,SESSION_005,S04_LOW_ACON_LIGHTON,1,1,1,1,S04_LOW_ACON_LIGHTON__RUN_20260913_121444__SESSION_005__SEG_01,361,1,False,edge_trim
2026-09-13 05:36:30.316000+00:00,RUN_20260913_121444,4,5000287,S04_LOW_ACON_LIGHTON__RUN_20260913_121444__SESSION_005,1,0,383.0,0,28.72,59.4,1006.41,44.2,1,LOW,S04_LOW_ACON_LIGHTON,SESSION_005,S04_LOW_ACON_LIGHTON,1,1,1,1,S04_LOW_ACON_LIGHTON__RUN_20260913_121444__SESSION_005__SEG_01,383,1,False,edge_trim
2026-09-13 05:36:31.321000+00:00,RUN_20260913_121444,5,5001292,S04_LOW_ACON_LIGHTON__RUN_20260913_121444__SESSION_005,1,0,414.0,0,28.72,59.29,1006.41,43.3,1,LOW,S04_LOW_ACON_LIGHTON,SESSION_005,S04_LOW_ACON_LIGHTON,1,1,1,1,S04_LOW_ACON_LIGHTON__RUN_20260913_121444__SESSION_005__SEG_01,414,1,False,edge_trim
2026-09-13 05:46:53.387000+00:00,RUN_20260913_121444,625,5623358,S04_LOW_ACON_LIGHTON__RUN_20260913_121444__SESSION_005,0,0,2000.0,4,28.67,57.97,1006.21,43.3,1,LOW,S04_LOW_ACON_LIGHTON,SESSION_005,S04_LOW_ACON_LIGHTON,1,1,1,1,S04_LOW_ACON_LIGHTON__RUN_20260913_121444__SESSION_005__SEG_01,8190,0,False,edge_trim
2026-09-13 05:46:54.390000+00:00,RUN_20260913_121444,626,5624361,S04_LOW_ACON_LIGHTON__RUN_20260913_121444__SESSION_005,1,0,2000.0,4,28.67,57.93,1006.21,43.3,1,LOW,S04_LOW_ACON_LIGHTON,SESSION_005,S04_LOW_ACON_LIGHTON,1,1,1,1,S04_LOW_ACON_LIGHTON__RUN_20260913_121444__SESSION_005__SEG_01,8190,0,False,edge_trim
2026-09-13 05:46:55.575000+00:00,RUN_20260913_121444,627,5625546,S04_LOW_ACON_LIGHTON__RUN_20260913_121444__SESSION_005,1,0,36.0,0,28.67,58.02,1006.2,41.7,1,LOW,S04_LOW_ACON_LIGHTON,SESSION_005,S04_LOW_ACON_LIGHTON,1,1,1,1,S04_LOW_ACON_LIGHTON__RUN_20260913_121444__SESSION_005__SEG_01,36,1,False,edge_trim
2026-09-13 05:46:56.580000+00:00,RUN_20260913_121444,628,5626551,S04_LOW_ACON_LIGHTON__RUN_20260913_121444__SESSION_005,0,0,31.0,0,28.67,58.17,1006.2,41.7,1,LOW,S04_LOW_ACON_LIGHTON,SESSION_005,S04_LOW_ACON_LIGHTON,1,1,1,1,S04_LOW_ACON_LIGHTON__RUN_20260913_121444__SESSION_005__SEG_01,31,1,False,edge_trim
2026-09-13 05:46:57.585000+00:00,RUN_20260913_121444,629,5627556,S04_LOW_ACON_LIGHTON__RUN_20260913_121444__SESSION_005,0,0,34.0,0,28.67,59.38,1006.2,41.7,1,LOW,S04_LOW_ACON_LIGHTON,SESSION_005,S04_LOW_ACON_LIGHTON,1,1,1,1,S04_LOW_ACON_LIGHTON__RUN_20260913_121444__SESSION_005__SEG_01,34,1,False,edge_trim
2026-09-13 06:24:53.082000+00:00,RUN_20260913_121444,1,7903053,S05_LOW_ACOFF_LIGHTON__RUN_20260913_121444__SESSION_006,1,0,31.0,0,31.93,64.76,1005.79,40.0,1,LOW,S05_LOW_ACOFF_LIGHTON,SESSION_006,S05_LOW_ACOFF_LIGHTON,1,0,1,1,S05_LOW_ACOFF_LIGHTON__RUN_20260913_121444__SESSION_006__SEG_01,31,1,False,edge_trim
2026-09-13 06:24:54.087000+00:00,RUN_20260913_121444,2,7904058,S05_LOW_ACOFF_LIGHTON__RUN_20260913_121444__SESSION_006,0,0,2000.0,4,31.94,65.75,1005.79,40.8,1,LOW,S05_LOW_ACOFF_LIGHTON,SESSION_006,S05_LOW_ACOFF_LIGHTON,1,0,1,1,S05_LOW_ACOFF_LIGHTON__RUN_20260913_121444__SESSION_006__SEG_01,8190,0,False,edge_trim
2026-09-13 06:24:55.092000+00:00,RUN_20260913_121444,3,7905063,S05_LOW_ACOFF_LIGHTON__RUN_20260913_121444__SESSION_006,0,0,2000.0,4,31.94,66.41,1005.8,42.5,1,LOW,S05_LOW_ACOFF_LIGHTON,SESSION_006,S05_LOW_ACOFF_LIGHTON,1,0,1,1,S05_LOW_ACOFF_LIGHTON__RUN_20260913_121444__SESSION_006__SEG_01,8190,0,False,edge_trim
2026-09-13 06:24:56.097000+00:00,RUN_20260913_121444,4,7906068,S05_LOW_ACOFF_LIGHTON__RUN_20260913_121444__SESSION_006,1,0,423.0,0,31.94,65.95,1005.79,42.5,1,LOW,S05_LOW_ACOFF_LIGHTON,SESSION_006,S05_LOW_ACOFF_LIGHTON,1,0,1,1,S05_LOW_ACOFF_LIGHTON__RUN_20260913_121444__SESSION_006__SEG_01,423,1,False,edge_trim
2026-09-13 06:24:57.102000+00:00,RUN_20260913_121444,5,7907073,S05_LOW_ACOFF_LIGHTON__RUN_20260913_121444__SESSION_006,1,0,2000.0,4,31.94,65.22,1005.8,41.7,1,LOW,S05_LOW_ACOFF_LIGHTON,SESSION_006,S05_LOW_ACOFF_LIGHTON,1,0,1,1,S05_LOW_ACOFF_LIGHTON__RUN_20260913_121444__SESSION_006__SEG_01,8190,0,False,edge_trim
2026-09-13 06:24:57.925000+00:00,RUN_20260913_121444,6,7907896,S05_LOW_ACOFF_LIGHTON__RUN_20260913_121444__SESSION_006,0,0,2000.0,4,31.94,64.66,1005.79,42.5,1,LOW,S05_LOW_ACOFF_LIGHTON,SESSION_006,S05_LOW_ACOFF_LIGHTON,1,0,1,1,S05_LOW_ACOFF_LIGHTON__RUN_20260913_121444__SESSION_006__SEG_01,8190,0,False,edge_trim
2026-09-13 06:34:44.283000+00:00,RUN_20260913_121444,590,8494254,S05_LOW_ACOFF_LIGHTON__RUN_20260913_121444__SESSION_006,0,0,2000.0,4,32.13,61.78,1005.65,43.3,1,LOW,S05_LOW_ACOFF_LIGHTON,SESSION_006,S05_LOW_ACOFF_LIGHTON,1,0,1,1,S05_LOW_ACOFF_LIGHTON__RUN_20260913_121444__SESSION_006__SEG_01,8190,0,False,edge_trim
2026-09-13 06:34:45.106000+00:00,RUN_20260913_121444,591,8495077,S05_LOW_ACOFF_LIGHTON__RUN_20260913_121444__SESSION_006,0,0,2000.0,4,32.13,61.8,1005.65,44.2,1,LOW,S05_LOW_ACOFF_LIGHTON,SESSION_006,S05_LOW_ACOFF_LIGHTON,1,0,1,1,S05_LOW_ACOFF_LIGHTON__RUN_20260913_121444__SESSION_006__SEG_01,8190,0,False,edge_trim
2026-09-13 06:34:46.109000+00:00,RUN_20260913_121444,592,8496080,S05_LOW_ACOFF_LIGHTON__RUN_20260913_121444__SESSION_006,0,0,2000.0,4,32.13,61.82,1005.65,44.2,1,LOW,S05_LOW_ACOFF_LIGHTON,SESSION_006,S05_LOW_ACOFF_LIGHTON,1,0,1,1,S05_LOW_ACOFF_LIGHTON__RUN_20260913_121444__SESSION_006__SEG_01,8190,0,False,edge_trim
2026-09-13 06:34:47.294000+00:00,RUN_20260913_121444,593,8497265,S05_LOW_ACOFF_LIGHTON__RUN_20260913_121444__SESSION_006,0,0,2000.0,4,32.13,61.84,1005.65,43.3,1,LOW,S05_LOW_ACOFF_LIGHTON,SESSION_006,S05_LOW_ACOFF_LIGHTON,1,0,1,1,S05_LOW_ACOFF_LIGHTON__RUN_20260913_121444__SESSION_006__SEG_01,8190,0,False,edge_trim
2026-09-13 06:34:48.299000+00:00,RUN_20260913_121444,594,8498270,S05_LOW_ACOFF_LIGHTON__RUN_20260913_121444__SESSION_006,0,0,2000.0,4,32.13,61.88,1005.65,43.3,1,LOW,S05_LOW_ACOFF_LIGHTON,SESSION_006,S05_LOW_ACOFF_LIGHTON,1,0,1,1,S05_LOW_ACOFF_LIGHTON__RUN_20260913_121444__SESSION_006__SEG_01,8190,0,False,edge_trim
2026-09-13 06:34:49.122000+00:00,RUN_20260913_121444,595,8499093,S05_LOW_ACOFF_LIGHTON__RUN_20260913_121444__SESSION_006,0,0,2000.0,4,32.13,61.87,1005.65,44.2,1,LOW,S05_LOW_ACOFF_LIGHTON,SESSION_006,S05_LOW_ACOFF_LIGHTON,1,0,1,1,S05_LOW_ACOFF_LIGHTON__RUN_20260913_121444__SESSION_006__SEG_01,8190,0,False,edge_trim
2026-09-13 06:44:07.106000+00:00,RUN_20260913_121444,1,9057077,S06_LOW_ACOFF_LIGHTOFF__RUN_20260913_121444__SESSION_007,0,0,23.0,0,32.35,64.41,1005.37,2.5,1,LOW,S06_LOW_ACOFF_LIGHTOFF,SESSION_007,S06_LOW_ACOFF_LIGHTOFF,1,0,0,1,S06_LOW_ACOFF_LIGHTOFF__RUN_20260913_121444__SESSION_007__SEG_01,23,1,False,edge_trim
2026-09-13 06:44:08.111000+00:00,RUN_20260913_121444,2,9058082,S06_LOW_ACOFF_LIGHTOFF__RUN_20260913_121444__SESSION_007,0,0,2000.0,4,32.35,65.58,1005.37,2.5,1,LOW,S06_LOW_ACOFF_LIGHTOFF,SESSION_007,S06_LOW_ACOFF_LIGHTOFF,1,0,0,1,S06_LOW_ACOFF_LIGHTOFF__RUN_20260913_121444__SESSION_007__SEG_01,8190,0,False,edge_trim
2026-09-13 06:44:09.116000+00:00,RUN_20260913_121444,3,9059087,S06_LOW_ACOFF_LIGHTOFF__RUN_20260913_121444__SESSION_007,1,0,171.0,0,32.35,66.27,1005.37,4.2,1,LOW,S06_LOW_ACOFF_LIGHTOFF,SESSION_007,S06_LOW_ACOFF_LIGHTOFF,1,0,0,1,S06_LOW_ACOFF_LIGHTOFF__RUN_20260913_121444__SESSION_007__SEG_01,171,1,False,edge_trim
2026-09-13 06:44:10.121000+00:00,RUN_20260913_121444,4,9060092,S06_LOW_ACOFF_LIGHTOFF__RUN_20260913_121444__SESSION_007,1,0,2000.0,4,32.36,65.44,1005.37,4.2,1,LOW,S06_LOW_ACOFF_LIGHTOFF,SESSION_007,S06_LOW_ACOFF_LIGHTOFF,1,0,0,1,S06_LOW_ACOFF_LIGHTOFF__RUN_20260913_121444__SESSION_007__SEG_01,8190,0,False,edge_trim
2026-09-13 06:44:11.126000+00:00,RUN_20260913_121444,5,9061097,S06_LOW_ACOFF_LIGHTOFF__RUN_20260913_121444__SESSION_007,0,0,345.0,0,32.36,64.84,1005.37,4.2,1,LOW,S06_LOW_ACOFF_LIGHTOFF,SESSION_007,S06_LOW_ACOFF_LIGHTOFF,1,0,0,1,S06_LOW_ACOFF_LIGHTOFF__RUN_20260913_121444__SESSION_007__SEG_01,345,1,False,edge_trim
2026-09-13 06:55:40.667000+00:00,RUN_20260913_121444,692,9750638,S06_LOW_ACOFF_LIGHTOFF__RUN_20260913_121444__SESSION_007,1,0,75.0,0,32.45,63.48,1005.25,3.3,1,LOW,S06_LOW_ACOFF_LIGHTOFF,SESSION_007,S06_LOW_ACOFF_LIGHTOFF,1,0,0,2,S06_LOW_ACOFF_LIGHTOFF__RUN_20260913_121444__SESSION_007__SEG_02,75,1,False,edge_trim
2026-09-13 06:55:41.672000+00:00,RUN_20260913_121444,693,9751643,S06_LOW_ACOFF_LIGHTOFF__RUN_20260913_121444__SESSION_007,0,0,33.0,0,32.45,63.47,1005.25,3.3,1,LOW,S06_LOW_ACOFF_LIGHTOFF,SESSION_007,S06_LOW_ACOFF_LIGHTOFF,1,0,0,2,S06_LOW_ACOFF_LIGHTOFF__RUN_20260913_121444__SESSION_007__SEG_02,33,1,False,edge_trim
2026-09-13 06:55:42.677000+00:00,RUN_20260913_121444,694,9752648,S06_LOW_ACOFF_LIGHTOFF__RUN_20260913_121444__SESSION_007,0,0,46.0,0,32.45,63.62,1005.25,3.3,1,LOW,S06_LOW_ACOFF_LIGHTOFF,SESSION_007,S06_LOW_ACOFF_LIGHTOFF,1,0,0,2,S06_LOW_ACOFF_LIGHTOFF__RUN_20260913_121444__SESSION_007__SEG_02,46,1,False,edge_trim
2026-09-13 06:55:43.682000+00:00,RUN_20260913_121444,695,9753653,S06_LOW_ACOFF_LIGHTOFF__RUN_20260913_121444__SESSION_007,0,0,41.0,0,32.45,64.72,1005.24,3.3,1,LOW,S06_LOW_ACOFF_LIGHTOFF,SESSION_007,S06_LOW_ACOFF_LIGHTOFF,1,0,0,2,S06_LOW_ACOFF_LIGHTOFF__RUN_20260913_121444__SESSION_007__SEG_02,41,1,False,edge_trim
2026-09-13 06:55:44.687000+00:00,RUN_20260913_121444,696,9754658,S06_LOW_ACOFF_LIGHTOFF__RUN_20260913_121444__SESSION_007,0,0,33.0,0,32.45,65.24,1005.24,3.3,1,LOW,S06_LOW_ACOFF_LIGHTOFF,SESSION_007,S06_LOW_ACOFF_LIGHTOFF,1,0,0,2,S06_LOW_ACOFF_LIGHTOFF__RUN_20260913_121444__SESSION_007__SEG_02,33,1,False,edge_trim
2026-09-13 09:14:26.441000+00:00,RUN_20260913_171419,1,209056,S07_HIGH_ACOFF_LIGHTOFF__RUN_20260913_171419__SESSION_002,0,1,70.0,0,32.69,64.77,1004.27,5.8,1,HIGH,S07_HIGH_ACOFF_LIGHTOFF,SESSION_002,S07_HIGH_ACOFF_LIGHTOFF,2,0,0,1,S07_HIGH_ACOFF_LIGHTOFF__RUN_20260913_171419__SESSION_002__SEG_01,70,1,False,edge_trim
2026-09-13 09:14:27.446000+00:00,RUN_20260913_171419,2,210061,S07_HIGH_ACOFF_LIGHTOFF__RUN_20260913_171419__SESSION_002,0,1,44.0,0,32.69,64.9,1004.27,5.8,1,HIGH,S07_HIGH_ACOFF_LIGHTOFF,SESSION_002,S07_HIGH_ACOFF_LIGHTOFF,2,0,0,1,S07_HIGH_ACOFF_LIGHTOFF__RUN_20260913_171419__SESSION_002__SEG_01,44,1,False,edge_trim
2026-09-13 09:14:28.269000+00:00,RUN_20260913_171419,3,210884,S07_HIGH_ACOFF_LIGHTOFF__RUN_20260913_171419__SESSION_002,0,0,2000.0,4,32.69,64.84,1004.28,5.8,1,HIGH,S07_HIGH_ACOFF_LIGHTOFF,SESSION_002,S07_HIGH_ACOFF_LIGHTOFF,2,0,0,1,S07_HIGH_ACOFF_LIGHTOFF__RUN_20260913_171419__SESSION_002__SEG_01,8190,0,False,edge_trim
2026-09-13 09:14:29.454000+00:00,RUN_20260913_171419,4,212069,S07_HIGH_ACOFF_LIGHTOFF__RUN_20260913_171419__SESSION_002,0,0,2000.0,2,32.69,64.75,1004.28,7.5,1,HIGH,S07_HIGH_ACOFF_LIGHTOFF,SESSION_002,S07_HIGH_ACOFF_LIGHTOFF,2,0,0,1,S07_HIGH_ACOFF_LIGHTOFF__RUN_20260913_171419__SESSION_002__SEG_01,8191,0,False,edge_trim
2026-09-13 09:14:30.459000+00:00,RUN_20260913_171419,5,213074,S07_HIGH_ACOFF_LIGHTOFF__RUN_20260913_171419__SESSION_002,0,0,2000.0,4,32.7,64.88,1004.28,7.5,1,HIGH,S07_HIGH_ACOFF_LIGHTOFF,SESSION_002,S07_HIGH_ACOFF_LIGHTOFF,2,0,0,1,S07_HIGH_ACOFF_LIGHTOFF__RUN_20260913_171419__SESSION_002__SEG_01,8190,0,False,edge_trim
2026-09-13 09:24:52.262000+00:00,RUN_20260913_171419,624,834877,S07_HIGH_ACOFF_LIGHTOFF__RUN_20260913_171419__SESSION_002,1,0,2000.0,2,32.87,64.58,1004.3,5.8,1,HIGH,S07_HIGH_ACOFF_LIGHTOFF,SESSION_002,S07_HIGH_ACOFF_LIGHTOFF,2,0,0,1,S07_HIGH_ACOFF_LIGHTOFF__RUN_20260913_171419__SESSION_002__SEG_01,8191,0,False,edge_trim
2026-09-13 09:24:53.085000+00:00,RUN_20260913_171419,625,835700,S07_HIGH_ACOFF_LIGHTOFF__RUN_20260913_171419__SESSION_002,1,0,2000.0,4,32.87,64.55,1004.3,6.7,1,HIGH,S07_HIGH_ACOFF_LIGHTOFF,SESSION_002,S07_HIGH_ACOFF_LIGHTOFF,2,0,0,1,S07_HIGH_ACOFF_LIGHTOFF__RUN_20260913_171419__SESSION_002__SEG_01,8190,0,False,edge_trim
2026-09-13 09:24:54.270000+00:00,RUN_20260913_171419,626,836885,S07_HIGH_ACOFF_LIGHTOFF__RUN_20260913_171419__SESSION_002,0,0,2000.0,4,32.87,64.52,1004.3,5.8,1,HIGH,S07_HIGH_ACOFF_LIGHTOFF,SESSION_002,S07_HIGH_ACOFF_LIGHTOFF,2,0,0,1,S07_HIGH_ACOFF_LIGHTOFF__RUN_20260913_171419__SESSION_002__SEG_01,8190,0,False,edge_trim
2026-09-13 09:24:55.275000+00:00,RUN_20260913_171419,627,837890,S07_HIGH_ACOFF_LIGHTOFF__RUN_20260913_171419__SESSION_002,0,0,2000.0,2,32.87,64.46,1004.3,5.8,1,HIGH,S07_HIGH_ACOFF_LIGHTOFF,SESSION_002,S07_HIGH_ACOFF_LIGHTOFF,2,0,0,1,S07_HIGH_ACOFF_LIGHTOFF__RUN_20260913_171419__SESSION_002__SEG_01,8191,0,False,edge_trim
2026-09-13 09:24:56.280000+00:00,RUN_20260913_171419,628,838895,S07_HIGH_ACOFF_LIGHTOFF__RUN_20260913_171419__SESSION_002,0,0,32.0,0,32.87,64.55,1004.3,5.0,1,HIGH,S07_HIGH_ACOFF_LIGHTOFF,SESSION_002,S07_HIGH_ACOFF_LIGHTOFF,2,0,0,1,S07_HIGH_ACOFF_LIGHTOFF__RUN_20260913_171419__SESSION_002__SEG_01,32,1,False,edge_trim
2026-09-13 10:09:20.798000+00:00,RUN_20260913_171419,1,3503413,S08_HIGH_ACOFF_LIGHTON__RUN_20260913_171419__SESSION_004,0,0,79.0,0,32.57,64.82,1004.38,39.2,1,HIGH,S08_HIGH_ACOFF_LIGHTON,SESSION_004,S08_HIGH_ACOFF_LIGHTON,2,0,1,1,S08_HIGH_ACOFF_LIGHTON__RUN_20260913_171419__SESSION_004__SEG_01,79,1,False,edge_trim
2026-09-13 10:09:21.803000+00:00,RUN_20260913_171419,2,3504418,S08_HIGH_ACOFF_LIGHTON__RUN_20260913_171419__SESSION_004,0,0,218.0,0,32.57,65.47,1004.38,39.2,1,HIGH,S08_HIGH_ACOFF_LIGHTON,SESSION_004,S08_HIGH_ACOFF_LIGHTON,2,0,1,1,S08_HIGH_ACOFF_LIGHTON__RUN_20260913_171419__SESSION_004__SEG_01,218,1,False,edge_trim
2026-09-13 10:09:22.808000+00:00,RUN_20260913_171419,3,3505423,S08_HIGH_ACOFF_LIGHTON__RUN_20260913_171419__SESSION_004,0,1,333.0,0,32.57,64.74,1004.38,39.2,1,HIGH,S08_HIGH_ACOFF_LIGHTON,SESSION_004,S08_HIGH_ACOFF_LIGHTON,2,0,1,1,S08_HIGH_ACOFF_LIGHTON__RUN_20260913_171419__SESSION_004__SEG_01,333,1,False,edge_trim
2026-09-13 10:09:23.813000+00:00,RUN_20260913_171419,4,3506428,S08_HIGH_ACOFF_LIGHTON__RUN_20260913_171419__SESSION_004,0,1,353.0,0,32.57,64.26,1004.37,39.2,1,HIGH,S08_HIGH_ACOFF_LIGHTON,SESSION_004,S08_HIGH_ACOFF_LIGHTON,2,0,1,1,S08_HIGH_ACOFF_LIGHTON__RUN_20260913_171419__SESSION_004__SEG_01,353,1,False,edge_trim
2026-09-13 10:09:24.818000+00:00,RUN_20260913_171419,5,3507433,S08_HIGH_ACOFF_LIGHTON__RUN_20260913_171419__SESSION_004,1,0,2000.0,4,32.57,63.87,1004.38,39.2,1,HIGH,S08_HIGH_ACOFF_LIGHTON,SESSION_004,S08_HIGH_ACOFF_LIGHTON,2,0,1,1,S08_HIGH_ACOFF_LIGHTON__RUN_20260913_171419__SESSION_004__SEG_01,8190,0,False,edge_trim
2026-09-13 10:19:21.947000+00:00,RUN_20260913_171419,600,4104562,S08_HIGH_ACOFF_LIGHTON__RUN_20260913_171419__SESSION_004,1,0,2000.0,2,32.59,64.4,1004.43,39.2,1,HIGH,S08_HIGH_ACOFF_LIGHTON,SESSION_004,S08_HIGH_ACOFF_LIGHTON,2,0,1,1,S08_HIGH_ACOFF_LIGHTON__RUN_20260913_171419__SESSION_004__SEG_01,8191,0,False,edge_trim
2026-09-13 10:19:22.952000+00:00,RUN_20260913_171419,601,4105567,S08_HIGH_ACOFF_LIGHTON__RUN_20260913_171419__SESSION_004,0,1,2000.0,2,32.59,64.36,1004.43,38.3,1,HIGH,S08_HIGH_ACOFF_LIGHTON,SESSION_004,S08_HIGH_ACOFF_LIGHTON,2,0,1,1,S08_HIGH_ACOFF_LIGHTON__RUN_20260913_171419__SESSION_004__SEG_01,8191,0,False,edge_trim
2026-09-13 10:19:23.957000+00:00,RUN_20260913_171419,602,4106572,S08_HIGH_ACOFF_LIGHTON__RUN_20260913_171419__SESSION_004,0,1,358.0,0,32.59,64.37,1004.43,38.3,1,HIGH,S08_HIGH_ACOFF_LIGHTON,SESSION_004,S08_HIGH_ACOFF_LIGHTON,2,0,1,1,S08_HIGH_ACOFF_LIGHTON__RUN_20260913_171419__SESSION_004__SEG_01,358,1,False,edge_trim
2026-09-13 10:19:24.962000+00:00,RUN_20260913_171419,603,4107577,S08_HIGH_ACOFF_LIGHTON__RUN_20260913_171419__SESSION_004,1,1,69.0,0,32.59,64.5,1004.43,38.3,1,HIGH,S08_HIGH_ACOFF_LIGHTON,SESSION_004,S08_HIGH_ACOFF_LIGHTON,2,0,1,1,S08_HIGH_ACOFF_LIGHTON__RUN_20260913_171419__SESSION_004__SEG_01,69,1,False,edge_trim
2026-09-13 10:19:25.967000+00:00,RUN_20260913_171419,604,4108582,S08_HIGH_ACOFF_LIGHTON__RUN_20260913_171419__SESSION_004,1,0,58.0,0,32.59,64.58,1004.43,38.3,1,HIGH,S08_HIGH_ACOFF_LIGHTON,SESSION_004,S08_HIGH_ACOFF_LIGHTON,2,0,1,1,S08_HIGH_ACOFF_LIGHTON__RUN_20260913_171419__SESSION_004__SEG_01,58,1,False,edge_trim
2026-09-13 10:45:12.907000+00:00,RUN_20260913_171419,1,5655522,S09_HIGH_ACON_LIGHTON__RUN_20260913_171419__SESSION_005,0,0,52.0,0,28.12,61.59,1004.76,37.5,1,HIGH,S09_HIGH_ACON_LIGHTON,SESSION_005,S09_HIGH_ACON_LIGHTON,2,1,1,1,S09_HIGH_ACON_LIGHTON__RUN_20260913_171419__SESSION_005__SEG_01,52,1,False,edge_trim
2026-09-13 10:45:13.912000+00:00,RUN_20260913_171419,2,5656527,S09_HIGH_ACON_LIGHTON__RUN_20260913_171419__SESSION_005,0,0,244.0,0,28.12,61.62,1004.76,39.2,1,HIGH,S09_HIGH_ACON_LIGHTON,SESSION_005,S09_HIGH_ACON_LIGHTON,2,1,1,1,S09_HIGH_ACON_LIGHTON__RUN_20260913_171419__SESSION_005__SEG_01,244,1,False,edge_trim
2026-09-13 10:45:14.735000+00:00,RUN_20260913_171419,3,5657350,S09_HIGH_ACON_LIGHTON__RUN_20260913_171419__SESSION_005,1,0,2000.0,4,28.12,61.53,1004.76,38.3,1,HIGH,S09_HIGH_ACON_LIGHTON,SESSION_005,S09_HIGH_ACON_LIGHTON,2,1,1,1,S09_HIGH_ACON_LIGHTON__RUN_20260913_171419__SESSION_005__SEG_01,8190,0,False,edge_trim
2026-09-13 10:45:15.738000+00:00,RUN_20260913_171419,4,5658353,S09_HIGH_ACON_LIGHTON__RUN_20260913_171419__SESSION_005,0,0,2000.0,4,28.12,61.4,1004.76,38.3,1,HIGH,S09_HIGH_ACON_LIGHTON,SESSION_005,S09_HIGH_ACON_LIGHTON,2,1,1,1,S09_HIGH_ACON_LIGHTON__RUN_20260913_171419__SESSION_005__SEG_01,8190,0,False,edge_trim
2026-09-13 10:45:16.741000+00:00,RUN_20260913_171419,5,5659356,S09_HIGH_ACON_LIGHTON__RUN_20260913_171419__SESSION_005,0,0,2000.0,4,28.12,61.36,1004.76,39.2,1,HIGH,S09_HIGH_ACON_LIGHTON,SESSION_005,S09_HIGH_ACON_LIGHTON,2,1,1,1,S09_HIGH_ACON_LIGHTON__RUN_20260913_171419__SESSION_005__SEG_01,8190,0,False,edge_trim
2026-09-13 10:45:17.744000+00:00,RUN_20260913_171419,6,5660359,S09_HIGH_ACON_LIGHTON__RUN_20260913_171419__SESSION_005,1,0,2000.0,4,28.12,61.31,1004.76,39.2,1,HIGH,S09_HIGH_ACON_LIGHTON,SESSION_005,S09_HIGH_ACON_LIGHTON,2,1,1,1,S09_HIGH_ACON_LIGHTON__RUN_20260913_171419__SESSION_005__SEG_01,8190,0,False,edge_trim
2026-09-13 10:56:24.102000+00:00,RUN_20260913_171419,670,6326717,S09_HIGH_ACON_LIGHTON__RUN_20260913_171419__SESSION_005,0,1,2000.0,4,28.37,59.25,1004.87,40.0,1,HIGH,S09_HIGH_ACON_LIGHTON,SESSION_005,S09_HIGH_ACON_LIGHTON,2,1,1,1,S09_HIGH_ACON_LIGHTON__RUN_20260913_171419__SESSION_005__SEG_01,8190,0,False,edge_trim
2026-09-13 10:56:25.105000+00:00,RUN_20260913_171419,671,6327720,S09_HIGH_ACON_LIGHTON__RUN_20260913_171419__SESSION_005,0,1,2000.0,4,28.37,59.25,1004.87,40.0,1,HIGH,S09_HIGH_ACON_LIGHTON,SESSION_005,S09_HIGH_ACON_LIGHTON,2,1,1,1,S09_HIGH_ACON_LIGHTON__RUN_20260913_171419__SESSION_005__SEG_01,8190,0,False,edge_trim
2026-09-13 10:56:26.108000+00:00,RUN_20260913_171419,672,6328723,S09_HIGH_ACON_LIGHTON__RUN_20260913_171419__SESSION_005,0,1,2000.0,4,28.37,59.22,1004.87,39.2,1,HIGH,S09_HIGH_ACON_LIGHTON,SESSION_005,S09_HIGH_ACON_LIGHTON,2,1,1,1,S09_HIGH_ACON_LIGHTON__RUN_20260913_171419__SESSION_005__SEG_01,8190,0,False,edge_trim
2026-09-13 10:56:27.293000+00:00,RUN_20260913_171419,673,6329908,S09_HIGH_ACON_LIGHTON__RUN_20260913_171419__SESSION_005,1,0,61.0,0,28.37,59.32,1004.87,39.2,1,HIGH,S09_HIGH_ACON_LIGHTON,SESSION_005,S09_HIGH_ACON_LIGHTON,2,1,1,1,S09_HIGH_ACON_LIGHTON__RUN_20260913_171419__SESSION_005__SEG_01,61,1,False,edge_trim
2026-09-13 10:56:28.298000+00:00,RUN_20260913_171419,674,6330913,S09_HIGH_ACON_LIGHTON__RUN_20260913_171419__SESSION_005,1,0,62.0,0,28.37,59.38,1004.86,39.2,1,HIGH,S09_HIGH_ACON_LIGHTON,SESSION_005,S09_HIGH_ACON_LIGHTON,2,1,1,1,S09_HIGH_ACON_LIGHTON__RUN_20260913_171419__SESSION_005__SEG_01,62,1,False,edge_trim
2026-09-14 03:49:14.917000+00:00,RUN_20260914_114725,1,125155,S18_HIGH_ACON_LIGHTON_R2__RUN_20260914_114725__SESSION_001,0,0,21.0,0,25.68,72.3,1008.43,215.8,1,HIGH,S18_HIGH_ACON_LIGHTON_R2,SESSION_001,S18_HIGH_ACON_LIGHTON_R2,2,1,1,1,S18_HIGH_ACON_LIGHTON_R2__RUN_20260914_114725__SESSION_001__SEG_01,21,1,False,edge_trim
2026-09-14 03:49:15.922000+00:00,RUN_20260914_114725,2,126160,S18_HIGH_ACON_LIGHTON_R2__RUN_20260914_114725__SESSION_001,1,1,2000.0,2,25.68,72.64,1008.43,217.5,1,HIGH,S18_HIGH_ACON_LIGHTON_R2,SESSION_001,S18_HIGH_ACON_LIGHTON_R2,2,1,1,1,S18_HIGH_ACON_LIGHTON_R2__RUN_20260914_114725__SESSION_001__SEG_01,8191,0,False,edge_trim
2026-09-14 03:49:16.927000+00:00,RUN_20260914_114725,3,127165,S18_HIGH_ACON_LIGHTON_R2__RUN_20260914_114725__SESSION_001,0,0,2000.0,2,25.68,72.83,1008.43,217.5,1,HIGH,S18_HIGH_ACON_LIGHTON_R2,SESSION_001,S18_HIGH_ACON_LIGHTON_R2,2,1,1,1,S18_HIGH_ACON_LIGHTON_R2__RUN_20260914_114725__SESSION_001__SEG_01,8191,0,False,edge_trim
2026-09-14 03:49:17.750000+00:00,RUN_20260914_114725,4,127988,S18_HIGH_ACON_LIGHTON_R2__RUN_20260914_114725__SESSION_001,0,0,2000.0,4,25.68,72.75,1008.43,217.5,1,HIGH,S18_HIGH_ACON_LIGHTON_R2,SESSION_001,S18_HIGH_ACON_LIGHTON_R2,2,1,1,1,S18_HIGH_ACON_LIGHTON_R2__RUN_20260914_114725__SESSION_001__SEG_01,8190,0,False,edge_trim
2026-09-14 03:49:18.935000+00:00,RUN_20260914_114725,5,129173,S18_HIGH_ACON_LIGHTON_R2__RUN_20260914_114725__SESSION_001,1,1,2000.0,2,25.68,72.74,1008.43,217.5,1,HIGH,S18_HIGH_ACON_LIGHTON_R2,SESSION_001,S18_HIGH_ACON_LIGHTON_R2,2,1,1,1,S18_HIGH_ACON_LIGHTON_R2__RUN_20260914_114725__SESSION_001__SEG_01,8191,0,False,edge_trim
2026-09-14 03:49:19.758000+00:00,RUN_20260914_114725,6,129996,S18_HIGH_ACON_LIGHTON_R2__RUN_20260914_114725__SESSION_001,0,0,2000.0,4,25.69,72.74,1008.43,217.5,1,HIGH,S18_HIGH_ACON_LIGHTON_R2,SESSION_001,S18_HIGH_ACON_LIGHTON_R2,2,1,1,1,S18_HIGH_ACON_LIGHTON_R2__RUN_20260914_114725__SESSION_001__SEG_01,8190,0,False,edge_trim
2026-09-14 03:57:54.891000+00:00,RUN_20260914_114725,519,645129,S18_HIGH_ACON_LIGHTON_R2__RUN_20260914_114725__SESSION_001,0,0,2000.0,4,25.74,71.58,1008.23,219.2,1,HIGH,S18_HIGH_ACON_LIGHTON_R2,SESSION_001,S18_HIGH_ACON_LIGHTON_R2,2,1,1,1,S18_HIGH_ACON_LIGHTON_R2__RUN_20260914_114725__SESSION_001__SEG_01,8190,0,False,edge_trim
2026-09-14 03:57:56.076000+00:00,RUN_20260914_114725,520,646314,S18_HIGH_ACON_LIGHTON_R2__RUN_20260914_114725__SESSION_001,0,0,2000.0,2,25.74,71.58,1008.23,218.3,1,HIGH,S18_HIGH_ACON_LIGHTON_R2,SESSION_001,S18_HIGH_ACON_LIGHTON_R2,2,1,1,1,S18_HIGH_ACON_LIGHTON_R2__RUN_20260914_114725__SESSION_001__SEG_01,8191,0,False,edge_trim
2026-09-14 03:57:57.081000+00:00,RUN_20260914_114725,521,647319,S18_HIGH_ACON_LIGHTON_R2__RUN_20260914_114725__SESSION_001,0,0,2000.0,2,25.74,71.58,1008.23,218.3,1,HIGH,S18_HIGH_ACON_LIGHTON_R2,SESSION_001,S18_HIGH_ACON_LIGHTON_R2,2,1,1,1,S18_HIGH_ACON_LIGHTON_R2__RUN_20260914_114725__SESSION_001__SEG_01,8191,0,False,edge_trim
2026-09-14 03:57:58.086000+00:00,RUN_20260914_114725,522,648324,S18_HIGH_ACON_LIGHTON_R2__RUN_20260914_114725__SESSION_001,1,1,32.0,0,25.74,71.59,1008.23,218.3,1,HIGH,S18_HIGH_ACON_LIGHTON_R2,SESSION_001,S18_HIGH_ACON_LIGHTON_R2,2,1,1,1,S18_HIGH_ACON_LIGHTON_R2__RUN_20260914_114725__SESSION_001__SEG_01,32,1,False,edge_trim
2026-09-14 03:57:59.091000+00:00,RUN_20260914_114725,523,649329,S18_HIGH_ACON_LIGHTON_R2__RUN_20260914_114725__SESSION_001,1,1,22.0,0,25.74,71.65,1008.23,218.3,1,HIGH,S18_HIGH_ACON_LIGHTON_R2,SESSION_001,S18_HIGH_ACON_LIGHTON_R2,2,1,1,1,S18_HIGH_ACON_LIGHTON_R2__RUN_20260914_114725__SESSION_001__SEG_01,22,1,False,edge_trim
2026-09-14 04:10:55.065000+00:00,RUN_20260914_120952,1,1425198,S19_LOW_ACON_LIGHTON_LOC2__RUN_20260914_120952__SESSION_002,0,0,59.0,0,25.87,72.21,1008.0,82.5,1,LOW,S19_LOW_ACON_LIGHTON_LOC2,SESSION_002,S19_LOW_ACON_LIGHTON_LOC2,1,1,1,1,S19_LOW_ACON_LIGHTON_LOC2__RUN_20260914_120952__SESSION_002__SEG_01,59,1,False,edge_trim
2026-09-14 04:10:56.070000+00:00,RUN_20260914_120952,2,1426203,S19_LOW_ACON_LIGHTON_LOC2__RUN_20260914_120952__SESSION_002,0,0,2000.0,2,25.87,72.28,1008.0,212.5,1,LOW,S19_LOW_ACON_LIGHTON_LOC2,SESSION_002,S19_LOW_ACON_LIGHTON_LOC2,1,1,1,1,S19_LOW_ACON_LIGHTON_LOC2__RUN_20260914_120952__SESSION_002__SEG_01,8191,0,False,edge_trim
2026-09-14 04:10:57.075000+00:00,RUN_20260914_120952,3,1427208,S19_LOW_ACON_LIGHTON_LOC2__RUN_20260914_120952__SESSION_002,0,1,2000.0,2,25.87,72.77,1008.0,212.5,1,LOW,S19_LOW_ACON_LIGHTON_LOC2,SESSION_002,S19_LOW_ACON_LIGHTON_LOC2,1,1,1,1,S19_LOW_ACON_LIGHTON_LOC2__RUN_20260914_120952__SESSION_002__SEG_01,8191,0,False,edge_trim
2026-09-14 04:10:58.080000+00:00,RUN_20260914_120952,4,1428213,S19_LOW_ACON_LIGHTON_LOC2__RUN_20260914_120952__SESSION_002,0,1,2000.0,2,25.87,72.79,1008.0,211.7,1,LOW,S19_LOW_ACON_LIGHTON_LOC2,SESSION_002,S19_LOW_ACON_LIGHTON_LOC2,1,1,1,1,S19_LOW_ACON_LIGHTON_LOC2__RUN_20260914_120952__SESSION_002__SEG_01,8191,0,False,edge_trim
2026-09-14 04:10:59.085000+00:00,RUN_20260914_120952,5,1429218,S19_LOW_ACON_LIGHTON_LOC2__RUN_20260914_120952__SESSION_002,0,0,2000.0,2,25.88,72.71,1008.0,212.5,1,LOW,S19_LOW_ACON_LIGHTON_LOC2,SESSION_002,S19_LOW_ACON_LIGHTON_LOC2,1,1,1,1,S19_LOW_ACON_LIGHTON_LOC2__RUN_20260914_120952__SESSION_002__SEG_01,8191,0,False,edge_trim
2026-09-14 04:16:05.334000+00:00,RUN_20260914_120952,310,1735467,S19_LOW_ACON_LIGHTON_LOC2__RUN_20260914_120952__SESSION_002,0,1,2000.0,2,25.7,71.95,1007.94,210.0,1,LOW,S19_LOW_ACON_LIGHTON_LOC2,SESSION_002,S19_LOW_ACON_LIGHTON_LOC2,1,1,1,1,S19_LOW_ACON_LIGHTON_LOC2__RUN_20260914_120952__SESSION_002__SEG_01,8191,0,False,edge_trim
2026-09-14 04:16:06.339000+00:00,RUN_20260914_120952,311,1736472,S19_LOW_ACON_LIGHTON_LOC2__RUN_20260914_120952__SESSION_002,0,1,2000.0,2,25.7,71.95,1007.94,210.0,1,LOW,S19_LOW_ACON_LIGHTON_LOC2,SESSION_002,S19_LOW_ACON_LIGHTON_LOC2,1,1,1,1,S19_LOW_ACON_LIGHTON_LOC2__RUN_20260914_120952__SESSION_002__SEG_01,8191,0,False,edge_trim
2026-09-14 04:16:07.344000+00:00,RUN_20260914_120952,312,1737477,S19_LOW_ACON_LIGHTON_LOC2__RUN_20260914_120952__SESSION_002,1,1,141.0,0,25.7,71.93,1007.94,207.5,1,LOW,S19_LOW_ACON_LIGHTON_LOC2,SESSION_002,S19_LOW_ACON_LIGHTON_LOC2,1,1,1,1,S19_LOW_ACON_LIGHTON_LOC2__RUN_20260914_120952__SESSION_002__SEG_01,141,1,False,edge_trim
2026-09-14 04:16:08.349000+00:00,RUN_20260914_120952,313,1738482,S19_LOW_ACON_LIGHTON_LOC2__RUN_20260914_120952__SESSION_002,1,0,62.0,0,25.7,72.11,1007.94,206.7,1,LOW,S19_LOW_ACON_LIGHTON_LOC2,SESSION_002,S19_LOW_ACON_LIGHTON_LOC2,1,1,1,1,S19_LOW_ACON_LIGHTON_LOC2__RUN_20260914_120952__SESSION_002__SEG_01,62,1,False,edge_trim
2026-09-14 04:16:09.354000+00:00,RUN_20260914_120952,314,1739487,S19_LOW_ACON_LIGHTON_LOC2__RUN_20260914_120952__SESSION_002,0,0,42.0,0,25.7,72.78,1007.94,207.5,1,LOW,S19_LOW_ACON_LIGHTON_LOC2,SESSION_002,S19_LOW_ACON_LIGHTON_LOC2,1,1,1,1,S19_LOW_ACON_LIGHTON_LOC2__RUN_20260914_120952__SESSION_002__SEG_01,42,1,False,edge_trim
2026-09-14 04:26:55.067000+00:00,RUN_20260914_120952,1,2385200,S20_EMPTY_ACON_LIGHTON_LOC2__RUN_20260914_120952__SESSION_003,0,1,56.0,0,25.82,72.44,1007.75,199.2,1,EMPTY,S20_EMPTY_ACON_LIGHTON_LOC2,SESSION_003,S20_EMPTY_ACON_LIGHTON_LOC2,0,1,1,1,S20_EMPTY_ACON_LIGHTON_LOC2__RUN_20260914_120952__SESSION_003__SEG_01,56,1,False,edge_trim
2026-09-14 04:26:56.072000+00:00,RUN_20260914_120952,2,2386205,S20_EMPTY_ACON_LIGHTON_LOC2__RUN_20260914_120952__SESSION_003,0,0,2000.0,2,25.82,72.38,1007.76,197.5,1,EMPTY,S20_EMPTY_ACON_LIGHTON_LOC2,SESSION_003,S20_EMPTY_ACON_LIGHTON_LOC2,0,1,1,1,S20_EMPTY_ACON_LIGHTON_LOC2__RUN_20260914_120952__SESSION_003__SEG_01,8191,0,False,edge_trim
2026-09-14 04:26:57.077000+00:00,RUN_20260914_120952,3,2387210,S20_EMPTY_ACON_LIGHTON_LOC2__RUN_20260914_120952__SESSION_003,0,0,2000.0,2,25.82,72.36,1007.75,197.5,1,EMPTY,S20_EMPTY_ACON_LIGHTON_LOC2,SESSION_003,S20_EMPTY_ACON_LIGHTON_LOC2,0,1,1,1,S20_EMPTY_ACON_LIGHTON_LOC2__RUN_20260914_120952__SESSION_003__SEG_01,8191,0,False,edge_trim
2026-09-14 04:26:58.082000+00:00,RUN_20260914_120952,4,2388215,S20_EMPTY_ACON_LIGHTON_LOC2__RUN_20260914_120952__SESSION_003,0,1,2000.0,2,25.83,72.3,1007.76,197.5,1,EMPTY,S20_EMPTY_ACON_LIGHTON_LOC2,SESSION_003,S20_EMPTY_ACON_LIGHTON_LOC2,0,1,1,1,S20_EMPTY_ACON_LIGHTON_LOC2__RUN_20260914_120952__SESSION_003__SEG_01,8191,0,False,edge_trim
2026-09-14 04:26:59.087000+00:00,RUN_20260914_120952,5,2389220,S20_EMPTY_ACON_LIGHTON_LOC2__RUN_20260914_120952__SESSION_003,0,1,2000.0,2,25.83,72.23,1007.76,197.5,1,EMPTY,S20_EMPTY_ACON_LIGHTON_LOC2,SESSION_003,S20_EMPTY_ACON_LIGHTON_LOC2,0,1,1,1,S20_EMPTY_ACON_LIGHTON_LOC2__RUN_20260914_120952__SESSION_003__SEG_01,8191,0,False,edge_trim
2026-09-14 04:27:00.092000+00:00,RUN_20260914_120952,6,2390225,S20_EMPTY_ACON_LIGHTON_LOC2__RUN_20260914_120952__SESSION_003,0,0,2000.0,2,25.83,72.27,1007.76,197.5,1,EMPTY,S20_EMPTY_ACON_LIGHTON_LOC2,SESSION_003,S20_EMPTY_ACON_LIGHTON_LOC2,0,1,1,1,S20_EMPTY_ACON_LIGHTON_LOC2__RUN_20260914_120952__SESSION_003__SEG_01,8191,0,False,edge_trim
2026-09-14 04:27:01.097000+00:00,RUN_20260914_120952,7,2391230,S20_EMPTY_ACON_LIGHTON_LOC2__RUN_20260914_120952__SESSION_003,0,0,2000.0,2,25.83,72.33,1007.75,197.5,1,EMPTY,S20_EMPTY_ACON_LIGHTON_LOC2,SESSION_003,S20_EMPTY_ACON_LIGHTON_LOC2,0,1,1,1,S20_EMPTY_ACON_LIGHTON_LOC2__RUN_20260914_120952__SESSION_003__SEG_01,8191,0,False,edge_trim
2026-09-14 04:27:01.920000+00:00,RUN_20260914_120952,8,2392053,S20_EMPTY_ACON_LIGHTON_LOC2__RUN_20260914_120952__SESSION_003,0,0,2000.0,4,25.83,72.33,1007.76,197.5,1,EMPTY,S20_EMPTY_ACON_LIGHTON_LOC2,SESSION_003,S20_EMPTY_ACON_LIGHTON_LOC2,0,1,1,1,S20_EMPTY_ACON_LIGHTON_LOC2__RUN_20260914_120952__SESSION_003__SEG_01,8190,0,False,edge_trim
2026-09-14 04:27:03.105000+00:00,RUN_20260914_120952,9,2393238,S20_EMPTY_ACON_LIGHTON_LOC2__RUN_20260914_120952__SESSION_003,0,1,2000.0,2,25.83,72.25,1007.75,197.5,1,EMPTY,S20_EMPTY_ACON_LIGHTON_LOC2,SESSION_003,S20_EMPTY_ACON_LIGHTON_LOC2,0,1,1,1,S20_EMPTY_ACON_LIGHTON_LOC2__RUN_20260914_120952__SESSION_003__SEG_01,8191,0,False,edge_trim
2026-09-14 04:27:04.110000+00:00,RUN_20260914_120952,10,2394243,S20_EMPTY_ACON_LIGHTON_LOC2__RUN_20260914_120952__SESSION_003,0,1,2000.0,2,25.83,72.21,1007.76,197.5,1,EMPTY,S20_EMPTY_ACON_LIGHTON_LOC2,SESSION_003,S20_EMPTY_ACON_LIGHTON_LOC2,0,1,1,1,S20_EMPTY_ACON_LIGHTON_LOC2__RUN_20260914_120952__SESSION_003__SEG_01,8191,0,False,edge_trim
2026-09-14 04:27:05.110000+00:00,RUN_20260914_120952,11,2395243,S20_EMPTY_ACON_LIGHTON_LOC2__RUN_20260914_120952__SESSION_003,0,1,2000.0,2,25.83,72.13,1007.75,197.5,1,EMPTY,S20_EMPTY_ACON_LIGHTON_LOC2,SESSION_003,S20_EMPTY_ACON_LIGHTON_LOC2,0,1,1,1,S20_EMPTY_ACON_LIGHTON_LOC2__RUN_20260914_120952__SESSION_003__SEG_01,8191,0,False,edge_trim
2026-09-14 04:27:05.928000+00:00,RUN_20260914_120952,12,2396061,S20_EMPTY_ACON_LIGHTON_LOC2__RUN_20260914_120952__SESSION_003,0,0,2000.0,4,25.83,72.1,1007.76,198.3,1,EMPTY,S20_EMPTY_ACON_LIGHTON_LOC2,SESSION_003,S20_EMPTY_ACON_LIGHTON_LOC2,0,1,1,1,S20_EMPTY_ACON_LIGHTON_LOC2__RUN_20260914_120952__SESSION_003__SEG_01,8190,0,False,edge_trim
2026-09-14 04:27:07.114000+00:00,RUN_20260914_120952,13,2397247,S20_EMPTY_ACON_LIGHTON_LOC2__RUN_20260914_120952__SESSION_003,0,0,2000.0,2,25.83,72.09,1007.75,198.3,1,EMPTY,S20_EMPTY_ACON_LIGHTON_LOC2,SESSION_003,S20_EMPTY_ACON_LIGHTON_LOC2,0,1,1,1,S20_EMPTY_ACON_LIGHTON_LOC2__RUN_20260914_120952__SESSION_003__SEG_01,8191,0,False,edge_trim
2026-09-14 04:27:08.114000+00:00,RUN_20260914_120952,14,2398247,S20_EMPTY_ACON_LIGHTON_LOC2__RUN_20260914_120952__SESSION_003,0,0,2000.0,2,25.84,72.1,1007.75,198.3,1,EMPTY,S20_EMPTY_ACON_LIGHTON_LOC2,SESSION_003,S20_EMPTY_ACON_LIGHTON_LOC2,0,1,1,1,S20_EMPTY_ACON_LIGHTON_LOC2__RUN_20260914_120952__SESSION_003__SEG_01,8191,0,False,edge_trim
2026-09-14 04:27:09.114000+00:00,RUN_20260914_120952,15,2399247,S20_EMPTY_ACON_LIGHTON_LOC2__RUN_20260914_120952__SESSION_003,0,1,2000.0,2,25.84,72.15,1007.74,198.3,1,EMPTY,S20_EMPTY_ACON_LIGHTON_LOC2,SESSION_003,S20_EMPTY_ACON_LIGHTON_LOC2,0,1,1,1,S20_EMPTY_ACON_LIGHTON_LOC2__RUN_20260914_120952__SESSION_003__SEG_01,8191,0,False,edge_trim
2026-09-14 04:36:05.202000+00:00,RUN_20260914_120952,551,2935335,S20_EMPTY_ACON_LIGHTON_LOC2__RUN_20260914_120952__SESSION_003,0,1,2000.0,2,25.71,72.09,1007.65,195.8,1,EMPTY,S20_EMPTY_ACON_LIGHTON_LOC2,SESSION_003,S20_EMPTY_ACON_LIGHTON_LOC2,0,1,1,1,S20_EMPTY_ACON_LIGHTON_LOC2__RUN_20260914_120952__SESSION_003__SEG_01,8191,0,False,edge_trim
2026-09-14 04:36:06.202000+00:00,RUN_20260914_120952,552,2936335,S20_EMPTY_ACON_LIGHTON_LOC2__RUN_20260914_120952__SESSION_003,0,1,2000.0,2,25.71,72.09,1007.65,195.0,1,EMPTY,S20_EMPTY_ACON_LIGHTON_LOC2,SESSION_003,S20_EMPTY_ACON_LIGHTON_LOC2,0,1,1,1,S20_EMPTY_ACON_LIGHTON_LOC2__RUN_20260914_120952__SESSION_003__SEG_01,8191,0,False,edge_trim
2026-09-14 04:36:07.202000+00:00,RUN_20260914_120952,553,2937335,S20_EMPTY_ACON_LIGHTON_LOC2__RUN_20260914_120952__SESSION_003,0,0,2000.0,2,25.71,72.13,1007.65,195.0,1,EMPTY,S20_EMPTY_ACON_LIGHTON_LOC2,SESSION_003,S20_EMPTY_ACON_LIGHTON_LOC2,0,1,1,1,S20_EMPTY_ACON_LIGHTON_LOC2__RUN_20260914_120952__SESSION_003__SEG_01,8191,0,False,edge_trim
2026-09-14 04:36:08.202000+00:00,RUN_20260914_120952,554,2938335,S20_EMPTY_ACON_LIGHTON_LOC2__RUN_20260914_120952__SESSION_003,0,0,2000.0,2,25.71,72.08,1007.65,195.0,1,EMPTY,S20_EMPTY_ACON_LIGHTON_LOC2,SESSION_003,S20_EMPTY_ACON_LIGHTON_LOC2,0,1,1,1,S20_EMPTY_ACON_LIGHTON_LOC2__RUN_20260914_120952__SESSION_003__SEG_01,8191,0,False,edge_trim
2026-09-14 04:36:09.202000+00:00,RUN_20260914_120952,555,2939335,S20_EMPTY_ACON_LIGHTON_LOC2__RUN_20260914_120952__SESSION_003,0,0,2000.0,2,25.71,72.0,1007.65,195.0,1,EMPTY,S20_EMPTY_ACON_LIGHTON_LOC2,SESSION_003,S20_EMPTY_ACON_LIGHTON_LOC2,0,1,1,1,S20_EMPTY_ACON_LIGHTON_LOC2__RUN_20260914_120952__SESSION_003__SEG_01,8191,0,False,edge_trim
2026-09-14 04:36:10.202000+00:00,RUN_20260914_120952,556,2940335,S20_EMPTY_ACON_LIGHTON_LOC2__RUN_20260914_120952__SESSION_003,0,0,2000.0,2,25.71,72.0,1007.65,195.0,1,EMPTY,S20_EMPTY_ACON_LIGHTON_LOC2,SESSION_003,S20_EMPTY_ACON_LIGHTON_LOC2,0,1,1,1,S20_EMPTY_ACON_LIGHTON_LOC2__RUN_20260914_120952__SESSION_003__SEG_01,8191,0,False,edge_trim
2026-09-14 04:36:11.202000+00:00,RUN_20260914_120952,557,2941335,S20_EMPTY_ACON_LIGHTON_LOC2__RUN_20260914_120952__SESSION_003,0,0,2000.0,2,25.71,72.0,1007.65,195.0,1,EMPTY,S20_EMPTY_ACON_LIGHTON_LOC2,SESSION_003,S20_EMPTY_ACON_LIGHTON_LOC2,0,1,1,1,S20_EMPTY_ACON_LIGHTON_LOC2__RUN_20260914_120952__SESSION_003__SEG_01,8191,0,False,edge_trim
2026-09-14 04:36:12.202000+00:00,RUN_20260914_120952,558,2942335,S20_EMPTY_ACON_LIGHTON_LOC2__RUN_20260914_120952__SESSION_003,0,0,2000.0,2,25.71,72.03,1007.65,195.0,1,EMPTY,S20_EMPTY_ACON_LIGHTON_LOC2,SESSION_003,S20_EMPTY_ACON_LIGHTON_LOC2,0,1,1,1,S20_EMPTY_ACON_LIGHTON_LOC2__RUN_20260914_120952__SESSION_003__SEG_01,8191,0,False,edge_trim
2026-09-14 04:36:13.202000+00:00,RUN_20260914_120952,559,2943335,S20_EMPTY_ACON_LIGHTON_LOC2__RUN_20260914_120952__SESSION_003,0,1,2000.0,2,25.71,72.12,1007.65,194.2,1,EMPTY,S20_EMPTY_ACON_LIGHTON_LOC2,SESSION_003,S20_EMPTY_ACON_LIGHTON_LOC2,0,1,1,1,S20_EMPTY_ACON_LIGHTON_LOC2__RUN_20260914_120952__SESSION_003__SEG_01,8191,0,False,edge_trim
2026-09-14 04:36:14.202000+00:00,RUN_20260914_120952,560,2944335,S20_EMPTY_ACON_LIGHTON_LOC2__RUN_20260914_120952__SESSION_003,0,1,2000.0,2,25.71,72.15,1007.65,194.2,1,EMPTY,S20_EMPTY_ACON_LIGHTON_LOC2,SESSION_003,S20_EMPTY_ACON_LIGHTON_LOC2,0,1,1,1,S20_EMPTY_ACON_LIGHTON_LOC2__RUN_20260914_120952__SESSION_003__SEG_01,8191,0,False,edge_trim
2026-09-14 04:36:15.202000+00:00,RUN_20260914_120952,561,2945335,S20_EMPTY_ACON_LIGHTON_LOC2__RUN_20260914_120952__SESSION_003,0,1,2000.0,2,25.71,72.05,1007.65,194.2,1,EMPTY,S20_EMPTY_ACON_LIGHTON_LOC2,SESSION_003,S20_EMPTY_ACON_LIGHTON_LOC2,0,1,1,1,S20_EMPTY_ACON_LIGHTON_LOC2__RUN_20260914_120952__SESSION_003__SEG_01,8191,0,False,edge_trim
2026-09-14 04:36:16.202000+00:00,RUN_20260914_120952,562,2946335,S20_EMPTY_ACON_LIGHTON_LOC2__RUN_20260914_120952__SESSION_003,0,1,72.0,0,25.71,72.02,1007.65,189.2,1,EMPTY,S20_EMPTY_ACON_LIGHTON_LOC2,SESSION_003,S20_EMPTY_ACON_LIGHTON_LOC2,0,1,1,1,S20_EMPTY_ACON_LIGHTON_LOC2__RUN_20260914_120952__SESSION_003__SEG_01,72,1,False,edge_trim
2026-09-14 04:36:17.207000+00:00,RUN_20260914_120952,563,2947340,S20_EMPTY_ACON_LIGHTON_LOC2__RUN_20260914_120952__SESSION_003,1,1,69.0,0,25.71,72.09,1007.65,195.8,1,EMPTY,S20_EMPTY_ACON_LIGHTON_LOC2,SESSION_003,S20_EMPTY_ACON_LIGHTON_LOC2,0,1,1,1,S20_EMPTY_ACON_LIGHTON_LOC2__RUN_20260914_120952__SESSION_003__SEG_01,69,1,False,edge_trim
2026-09-14 04:36:18.212000+00:00,RUN_20260914_120952,564,2948345,S20_EMPTY_ACON_LIGHTON_LOC2__RUN_20260914_120952__SESSION_003,0,0,64.0,0,25.71,72.86,1007.65,197.5,1,EMPTY,S20_EMPTY_ACON_LIGHTON_LOC2,SESSION_003,S20_EMPTY_ACON_LIGHTON_LOC2,0,1,1,1,S20_EMPTY_ACON_LIGHTON_LOC2__RUN_20260914_120952__SESSION_003__SEG_01,64,1,False,edge_trim
2026-09-14 04:36:19.217000+00:00,RUN_20260914_120952,565,2949350,S20_EMPTY_ACON_LIGHTON_LOC2__RUN_20260914_120952__SESSION_003,0,0,66.0,0,25.71,72.65,1007.65,196.7,1,EMPTY,S20_EMPTY_ACON_LIGHTON_LOC2,SESSION_003,S20_EMPTY_ACON_LIGHTON_LOC2,0,1,1,1,S20_EMPTY_ACON_LIGHTON_LOC2__RUN_20260914_120952__SESSION_003__SEG_01,66,1,False,edge_trim
2026-09-14 04:36:20.222000+00:00,RUN_20260914_120952,566,2950355,S20_EMPTY_ACON_LIGHTON_LOC2__RUN_20260914_120952__SESSION_003,1,0,68.0,0,25.71,72.53,1007.65,195.8,1,EMPTY,S20_EMPTY_ACON_LIGHTON_LOC2,SESSION_003,S20_EMPTY_ACON_LIGHTON_LOC2,0,1,1,1,S20_EMPTY_ACON_LIGHTON_LOC2__RUN_20260914_120952__SESSION_003__SEG_01,68,1,False,edge_trim
2026-09-14 04:36:21.227000+00:00,RUN_20260914_120952,567,2951360,S20_EMPTY_ACON_LIGHTON_LOC2__RUN_20260914_120952__SESSION_003,1,1,44.0,0,25.71,72.69,1007.65,195.0,1,EMPTY,S20_EMPTY_ACON_LIGHTON_LOC2,SESSION_003,S20_EMPTY_ACON_LIGHTON_LOC2,0,1,1,1,S20_EMPTY_ACON_LIGHTON_LOC2__RUN_20260914_120952__SESSION_003__SEG_01,44,1,False,edge_trim
2026-09-14 05:35:45.159000+00:00,RUN_20260914_120952,1,6515292,S21_LOW_ACON_LIGHTON_LOC2_R2__RUN_20260914_120952__SESSION_004,0,0,23.0,0,25.75,75.85,1006.87,205.0,1,LOW,S21_LOW_ACON_LIGHTON_LOC2_R2,SESSION_004,S21_LOW_ACON_LIGHTON_LOC2_R2,1,1,1,1,S21_LOW_ACON_LIGHTON_LOC2_R2__RUN_20260914_120952__SESSION_004__SEG_01,23,1,False,edge_trim
2026-09-14 05:35:45.982000+00:00,RUN_20260914_120952,2,6516115,S21_LOW_ACON_LIGHTON_LOC2_R2__RUN_20260914_120952__SESSION_004,1,0,2000.0,4,25.76,75.59,1006.87,201.7,1,LOW,S21_LOW_ACON_LIGHTON_LOC2_R2,SESSION_004,S21_LOW_ACON_LIGHTON_LOC2_R2,1,1,1,1,S21_LOW_ACON_LIGHTON_LOC2_R2__RUN_20260914_120952__SESSION_004__SEG_01,8190,0,False,edge_trim
2026-09-14 05:35:47.167000+00:00,RUN_20260914_120952,3,6517300,S21_LOW_ACON_LIGHTON_LOC2_R2__RUN_20260914_120952__SESSION_004,1,0,2000.0,2,25.76,76.2,1006.88,207.5,1,LOW,S21_LOW_ACON_LIGHTON_LOC2_R2,SESSION_004,S21_LOW_ACON_LIGHTON_LOC2_R2,1,1,1,1,S21_LOW_ACON_LIGHTON_LOC2_R2__RUN_20260914_120952__SESSION_004__SEG_01,8191,0,False,edge_trim
2026-09-14 05:35:48.172000+00:00,RUN_20260914_120952,4,6518305,S21_LOW_ACON_LIGHTON_LOC2_R2__RUN_20260914_120952__SESSION_004,1,0,2000.0,2,25.77,76.14,1006.88,207.5,1,LOW,S21_LOW_ACON_LIGHTON_LOC2_R2,SESSION_004,S21_LOW_ACON_LIGHTON_LOC2_R2,1,1,1,1,S21_LOW_ACON_LIGHTON_LOC2_R2__RUN_20260914_120952__SESSION_004__SEG_01,8191,0,False,edge_trim
2026-09-14 05:35:49.177000+00:00,RUN_20260914_120952,5,6519310,S21_LOW_ACON_LIGHTON_LOC2_R2__RUN_20260914_120952__SESSION_004,0,0,2000.0,2,25.77,75.37,1006.87,207.5,1,LOW,S21_LOW_ACON_LIGHTON_LOC2_R2,SESSION_004,S21_LOW_ACON_LIGHTON_LOC2_R2,1,1,1,1,S21_LOW_ACON_LIGHTON_LOC2_R2__RUN_20260914_120952__SESSION_004__SEG_01,8191,0,False,edge_trim
2026-09-14 05:35:50+00:00,RUN_20260914_120952,6,6520133,S21_LOW_ACON_LIGHTON_LOC2_R2__RUN_20260914_120952__SESSION_004,0,0,2000.0,4,25.78,74.9,1006.88,207.5,1,LOW,S21_LOW_ACON_LIGHTON_LOC2_R2,SESSION_004,S21_LOW_ACON_LIGHTON_LOC2_R2,1,1,1,1,S21_LOW_ACON_LIGHTON_LOC2_R2__RUN_20260914_120952__SESSION_004__SEG_01,8190,0,False,edge_trim
2026-09-14 05:41:04.509000+00:00,RUN_20260914_120952,319,6834642,S21_LOW_ACON_LIGHTON_LOC2_R2__RUN_20260914_120952__SESSION_004,0,0,2000.0,2,25.68,72.63,1006.87,208.3,1,LOW,S21_LOW_ACON_LIGHTON_LOC2_R2,SESSION_004,S21_LOW_ACON_LIGHTON_LOC2_R2,1,1,1,1,S21_LOW_ACON_LIGHTON_LOC2_R2__RUN_20260914_120952__SESSION_004__SEG_01,8191,0,False,edge_trim
2026-09-14 05:41:05.514000+00:00,RUN_20260914_120952,320,6835647,S21_LOW_ACON_LIGHTON_LOC2_R2__RUN_20260914_120952__SESSION_004,1,0,2000.0,2,25.68,72.65,1006.87,208.3,1,LOW,S21_LOW_ACON_LIGHTON_LOC2_R2,SESSION_004,S21_LOW_ACON_LIGHTON_LOC2_R2,1,1,1,1,S21_LOW_ACON_LIGHTON_LOC2_R2__RUN_20260914_120952__SESSION_004__SEG_01,8191,0,False,edge_trim
2026-09-14 05:41:06.519000+00:00,RUN_20260914_120952,321,6836652,S21_LOW_ACON_LIGHTON_LOC2_R2__RUN_20260914_120952__SESSION_004,1,0,26.0,0,25.68,72.6,1006.87,207.5,1,LOW,S21_LOW_ACON_LIGHTON_LOC2_R2,SESSION_004,S21_LOW_ACON_LIGHTON_LOC2_R2,1,1,1,1,S21_LOW_ACON_LIGHTON_LOC2_R2__RUN_20260914_120952__SESSION_004__SEG_01,26,1,False,edge_trim
2026-09-14 05:41:07.524000+00:00,RUN_20260914_120952,322,6837657,S21_LOW_ACON_LIGHTON_LOC2_R2__RUN_20260914_120952__SESSION_004,0,0,22.0,0,25.68,72.84,1006.87,207.5,1,LOW,S21_LOW_ACON_LIGHTON_LOC2_R2,SESSION_004,S21_LOW_ACON_LIGHTON_LOC2_R2,1,1,1,1,S21_LOW_ACON_LIGHTON_LOC2_R2__RUN_20260914_120952__SESSION_004__SEG_01,22,1,False,edge_trim
2026-09-14 05:41:08.529000+00:00,RUN_20260914_120952,323,6838662,S21_LOW_ACON_LIGHTON_LOC2_R2__RUN_20260914_120952__SESSION_004,0,0,21.0,0,25.68,72.76,1006.87,207.5,1,LOW,S21_LOW_ACON_LIGHTON_LOC2_R2,SESSION_004,S21_LOW_ACON_LIGHTON_LOC2_R2,1,1,1,1,S21_LOW_ACON_LIGHTON_LOC2_R2__RUN_20260914_120952__SESSION_004__SEG_01,21,1,False,edge_trim
