2026-09-13T12:33:26.588+08:00,RUN_20260913_121444,1,1216559,SESSION_002,1,0,41,0,32.55,66.84,1007.35,40,1,EMPTY
2026-09-13T12:33:27.411+08:00,RUN_20260913_121444,2,1217382,SESSION_002,0,0,8190,4,32.55,68.6,1007.35,42.5,1,EMPTY
2026-09-13T12:33:28.414+08:00,RUN_20260913_121444,3,1218385,SESSION_002,0,0,8190,4,32.56,69.42,1007.35,45,1,EMPTY
2026-09-13T12:33:29.417+08:00,RUN_20260913_121444,4,1219388,SESSION_002,1,0,8190,4,32.56,68.93,1007.35,45,1,EMPTY
2026-09-13T12:33:30.602+08:00,RUN_20260913_121444,5,1220573,SESSION_002,0,0,8190,4,32.56,67.38,1007.35,45,1,EMPTY
2026-09-13T12:33:31.425+08:00,RUN_20260913_121444,6,1221396,SESSION_002,0,0,8190,4,32.56,66.92,1007.35,45,1,EMPTY
2026-09-13T12:33:32.610+08:00,RUN_20260913_121444,7,1222581,SESSION_002,0,0,8190,4,32.56,66.9,1007.35,45,1,EMPTY
2026-09-13T12:33:33.615+08:00,RUN_20260913_121444,8,1223586,SESSION_002,0,0,8190,4,32.56,65.7,1007.35,45,1,EMPTY
2026-09-13T12:33:34.620+08:00,RUN_20260913_121444,9,1224591,SESSION_002,0,0,8190,4,32.57,64.88,1007.36,45,1,EMPTY
2026-09-13T12:33:35.443+08:00,RUN_20260913_121444,10,1225414,SESSION_002,0,0,8190,4,32.57,64.67,1007.36,45,1,EMPTY
2026-09-13T12:33:36.446+08:00,RUN_20260913_121444,11,1226417,SESSION_002,0,0,8190,4,32.57,64.48,1007.36,45,1,EMPTY
2026-09-13T12:33:37.449+08:00,RUN_20260913_121444,12,1227420,SESSION_002,0,0,8190,4,32.57,64.48,1007.36,45,1,EMPTY
2026-09-13T12:33:38.452+08:00,RUN_20260913_121444,13,1228423,SESSION_002,0,0,8190,4,32.57,64.68,1007.36,45,1,EMPTY
2026-09-13T12:33:39.455+08:00,RUN_20260913_121444,14,1229426,SESSION_002,0,0,8190,4,32.57,64.79,1007.36,45,1,EMPTY
2026-09-13T12:33:40.458+08:00,RUN_20260913_121444,15,1230429,SESSION_002,0,0,8190,4,32.57,64.83,1007.36,45,1,EMPTY
2026-09-13T12:33:41.461+08:00,RUN_20260913_121444,16,1231432,SESSION_002,0,0,8190,4,32.57,64.61,1007.36,45,1,EMPTY
2026-09-13T12:33:42.464+08:00,RUN_20260913_121444,17,1232435,SESSION_002,0,0,8190,4,32.57,64.39,1007.36,45,1,EMPTY
2026-09-13T12:33:43.649+08:00,RUN_20260913_121444,18,1233620,SESSION_002,0,0,8190,4,32.57,64.22,1007.36,45,1,EMPTY
2026-09-13T12:33:44.472+08:00,RUN_20260913_121444,19,1234443,SESSION_002,0,0,8190,4,32.57,64.14,1007.36,45,1,EMPTY
2026-09-13T12:33:45.475+08:00,RUN_20260913_121444,20,1235446,SESSION_002,0,0,8190,4,32.57,63.95,1007.35,45,1,EMPTY
2026-09-13T12:33:46.478+08:00,RUN_20260913_121444,21,1236449,SESSION_002,0,0,8190,4,32.57,63.89,1007.35,45,1,EMPTY
2026-09-13T12:33:47.481+08:00,RUN_20260913_121444,22,1237452,SESSION_002,0,0,8190,4,32.57,63.75,1007.35,45,1,EMPTY
2026-09-13T12:33:48.666+08:00,RUN_20260913_121444,23,1238637,SESSION_002,0,0,8190,4,32.57,63.78,1007.35,45,1,EMPTY
2026-09-13T12:33:49.671+08:00,RUN_20260913_121444,24,1239642,SESSION_002,0,0,8190,4,32.57,63.67,1007.35,45,1,EMPTY
2026-09-13T12:33:50.676+08:00,RUN_20260913_121444,25,1240647,SESSION_002,0,0,8190,4,32.57,63.69,1007.35,45,1,EMPTY
2026-09-13T12:33:51.681+08:00,RUN_20260913_121444,26,1241652,SESSION_002,0,0,8191,2,32.57,63.58,1007.35,45,1,EMPTY
2026-09-13T12:33:52.686+08:00,RUN_20260913_121444,27,1242657,SESSION_002,0,0,8190,4,32.57,63.58,1007.35,45,1,EMPTY
2026-09-13T12:33:53.691+08:00,RUN_20260913_121444,28,1243662,SESSION_002,0,0,8190,4,32.57,63.55,1007.35,45,1,EMPTY
2026-09-13T12:33:54.514+08:00,RUN_20260913_121444,29,1244485,SESSION_002,0,0,8190,4,32.57,63.61,1007.35,45,1,EMPTY
2026-09-13T12:33:55.517+08:00,RUN_20260913_121444,30,1245488,SESSION_002,0,0,8190,4,32.57,63.47,1007.35,45,1,EMPTY
2026-09-13T12:33:56.520+08:00,RUN_20260913_121444,31,1246491,SESSION_002,0,0,8190,4,32.57,63.41,1007.35,45,1,EMPTY
2026-09-13T12:33:57.523+08:00,RUN_20260913_121444,32,1247494,SESSION_002,0,0,8190,4,32.57,63.4,1007.35,45,1,EMPTY
2026-09-13T12:33:58.526+08:00,RUN_20260913_121444,33,1248497,SESSION_002,0,0,8190,4,32.57,63.45,1007.35,45,1,EMPTY
2026-09-13T12:33:59.711+08:00,RUN_20260913_121444,34,1249682,SESSION_002,0,0,8190,4,32.57,63.38,1007.35,45,1,EMPTY
2026-09-13T12:34:00.534+08:00,RUN_20260913_121444,35,1250505,SESSION_002,0,0,8190,4,32.57,63.42,1007.35,45,1,EMPTY
2026-09-13T12:34:01.537+08:00,RUN_20260913_121444,36,1251508,SESSION_002,0,0,8190,4,32.57,63.39,1007.35,45,1,EMPTY
2026-09-13T12:34:02.540+08:00,RUN_20260913_121444,37,1252511,SESSION_002,0,0,8190,4,32.57,63.36,1007.35,45,1,EMPTY
2026-09-13T12:34:03.543+08:00,RUN_20260913_121444,38,1253514,SESSION_002,0,0,8190,4,32.56,63.28,1007.35,45,1,EMPTY
2026-09-13T12:34:04.546+08:00,RUN_20260913_121444,39,1254517,SESSION_002,0,0,8190,4,32.56,63.25,1007.35,45,1,EMPTY
2026-09-13T12:34:05.731+08:00,RUN_20260913_121444,40,1255702,SESSION_002,0,0,8190,4,32.56,63.33,1007.35,45,1,EMPTY
2026-09-13T12:34:06.554+08:00,RUN_20260913_121444,41,1256525,SESSION_002,0,0,8190,4,32.56,63.29,1007.35,45,1,EMPTY
2026-09-13T12:34:07.739+08:00,RUN_20260913_121444,42,1257710,SESSION_002,0,0,8190,4,32.56,63.18,1007.35,45,1,EMPTY
2026-09-13T12:34:08.562+08:00,RUN_20260913_121444,43,1258533,SESSION_002,0,0,8190,4,32.56,63.25,1007.35,45,1,EMPTY
2026-09-13T12:34:09.565+08:00,RUN_20260913_121444,44,1259536,SESSION_002,0,0,8190,4,32.56,63.2,1007.35,45,1,EMPTY
2026-09-13T12:34:10.568+08:00,RUN_20260913_121444,45,1260539,SESSION_002,0,0,8190,4,32.56,63.14,1007.35,45,1,EMPTY
2026-09-13T12:34:11.571+08:00,RUN_20260913_121444,46,1261542,SESSION_002,0,0,8190,4,32.56,63.12,1007.35,45,1,EMPTY
2026-09-13T12:34:12.756+08:00,RUN_20260913_121444,47,1262727,SESSION_002,0,0,8190,4,32.56,63.17,1007.35,44.2,1,EMPTY
2026-09-13T12:34:13.579+08:00,RUN_20260913_121444,48,1263550,SESSION_002,0,0,8190,4,32.56,63.12,1007.34,45,1,EMPTY
2026-09-13T12:34:14.582+08:00,RUN_20260913_121444,49,1264553,SESSION_002,0,0,8190,4,32.56,63.06,1007.34,45,1,EMPTY
2026-09-13T12:34:15.585+08:00,RUN_20260913_121444,50,1265556,SESSION_002,0,0,8190,4,32.56,63.11,1007.34,45,1,EMPTY
2026-09-13T12:34:16.588+08:00,RUN_20260913_121444,51,1266559,SESSION_002,0,0,8190,4,32.56,63.01,1007.34,45,1,EMPTY
2026-09-13T12:34:17.773+08:00,RUN_20260913_121444,52,1267744,SESSION_002,0,0,8190,4,32.56,63.09,1007.33,44.2,1,EMPTY
2026-09-13T12:34:18.596+08:00,RUN_20260913_121444,53,1268567,SESSION_002,0,0,8190,4,32.56,63.06,1007.33,45,1,EMPTY
2026-09-13T12:34:19.781+08:00,RUN_20260913_121444,54,1269752,SESSION_002,0,0,8190,4,32.56,63.06,1007.33,44.2,1,EMPTY
2026-09-13T12:34:20.786+08:00,RUN_20260913_121444,55,1270757,SESSION_002,0,0,8190,4,32.56,63.07,1007.33,44.2,1,EMPTY
2026-09-13T12:34:21.609+08:00,RUN_20260913_121444,56,1271580,SESSION_002,0,0,8190,4,32.56,62.97,1007.33,45,1,EMPTY
2026-09-13T12:34:22.612+08:00,RUN_20260913_121444,57,1272583,SESSION_002,0,0,8190,4,32.56,62.97,1007.33,45,1,EMPTY
2026-09-13T12:34:23.615+08:00,RUN_20260913_121444,58,1273586,SESSION_002,0,0,8190,4,32.56,62.92,1007.33,45,1,EMPTY
2026-09-13T12:34:24.618+08:00,RUN_20260913_121444,59,1274589,SESSION_002,0,0,8190,4,32.56,62.91,1007.33,44.2,1,EMPTY
2026-09-13T12:34:25.803+08:00,RUN_20260913_121444,60,1275774,SESSION_002,0,0,8190,4,32.56,62.87,1007.33,44.2,1,EMPTY
2026-09-13T12:34:26.808+08:00,RUN_20260913_121444,61,1276779,SESSION_002,0,0,8190,4,32.56,62.85,1007.32,44.2,1,EMPTY
2026-09-13T12:34:27.631+08:00,RUN_20260913_121444,62,1277602,SESSION_002,0,0,8190,4,32.56,62.94,1007.32,45,1,EMPTY
2026-09-13T12:34:28.634+08:00,RUN_20260913_121444,63,1278605,SESSION_002,0,0,8190,4,32.56,62.87,1007.32,45,1,EMPTY
2026-09-13T12:34:29.637+08:00,RUN_20260913_121444,64,1279608,SESSION_002,0,0,8190,4,32.55,62.93,1007.32,45,1,EMPTY
2026-09-13T12:34:30.822+08:00,RUN_20260913_121444,65,1280793,SESSION_002,0,0,8190,4,32.55,62.86,1007.31,44.2,1,EMPTY
2026-09-13T12:34:31.645+08:00,RUN_20260913_121444,66,1281616,SESSION_002,0,0,8190,4,32.55,62.87,1007.31,45,1,EMPTY
2026-09-13T12:34:32.648+08:00,RUN_20260913_121444,67,1282619,SESSION_002,0,0,8190,4,32.55,62.85,1007.31,45,1,EMPTY
2026-09-13T12:34:33.651+08:00,RUN_20260913_121444,68,1283622,SESSION_002,0,0,8190,4,32.55,62.97,1007.31,44.2,1,EMPTY
2026-09-13T12:34:34.836+08:00,RUN_20260913_121444,69,1284807,SESSION_002,0,0,8190,4,32.55,62.87,1007.31,44.2,1,EMPTY
2026-09-13T12:34:35.659+08:00,RUN_20260913_121444,70,1285630,SESSION_002,0,0,8190,4,32.55,62.87,1007.31,44.2,1,EMPTY
2026-09-13T12:34:36.662+08:00,RUN_20260913_121444,71,1286633,SESSION_002,0,0,8190,4,32.55,62.98,1007.3,44.2,1,EMPTY
2026-09-13T12:34:37.665+08:00,RUN_20260913_121444,72,1287636,SESSION_002,0,0,8190,4,32.55,63,1007.3,44.2,1,EMPTY
2026-09-13T12:34:38.850+08:00,RUN_20260913_121444,73,1288821,SESSION_002,0,0,8190,4,32.55,62.95,1007.3,44.2,1,EMPTY
2026-09-13T12:34:39.855+08:00,RUN_20260913_121444,74,1289826,SESSION_002,0,0,8190,4,32.55,62.92,1007.3,44.2,1,EMPTY
2026-09-13T12:34:40.860+08:00,RUN_20260913_121444,75,1290831,SESSION_002,0,0,8190,4,32.55,62.92,1007.3,44.2,1,EMPTY
2026-09-13T12:34:41.683+08:00,RUN_20260913_121444,76,1291654,SESSION_002,0,0,8190,4,32.55,62.89,1007.29,44.2,1,EMPTY
2026-09-13T12:34:42.686+08:00,RUN_20260913_121444,77,1292657,SESSION_002,0,0,8190,4,32.55,62.91,1007.29,44.2,1,EMPTY
2026-09-13T12:34:43.689+08:00,RUN_20260913_121444,78,1293660,SESSION_002,0,0,8190,4,32.55,62.98,1007.29,44.2,1,EMPTY
2026-09-13T12:34:44.692+08:00,RUN_20260913_121444,79,1294663,SESSION_002,0,0,8190,4,32.55,62.88,1007.29,44.2,1,EMPTY
2026-09-13T12:34:45.695+08:00,RUN_20260913_121444,80,1295666,SESSION_002,0,0,8190,4,32.55,62.89,1007.29,44.2,1,EMPTY
2026-09-13T12:34:46.698+08:00,RUN_20260913_121444,81,1296669,SESSION_002,0,0,8190,4,32.55,62.91,1007.29,44.2,1,EMPTY
2026-09-13T12:34:47.701+08:00,RUN_20260913_121444,82,1297672,SESSION_002,0,0,8190,4,32.55,62.91,1007.29,44.2,1,EMPTY
2026-09-13T12:34:48.704+08:00,RUN_20260913_121444,83,1298675,SESSION_002,0,0,8190,4,32.55,62.87,1007.29,44.2,1,EMPTY
2026-09-13T12:34:49.889+08:00,RUN_20260913_121444,84,1299860,SESSION_002,0,0,8190,4,32.55,62.99,1007.29,44.2,1,EMPTY
2026-09-13T12:34:50.712+08:00,RUN_20260913_121444,85,1300683,SESSION_002,0,0,8190,4,32.55,62.98,1007.28,44.2,1,EMPTY
2026-09-13T12:34:51.715+08:00,RUN_20260913_121444,86,1301686,SESSION_002,0,0,8190,4,32.55,62.99,1007.28,44.2,1,EMPTY
2026-09-13T12:34:52.718+08:00,RUN_20260913_121444,87,1302689,SESSION_002,0,0,8190,4,32.55,62.93,1007.28,44.2,1,EMPTY
2026-09-13T12:34:53.721+08:00,RUN_20260913_121444,88,1303692,SESSION_002,0,0,8190,4,32.55,62.94,1007.28,44.2,1,EMPTY
2026-09-13T12:34:54.906+08:00,RUN_20260913_121444,89,1304877,SESSION_002,0,0,8190,4,32.55,62.93,1007.28,44.2,1,EMPTY
2026-09-13T12:34:55.911+08:00,RUN_20260913_121444,90,1305882,SESSION_002,0,0,8190,4,32.55,63,1007.28,44.2,1,EMPTY
2026-09-13T12:34:56.734+08:00,RUN_20260913_121444,91,1306705,SESSION_002,0,0,8190,4,32.55,62.95,1007.28,44.2,1,EMPTY
2026-09-13T12:34:57.737+08:00,RUN_20260913_121444,92,1307708,SESSION_002,0,0,8190,4,32.55,62.94,1007.28,44.2,1,EMPTY
2026-09-13T12:34:58.740+08:00,RUN_20260913_121444,93,1308711,SESSION_002,0,0,8190,4,32.55,62.93,1007.28,44.2,1,EMPTY
2026-09-13T12:34:59.743+08:00,RUN_20260913_121444,94,1309714,SESSION_002,0,0,8190,4,32.55,63.01,1007.28,44.2,1,EMPTY
2026-09-13T12:35:00.746+08:00,RUN_20260913_121444,95,1310717,SESSION_002,0,0,8190,4,32.55,62.87,1007.28,44.2,1,EMPTY
2026-09-13T12:35:01.749+08:00,RUN_20260913_121444,96,1311720,SESSION_002,0,0,8190,4,32.55,62.98,1007.28,44.2,1,EMPTY
2026-09-13T12:35:02.752+08:00,RUN_20260913_121444,97,1312723,SESSION_002,0,0,8190,4,32.55,62.92,1007.28,44.2,1,EMPTY
2026-09-13T12:35:03.755+08:00,RUN_20260913_121444,98,1313726,SESSION_002,0,0,8190,4,32.55,62.93,1007.28,44.2,1,EMPTY
2026-09-13T12:35:04.940+08:00,RUN_20260913_121444,99,1314911,SESSION_002,0,0,8190,4,32.55,62.88,1007.28,44.2,1,EMPTY
2026-09-13T12:35:05.763+08:00,RUN_20260913_121444,100,1315734,SESSION_002,0,0,8190,4,32.55,62.91,1007.28,44.2,1,EMPTY
2026-09-13T12:35:06.949+08:00,RUN_20260913_121444,101,1316920,SESSION_002,0,0,8190,4,32.55,62.91,1007.28,44.2,1,EMPTY
2026-09-13T12:35:07.949+08:00,RUN_20260913_121444,102,1317920,SESSION_002,0,0,8190,4,32.55,62.91,1007.28,44.2,1,EMPTY
2026-09-13T12:35:08.767+08:00,RUN_20260913_121444,103,1318738,SESSION_002,0,0,8190,4,32.55,62.87,1007.28,44.2,1,EMPTY
2026-09-13T12:35:09.771+08:00,RUN_20260913_121444,104,1319742,SESSION_002,0,0,8190,4,32.55,62.92,1007.28,44.2,1,EMPTY
2026-09-13T12:35:10.775+08:00,RUN_20260913_121444,105,1320746,SESSION_002,0,0,8190,4,32.55,62.89,1007.29,44.2,1,EMPTY
2026-09-13T12:35:11.779+08:00,RUN_20260913_121444,106,1321750,SESSION_002,0,0,8190,4,32.55,62.95,1007.29,44.2,1,EMPTY
2026-09-13T12:35:12.783+08:00,RUN_20260913_121444,107,1322754,SESSION_002,0,0,8190,4,32.55,62.88,1007.29,44.2,1,EMPTY
2026-09-13T12:35:13.787+08:00,RUN_20260913_121444,108,1323758,SESSION_002,0,0,8190,4,32.55,62.94,1007.29,44.2,1,EMPTY
2026-09-13T12:35:14.791+08:00,RUN_20260913_121444,109,1324762,SESSION_002,0,0,8190,4,32.55,62.88,1007.29,44.2,1,EMPTY
2026-09-13T12:35:15.795+08:00,RUN_20260913_121444,110,1325766,SESSION_002,0,0,8190,4,32.55,62.88,1007.29,44.2,1,EMPTY
2026-09-13T12:35:16.799+08:00,RUN_20260913_121444,111,1326770,SESSION_002,0,0,8190,4,32.55,62.95,1007.29,44.2,1,EMPTY
2026-09-13T12:35:17.803+08:00,RUN_20260913_121444,112,1327774,SESSION_002,0,0,8190,4,32.55,62.94,1007.29,44.2,1,EMPTY
2026-09-13T12:35:18.989+08:00,RUN_20260913_121444,113,1328960,SESSION_002,0,0,8190,4,32.55,62.88,1007.29,44.2,1,EMPTY
2026-09-13T12:35:19.807+08:00,RUN_20260913_121444,114,1329778,SESSION_002,0,0,8190,4,32.55,62.91,1007.29,44.2,1,EMPTY
2026-09-13T12:35:20.993+08:00,RUN_20260913_121444,115,1330964,SESSION_002,0,0,8190,4,32.55,62.91,1007.28,44.2,1,EMPTY
2026-09-13T12:35:21.811+08:00,RUN_20260913_121444,116,1331782,SESSION_002,0,0,8190,4,32.55,62.89,1007.28,44.2,1,EMPTY
2026-09-13T12:35:22.815+08:00,RUN_20260913_121444,117,1332786,SESSION_002,0,0,8190,4,32.55,62.88,1007.28,44.2,1,EMPTY
2026-09-13T12:35:23.819+08:00,RUN_20260913_121444,118,1333790,SESSION_002,0,0,8190,4,32.55,62.89,1007.28,44.2,1,EMPTY
2026-09-13T12:35:25.005+08:00,RUN_20260913_121444,119,1334976,SESSION_002,0,0,8190,4,32.55,62.88,1007.28,44.2,1,EMPTY
2026-09-13T12:35:25.823+08:00,RUN_20260913_121444,120,1335794,SESSION_002,0,0,8190,4,32.55,62.99,1007.28,44.2,1,EMPTY
2026-09-13T12:35:26.827+08:00,RUN_20260913_121444,121,1336798,SESSION_002,0,0,8190,4,32.55,62.88,1007.28,44.2,1,EMPTY
2026-09-13T12:35:27.831+08:00,RUN_20260913_121444,122,1337802,SESSION_002,0,0,8190,4,32.55,62.88,1007.28,44.2,1,EMPTY
2026-09-13T12:35:28.835+08:00,RUN_20260913_121444,123,1338806,SESSION_002,0,0,8190,4,32.55,62.97,1007.28,44.2,1,EMPTY
2026-09-13T12:35:29.839+08:00,RUN_20260913_121444,124,1339810,SESSION_002,0,0,8190,4,32.55,62.97,1007.28,44.2,1,EMPTY
2026-09-13T12:35:31.025+08:00,RUN_20260913_121444,125,1340996,SESSION_002,0,0,8190,4,32.55,62.88,1007.28,44.2,1,EMPTY
2026-09-13T12:35:32.025+08:00,RUN_20260913_121444,126,1341996,SESSION_002,0,0,8190,4,32.55,62.87,1007.28,44.2,1,EMPTY
2026-09-13T12:35:32.843+08:00,RUN_20260913_121444,127,1342814,SESSION_002,0,0,8190,4,32.55,62.95,1007.28,44.2,1,EMPTY
2026-09-13T12:35:34.029+08:00,RUN_20260913_121444,128,1344000,SESSION_002,0,0,8190,4,32.55,62.87,1007.28,44.2,1,EMPTY
2026-09-13T12:35:35.029+08:00,RUN_20260913_121444,129,1345000,SESSION_002,0,0,8190,4,32.55,62.95,1007.27,44.2,1,EMPTY
2026-09-13T12:35:35.847+08:00,RUN_20260913_121444,130,1345818,SESSION_002,0,0,8190,4,32.55,62.87,1007.27,44.2,1,EMPTY
2026-09-13T12:35:37.033+08:00,RUN_20260913_121444,131,1347004,SESSION_002,0,0,8190,4,32.55,62.86,1007.27,44.2,1,EMPTY
2026-09-13T12:35:37.851+08:00,RUN_20260913_121444,132,1347822,SESSION_002,0,0,8190,4,32.55,62.88,1007.27,44.2,1,EMPTY
2026-09-13T12:35:39.037+08:00,RUN_20260913_121444,133,1349008,SESSION_002,0,0,8190,4,32.55,62.88,1007.27,44.2,1,EMPTY
2026-09-13T12:35:39.855+08:00,RUN_20260913_121444,134,1349826,SESSION_002,0,0,8190,4,32.55,62.87,1007.27,44.2,1,EMPTY
2026-09-13T12:35:41.041+08:00,RUN_20260913_121444,135,1351012,SESSION_002,0,0,8190,4,32.55,62.93,1007.27,44.2,1,EMPTY
2026-09-13T12:35:42.041+08:00,RUN_20260913_121444,136,1352012,SESSION_002,0,0,8190,4,32.55,62.88,1007.27,44.2,1,EMPTY
2026-09-13T12:35:42.859+08:00,RUN_20260913_121444,137,1352830,SESSION_002,0,0,8190,4,32.55,62.87,1007.27,44.2,1,EMPTY
2026-09-13T12:35:43.863+08:00,RUN_20260913_121444,138,1353834,SESSION_002,0,0,8190,4,32.55,62.88,1007.27,44.2,1,EMPTY
2026-09-13T12:35:45.049+08:00,RUN_20260913_121444,139,1355020,SESSION_002,0,0,8190,4,32.55,62.87,1007.27,44.2,1,EMPTY
2026-09-13T12:35:45.867+08:00,RUN_20260913_121444,140,1355838,SESSION_002,0,0,8190,4,32.55,62.89,1007.27,44.2,1,EMPTY
2026-09-13T12:35:46.871+08:00,RUN_20260913_121444,141,1356842,SESSION_002,0,0,8190,4,32.55,62.86,1007.27,44.2,1,EMPTY
2026-09-13T12:35:47.875+08:00,RUN_20260913_121444,142,1357846,SESSION_002,0,0,8190,4,32.55,62.95,1007.26,44.2,1,EMPTY
2026-09-13T12:35:48.879+08:00,RUN_20260913_121444,143,1358850,SESSION_002,0,0,8190,4,32.55,62.96,1007.26,44.2,1,EMPTY
2026-09-13T12:35:50.065+08:00,RUN_20260913_121444,144,1360036,SESSION_002,0,0,8190,4,32.55,63,1007.26,44.2,1,EMPTY
2026-09-13T12:35:50.883+08:00,RUN_20260913_121444,145,1360854,SESSION_002,0,0,8190,4,32.55,62.92,1007.26,44.2,1,EMPTY
2026-09-13T12:35:52.069+08:00,RUN_20260913_121444,146,1362040,SESSION_002,0,0,8190,4,32.55,62.93,1007.26,44.2,1,EMPTY
2026-09-13T12:35:52.887+08:00,RUN_20260913_121444,147,1362858,SESSION_002,0,0,8190,4,32.55,62.92,1007.26,44.2,1,EMPTY
2026-09-13T12:35:53.891+08:00,RUN_20260913_121444,148,1363862,SESSION_002,0,0,8190,4,32.55,62.91,1007.26,44.2,1,EMPTY
2026-09-13T12:35:54.895+08:00,RUN_20260913_121444,149,1364866,SESSION_002,0,0,8190,4,32.55,62.95,1007.26,44.2,1,EMPTY
2026-09-13T12:35:55.899+08:00,RUN_20260913_121444,150,1365870,SESSION_002,0,0,8190,4,32.55,62.96,1007.26,44.2,1,EMPTY
2026-09-13T12:35:57.085+08:00,RUN_20260913_121444,151,1367056,SESSION_002,0,0,8190,4,32.55,62.96,1007.26,44.2,1,EMPTY
2026-09-13T12:35:57.903+08:00,RUN_20260913_121444,152,1367874,SESSION_002,0,0,8190,4,32.55,63,1007.26,44.2,1,EMPTY
2026-09-13T12:35:58.907+08:00,RUN_20260913_121444,153,1368878,SESSION_002,0,0,8190,4,32.55,62.95,1007.25,44.2,1,EMPTY
2026-09-13T12:35:59.911+08:00,RUN_20260913_121444,154,1369882,SESSION_002,0,0,8190,4,32.55,62.93,1007.25,44.2,1,EMPTY
2026-09-13T12:36:01.097+08:00,RUN_20260913_121444,155,1371068,SESSION_002,0,0,8190,4,32.55,62.93,1007.25,44.2,1,EMPTY
2026-09-13T12:36:02.097+08:00,RUN_20260913_121444,156,1372068,SESSION_002,0,0,8190,4,32.55,62.94,1007.25,44.2,1,EMPTY
2026-09-13T12:36:02.915+08:00,RUN_20260913_121444,157,1372886,SESSION_002,0,0,8190,4,32.55,62.94,1007.25,44.2,1,EMPTY
2026-09-13T12:36:04.101+08:00,RUN_20260913_121444,158,1374072,SESSION_002,0,0,8190,4,32.55,62.99,1007.25,44.2,1,EMPTY
2026-09-13T12:36:05.101+08:00,RUN_20260913_121444,159,1375072,SESSION_002,0,0,8190,4,32.55,62.99,1007.25,44.2,1,EMPTY
2026-09-13T12:36:06.101+08:00,RUN_20260913_121444,160,1376072,SESSION_002,0,0,8190,4,32.55,62.92,1007.25,44.2,1,EMPTY
2026-09-13T12:36:07.101+08:00,RUN_20260913_121444,161,1377072,SESSION_002,0,0,8190,4,32.55,62.92,1007.25,44.2,1,EMPTY
2026-09-13T12:36:07.919+08:00,RUN_20260913_121444,162,1377890,SESSION_002,0,0,8190,4,32.55,62.95,1007.25,44.2,1,EMPTY
2026-09-13T12:36:08.923+08:00,RUN_20260913_121444,163,1378894,SESSION_002,0,0,8190,4,32.55,62.92,1007.25,44.2,1,EMPTY
2026-09-13T12:36:09.927+08:00,RUN_20260913_121444,164,1379898,SESSION_002,0,0,8190,4,32.55,62.94,1007.25,44.2,1,EMPTY
2026-09-13T12:36:11.113+08:00,RUN_20260913_121444,165,1381084,SESSION_002,0,0,8190,4,32.55,63.06,1007.25,44.2,1,EMPTY
2026-09-13T12:36:11.931+08:00,RUN_20260913_121444,166,1381902,SESSION_002,0,0,8190,4,32.55,62.94,1007.25,44.2,1,EMPTY
2026-09-13T12:36:12.935+08:00,RUN_20260913_121444,167,1382906,SESSION_002,0,0,8190,4,32.55,62.94,1007.25,44.2,1,EMPTY
2026-09-13T12:36:14.121+08:00,RUN_20260913_121444,168,1384092,SESSION_002,0,0,8190,4,32.55,63.01,1007.26,44.2,1,EMPTY
2026-09-13T12:36:14.939+08:00,RUN_20260913_121444,169,1384910,SESSION_002,0,0,8190,4,32.55,62.95,1007.26,44.2,1,EMPTY
2026-09-13T12:36:15.943+08:00,RUN_20260913_121444,170,1385914,SESSION_002,0,0,8190,4,32.55,62.93,1007.26,44.2,1,EMPTY
2026-09-13T12:36:16.947+08:00,RUN_20260913_121444,171,1386918,SESSION_002,0,0,8190,4,32.55,62.96,1007.26,44.2,1,EMPTY
2026-09-13T12:36:17.951+08:00,RUN_20260913_121444,172,1387922,SESSION_002,0,0,8190,4,32.55,62.95,1007.26,44.2,1,EMPTY
2026-09-13T12:36:19.137+08:00,RUN_20260913_121444,173,1389108,SESSION_002,0,0,8190,4,32.55,63,1007.26,44.2,1,EMPTY
2026-09-13T12:36:19.955+08:00,RUN_20260913_121444,174,1389926,SESSION_002,0,0,8190,4,32.55,63,1007.26,44.2,1,EMPTY
2026-09-13T12:36:20.959+08:00,RUN_20260913_121444,175,1390930,SESSION_002,0,0,8190,4,32.55,63.05,1007.26,44.2,1,EMPTY
2026-09-13T12:36:21.963+08:00,RUN_20260913_121444,176,1391934,SESSION_002,0,0,8190,4,32.55,62.96,1007.26,44.2,1,EMPTY
2026-09-13T12:36:23.149+08:00,RUN_20260913_121444,177,1393120,SESSION_002,0,0,8190,4,32.55,62.95,1007.26,44.2,1,EMPTY
2026-09-13T12:36:23.967+08:00,RUN_20260913_121444,178,1393938,SESSION_002,0,0,8190,4,32.55,62.88,1007.26,44.2,1,EMPTY
2026-09-13T12:36:25.153+08:00,RUN_20260913_121444,179,1395124,SESSION_002,0,0,8190,4,32.55,62.88,1007.26,44.2,1,EMPTY
2026-09-13T12:36:25.971+08:00,RUN_20260913_121444,180,1395942,SESSION_002,0,0,8190,4,32.55,62.91,1007.26,44.2,1,EMPTY
2026-09-13T12:36:27.157+08:00,RUN_20260913_121444,181,1397128,SESSION_002,0,0,8190,4,32.55,62.98,1007.26,44.2,1,EMPTY
2026-09-13T12:36:28.157+08:00,RUN_20260913_121444,182,1398128,SESSION_002,0,0,8190,4,32.55,62.88,1007.26,44.2,1,EMPTY
2026-09-13T12:36:29.157+08:00,RUN_20260913_121444,183,1399128,SESSION_002,0,0,8190,4,32.55,62.88,1007.26,44.2,1,EMPTY
2026-09-13T12:36:30.157+08:00,RUN_20260913_121444,184,1400128,SESSION_002,0,0,8190,4,32.55,62.95,1007.25,44.2,1,EMPTY
2026-09-13T12:36:30.975+08:00,RUN_20260913_121444,185,1400946,SESSION_002,0,0,8190,4,32.55,62.99,1007.25,44.2,1,EMPTY
2026-09-13T12:36:31.979+08:00,RUN_20260913_121444,186,1401950,SESSION_002,0,0,8190,4,32.55,62.91,1007.26,44.2,1,EMPTY
2026-09-13T12:36:32.983+08:00,RUN_20260913_121444,187,1402954,SESSION_002,0,0,8190,4,32.55,62.94,1007.26,44.2,1,EMPTY
2026-09-13T12:36:34.169+08:00,RUN_20260913_121444,188,1404140,SESSION_002,0,0,8190,4,32.55,62.99,1007.26,44.2,1,EMPTY
2026-09-13T12:36:34.987+08:00,RUN_20260913_121444,189,1404958,SESSION_002,0,0,8190,4,32.55,62.99,1007.26,44.2,1,EMPTY
2026-09-13T12:36:35.991+08:00,RUN_20260913_121444,190,1405962,SESSION_002,0,0,8190,4,32.55,62.98,1007.26,44.2,1,EMPTY
2026-09-13T12:36:36.995+08:00,RUN_20260913_121444,191,1406966,SESSION_002,0,0,8190,4,32.55,62.96,1007.27,44.2,1,EMPTY
2026-09-13T12:36:37.999+08:00,RUN_20260913_121444,192,1407970,SESSION_002,0,0,8190,4,32.55,63.03,1007.27,44.2,1,EMPTY
2026-09-13T12:36:39.003+08:00,RUN_20260913_121444,193,1408974,SESSION_002,0,0,8190,4,32.55,62.95,1007.27,44.2,1,EMPTY
2026-09-13T12:36:40.007+08:00,RUN_20260913_121444,194,1409978,SESSION_002,0,0,8190,4,32.55,62.95,1007.27,44.2,1,EMPTY
2026-09-13T12:36:41.193+08:00,RUN_20260913_121444,195,1411164,SESSION_002,0,0,8190,4,32.55,62.92,1007.28,44.2,1,EMPTY
2026-09-13T12:36:42.011+08:00,RUN_20260913_121444,196,1411982,SESSION_002,0,0,8190,4,32.55,62.89,1007.28,44.2,1,EMPTY
2026-09-13T12:36:43.015+08:00,RUN_20260913_121444,197,1412986,SESSION_002,0,0,8190,4,32.55,63,1007.28,44.2,1,EMPTY
2026-09-13T12:36:44.201+08:00,RUN_20260913_121444,198,1414172,SESSION_002,0,0,8190,4,32.55,62.94,1007.28,44.2,1,EMPTY
2026-09-13T12:36:45.201+08:00,RUN_20260913_121444,199,1415172,SESSION_002,0,0,8190,4,32.55,63.03,1007.28,44.2,1,EMPTY
2026-09-13T12:36:46.019+08:00,RUN_20260913_121444,200,1415990,SESSION_002,0,0,8190,4,32.55,62.91,1007.28,44.2,1,EMPTY
2026-09-13T12:36:47.205+08:00,RUN_20260913_121444,201,1417176,SESSION_002,0,0,8190,4,32.55,62.95,1007.28,44.2,1,EMPTY
2026-09-13T12:36:48.023+08:00,RUN_20260913_121444,202,1417994,SESSION_002,0,0,8190,4,32.55,62.88,1007.28,44.2,1,EMPTY
2026-09-13T12:36:49.209+08:00,RUN_20260913_121444,203,1419180,SESSION_002,0,0,8190,4,32.55,62.93,1007.28,44.2,1,EMPTY
2026-09-13T12:36:50.209+08:00,RUN_20260913_121444,204,1420180,SESSION_002,0,0,8190,4,32.55,62.98,1007.28,44.2,1,EMPTY
2026-09-13T12:36:51.209+08:00,RUN_20260913_121444,205,1421180,SESSION_002,0,0,8190,4,32.55,62.89,1007.28,44.2,1,EMPTY
2026-09-13T12:36:52.027+08:00,RUN_20260913_121444,206,1421998,SESSION_002,0,0,8190,4,32.55,62.87,1007.28,44.2,1,EMPTY
2026-09-13T12:36:53.031+08:00,RUN_20260913_121444,207,1423002,SESSION_002,0,0,8190,4,32.55,62.88,1007.28,44.2,1,EMPTY
2026-09-13T12:36:54.217+08:00,RUN_20260913_121444,208,1424188,SESSION_002,0,0,8190,4,32.55,62.85,1007.28,44.2,1,EMPTY
2026-09-13T12:36:55.217+08:00,RUN_20260913_121444,209,1425188,SESSION_002,0,0,8190,4,32.54,62.87,1007.28,44.2,1,EMPTY
2026-09-13T12:36:56.217+08:00,RUN_20260913_121444,210,1426188,SESSION_002,0,0,8190,4,32.54,62.95,1007.28,44.2,1,EMPTY
2026-09-13T12:36:57.035+08:00,RUN_20260913_121444,211,1427006,SESSION_002,0,0,8190,4,32.54,62.9,1007.28,44.2,1,EMPTY
2026-09-13T12:36:58.039+08:00,RUN_20260913_121444,212,1428010,SESSION_002,0,0,8190,4,32.54,62.96,1007.27,44.2,1,EMPTY
2026-09-13T12:36:59.043+08:00,RUN_20260913_121444,213,1429014,SESSION_002,0,0,8190,4,32.54,62.88,1007.27,44.2,1,EMPTY
2026-09-13T12:37:00.047+08:00,RUN_20260913_121444,214,1430018,SESSION_002,0,0,8190,4,32.54,62.88,1007.27,44.2,1,EMPTY
2026-09-13T12:37:01.051+08:00,RUN_20260913_121444,215,1431022,SESSION_002,0,0,8190,4,32.54,62.88,1007.26,44.2,1,EMPTY
2026-09-13T12:37:02.055+08:00,RUN_20260913_121444,216,1432026,SESSION_002,0,0,8190,4,32.54,62.87,1007.26,44.2,1,EMPTY
2026-09-13T12:37:03.059+08:00,RUN_20260913_121444,217,1433030,SESSION_002,0,0,8190,4,32.54,62.88,1007.26,44.2,1,EMPTY
2026-09-13T12:37:04.245+08:00,RUN_20260913_121444,218,1434216,SESSION_002,0,0,8190,4,32.54,62.89,1007.26,44.2,1,EMPTY
2026-09-13T12:37:05.063+08:00,RUN_20260913_121444,219,1435034,SESSION_002,0,0,8190,4,32.54,62.98,1007.26,44.2,1,EMPTY
2026-09-13T12:37:06.067+08:00,RUN_20260913_121444,220,1436038,SESSION_002,0,0,8190,4,32.54,62.89,1007.26,44.2,1,EMPTY
2026-09-13T12:37:07.071+08:00,RUN_20260913_121444,221,1437042,SESSION_002,0,0,8190,4,32.54,62.89,1007.26,44.2,1,EMPTY
2026-09-13T12:37:08.075+08:00,RUN_20260913_121444,222,1438046,SESSION_002,0,0,8190,4,32.54,62.88,1007.26,44.2,1,EMPTY
2026-09-13T12:37:09.261+08:00,RUN_20260913_121444,223,1439232,SESSION_002,0,0,8190,4,32.54,62.96,1007.26,44.2,1,EMPTY
2026-09-13T12:37:10.261+08:00,RUN_20260913_121444,224,1440232,SESSION_002,0,0,8190,4,32.54,62.95,1007.26,44.2,1,EMPTY
2026-09-13T12:37:11.261+08:00,RUN_20260913_121444,225,1441232,SESSION_002,0,0,8190,4,32.54,62.92,1007.26,44.2,1,EMPTY
2026-09-13T12:37:12.079+08:00,RUN_20260913_121444,226,1442050,SESSION_002,0,0,8190,4,32.54,62.89,1007.26,44.2,1,EMPTY
2026-09-13T12:37:13.265+08:00,RUN_20260913_121444,227,1443236,SESSION_002,0,0,8190,4,32.54,62.9,1007.26,44.2,1,EMPTY
2026-09-13T12:37:14.265+08:00,RUN_20260913_121444,228,1444236,SESSION_002,0,0,8190,4,32.54,62.9,1007.26,44.2,1,EMPTY
2026-09-13T12:37:15.265+08:00,RUN_20260913_121444,229,1445236,SESSION_002,0,0,8190,4,32.54,62.87,1007.26,44.2,1,EMPTY
2026-09-13T12:37:16.083+08:00,RUN_20260913_121444,230,1446054,SESSION_002,0,0,8190,4,32.54,62.96,1007.26,44.2,1,EMPTY
2026-09-13T12:37:17.269+08:00,RUN_20260913_121444,231,1447240,SESSION_002,0,0,8190,4,32.54,62.96,1007.25,44.2,1,EMPTY
2026-09-13T12:37:18.269+08:00,RUN_20260913_121444,232,1448240,SESSION_002,0,0,8190,4,32.54,62.9,1007.25,43.3,1,EMPTY
2026-09-13T12:37:19.087+08:00,RUN_20260913_121444,233,1449058,SESSION_002,0,0,8190,4,32.54,62.98,1007.25,44.2,1,EMPTY
2026-09-13T12:37:20.091+08:00,RUN_20260913_121444,234,1450062,SESSION_002,0,0,8190,4,32.54,62.95,1007.25,44.2,1,EMPTY
2026-09-13T12:37:21.095+08:00,RUN_20260913_121444,235,1451066,SESSION_002,0,0,8190,4,32.54,62.9,1007.25,44.2,1,EMPTY
2026-09-13T12:37:22.281+08:00,RUN_20260913_121444,236,1452252,SESSION_002,0,0,8190,4,32.54,62.93,1007.24,43.3,1,EMPTY
2026-09-13T12:37:23.281+08:00,RUN_20260913_121444,237,1453252,SESSION_002,0,0,8190,4,32.54,62.95,1007.24,43.3,1,EMPTY
2026-09-13T12:37:24.099+08:00,RUN_20260913_121444,238,1454070,SESSION_002,0,0,8190,4,32.54,63.02,1007.24,44.2,1,EMPTY
2026-09-13T12:37:25.103+08:00,RUN_20260913_121444,239,1455074,SESSION_002,0,0,8190,4,32.54,62.92,1007.24,44.2,1,EMPTY
2026-09-13T12:37:26.289+08:00,RUN_20260913_121444,240,1456260,SESSION_002,0,0,8190,4,32.54,62.92,1007.24,43.3,1,EMPTY
2026-09-13T12:37:27.107+08:00,RUN_20260913_121444,241,1457078,SESSION_002,0,0,8190,4,32.54,63.06,1007.24,44.2,1,EMPTY
2026-09-13T12:37:28.111+08:00,RUN_20260913_121444,242,1458082,SESSION_002,0,0,8190,4,32.54,62.96,1007.23,44.2,1,EMPTY
2026-09-13T12:37:29.115+08:00,RUN_20260913_121444,243,1459086,SESSION_002,0,0,8190,4,32.54,63.04,1007.24,44.2,1,EMPTY
2026-09-13T12:37:30.301+08:00,RUN_20260913_121444,244,1460272,SESSION_002,0,0,8190,4,32.54,63.01,1007.24,43.3,1,EMPTY
2026-09-13T12:37:31.119+08:00,RUN_20260913_121444,245,1461090,SESSION_002,0,0,8190,4,32.54,62.94,1007.24,44.2,1,EMPTY
2026-09-13T12:37:32.305+08:00,RUN_20260913_121444,246,1462276,SESSION_002,0,0,8190,4,32.54,62.95,1007.24,44.2,1,EMPTY
2026-09-13T12:37:33.123+08:00,RUN_20260913_121444,247,1463094,SESSION_002,0,0,8190,4,32.54,62.98,1007.24,44.2,1,EMPTY
2026-09-13T12:37:34.127+08:00,RUN_20260913_121444,248,1464098,SESSION_002,0,0,8190,4,32.54,62.99,1007.25,44.2,1,EMPTY
2026-09-13T12:37:35.131+08:00,RUN_20260913_121444,249,1465102,SESSION_002,0,0,8190,4,32.54,62.99,1007.25,44.2,1,EMPTY
2026-09-13T12:37:36.135+08:00,RUN_20260913_121444,250,1466106,SESSION_002,0,0,8190,4,32.54,62.98,1007.25,44.2,1,EMPTY
2026-09-13T12:37:37.321+08:00,RUN_20260913_121444,251,1467292,SESSION_002,0,0,8190,4,32.54,62.96,1007.26,44.2,1,EMPTY
2026-09-13T12:37:38.139+08:00,RUN_20260913_121444,252,1468110,SESSION_002,0,0,8190,4,32.54,62.98,1007.26,44.2,1,EMPTY
2026-09-13T12:37:39.325+08:00,RUN_20260913_121444,253,1469296,SESSION_002,0,0,8190,4,32.54,62.99,1007.27,43.3,1,EMPTY
2026-09-13T12:37:40.143+08:00,RUN_20260913_121444,254,1470114,SESSION_002,0,0,8190,4,32.54,62.99,1007.27,44.2,1,EMPTY
2026-09-13T12:37:41.147+08:00,RUN_20260913_121444,255,1471118,SESSION_002,0,0,8190,4,32.54,62.94,1007.27,44.2,1,EMPTY
2026-09-13T12:37:42.333+08:00,RUN_20260913_121444,256,1472304,SESSION_002,0,0,8190,4,32.54,62.96,1007.27,43.3,1,EMPTY
2026-09-13T12:37:43.151+08:00,RUN_20260913_121444,257,1473122,SESSION_002,0,0,8190,4,32.54,63.04,1007.27,44.2,1,EMPTY
2026-09-13T12:37:44.337+08:00,RUN_20260913_121444,258,1474308,SESSION_002,0,0,8190,4,32.54,62.94,1007.28,43.3,1,EMPTY
2026-09-13T12:37:45.337+08:00,RUN_20260913_121444,259,1475308,SESSION_002,0,0,8190,4,32.54,62.95,1007.28,43.3,1,EMPTY
2026-09-13T12:37:46.155+08:00,RUN_20260913_121444,260,1476126,SESSION_002,0,0,8190,4,32.54,63.04,1007.27,44.2,1,EMPTY
2026-09-13T12:37:47.159+08:00,RUN_20260913_121444,261,1477130,SESSION_002,0,0,8190,4,32.54,62.96,1007.27,44.2,1,EMPTY
2026-09-13T12:37:48.345+08:00,RUN_20260913_121444,262,1478316,SESSION_002,0,0,8190,4,32.54,62.96,1007.27,43.3,1,EMPTY
2026-09-13T12:37:49.163+08:00,RUN_20260913_121444,263,1479134,SESSION_002,0,0,8190,4,32.54,62.94,1007.27,44.2,1,EMPTY
2026-09-13T12:37:50.167+08:00,RUN_20260913_121444,264,1480138,SESSION_002,0,0,8190,4,32.54,63.04,1007.27,44.2,1,EMPTY
2026-09-13T12:37:51.171+08:00,RUN_20260913_121444,265,1481142,SESSION_002,0,0,8190,4,32.54,62.95,1007.26,44.2,1,EMPTY
2026-09-13T12:37:52.357+08:00,RUN_20260913_121444,266,1482328,SESSION_002,0,0,8190,4,32.54,63.04,1007.26,43.3,1,EMPTY
2026-09-13T12:37:53.175+08:00,RUN_20260913_121444,267,1483146,SESSION_002,0,0,8190,4,32.54,62.98,1007.26,44.2,1,EMPTY
2026-09-13T12:37:54.179+08:00,RUN_20260913_121444,268,1484150,SESSION_002,0,0,8190,4,32.54,63.05,1007.26,44.2,1,EMPTY
2026-09-13T12:37:55.365+08:00,RUN_20260913_121444,269,1485336,SESSION_002,0,0,8190,4,32.54,62.96,1007.26,43.3,1,EMPTY
2026-09-13T12:37:56.183+08:00,RUN_20260913_121444,270,1486154,SESSION_002,0,0,8190,4,32.54,62.95,1007.26,44.2,1,EMPTY
2026-09-13T12:37:57.369+08:00,RUN_20260913_121444,271,1487340,SESSION_002,0,0,8190,4,32.54,63.04,1007.26,43.3,1,EMPTY
2026-09-13T12:37:58.187+08:00,RUN_20260913_121444,272,1488158,SESSION_002,0,0,8190,4,32.54,62.96,1007.26,44.2,1,EMPTY
2026-09-13T12:37:59.373+08:00,RUN_20260913_121444,273,1489344,SESSION_002,0,0,8190,4,32.54,62.98,1007.26,43.3,1,EMPTY
2026-09-13T12:38:00.191+08:00,RUN_20260913_121444,274,1490162,SESSION_002,0,0,8190,4,32.54,62.96,1007.26,44.2,1,EMPTY
2026-09-13T12:38:01.195+08:00,RUN_20260913_121444,275,1491166,SESSION_002,0,0,8190,4,32.54,62.96,1007.26,44.2,1,EMPTY
2026-09-13T12:38:02.199+08:00,RUN_20260913_121444,276,1492170,SESSION_002,0,0,8190,4,32.54,63.04,1007.26,44.2,1,EMPTY
2026-09-13T12:38:03.203+08:00,RUN_20260913_121444,277,1493174,SESSION_002,0,0,8190,4,32.54,63.02,1007.26,44.2,1,EMPTY
2026-09-13T12:38:04.207+08:00,RUN_20260913_121444,278,1494178,SESSION_002,0,0,8190,4,32.54,62.96,1007.26,44.2,1,EMPTY
2026-09-13T12:38:05.211+08:00,RUN_20260913_121444,279,1495182,SESSION_002,0,0,8190,4,32.54,63.04,1007.26,44.2,1,EMPTY
2026-09-13T12:38:06.397+08:00,RUN_20260913_121444,280,1496368,SESSION_002,0,0,8190,4,32.54,62.93,1007.26,43.3,1,EMPTY
2026-09-13T12:38:07.397+08:00,RUN_20260913_121444,281,1497368,SESSION_002,0,0,8190,4,32.54,62.94,1007.26,43.3,1,EMPTY
2026-09-13T12:38:08.215+08:00,RUN_20260913_121444,282,1498186,SESSION_002,0,0,8190,4,32.54,62.98,1007.27,44.2,1,EMPTY
2026-09-13T12:38:09.219+08:00,RUN_20260913_121444,283,1499190,SESSION_002,0,0,8190,4,32.54,62.94,1007.27,44.2,1,EMPTY
2026-09-13T12:38:10.223+08:00,RUN_20260913_121444,284,1500194,SESSION_002,0,0,8190,4,32.54,62.94,1007.27,44.2,1,EMPTY
2026-09-13T12:38:11.227+08:00,RUN_20260913_121444,285,1501198,SESSION_002,0,0,8190,4,32.54,62.92,1007.27,44.2,1,EMPTY
2026-09-13T12:38:12.413+08:00,RUN_20260913_121444,286,1502384,SESSION_002,0,0,8190,4,32.54,62.96,1007.27,43.3,1,EMPTY
2026-09-13T12:38:13.413+08:00,RUN_20260913_121444,287,1503384,SESSION_002,0,0,8190,4,32.54,63.04,1007.27,43.3,1,EMPTY
2026-09-13T12:38:14.413+08:00,RUN_20260913_121444,288,1504384,SESSION_002,0,0,8190,4,32.54,63.04,1007.27,43.3,1,EMPTY
2026-09-13T12:38:15.413+08:00,RUN_20260913_121444,289,1505384,SESSION_002,0,0,8190,4,32.54,63.04,1007.27,43.3,1,EMPTY
2026-09-13T12:38:16.231+08:00,RUN_20260913_121444,290,1506202,SESSION_002,0,0,8190,4,32.54,62.96,1007.27,44.2,1,EMPTY
2026-09-13T12:38:17.417+08:00,RUN_20260913_121444,291,1507388,SESSION_002,0,0,8190,4,32.54,62.96,1007.27,43.3,1,EMPTY
2026-09-13T12:38:18.417+08:00,RUN_20260913_121444,292,1508388,SESSION_002,0,0,8190,4,32.54,62.95,1007.27,43.3,1,EMPTY
2026-09-13T12:38:19.417+08:00,RUN_20260913_121444,293,1509388,SESSION_002,0,0,8190,4,32.54,62.96,1007.27,43.3,1,EMPTY
2026-09-13T12:38:20.235+08:00,RUN_20260913_121444,294,1510206,SESSION_002,0,0,8190,4,32.54,62.95,1007.27,44.2,1,EMPTY
2026-09-13T12:38:21.421+08:00,RUN_20260913_121444,295,1511392,SESSION_002,0,0,8190,4,32.54,62.95,1007.27,43.3,1,EMPTY
2026-09-13T12:38:22.421+08:00,RUN_20260913_121444,296,1512392,SESSION_002,0,0,8190,4,32.54,63,1007.27,43.3,1,EMPTY
2026-09-13T12:38:23.421+08:00,RUN_20260913_121444,297,1513392,SESSION_002,0,0,8190,4,32.54,62.92,1007.27,43.3,1,EMPTY
2026-09-13T12:38:24.239+08:00,RUN_20260913_121444,298,1514210,SESSION_002,0,0,8190,4,32.54,62.92,1007.27,44.2,1,EMPTY
2026-09-13T12:38:25.243+08:00,RUN_20260913_121444,299,1515214,SESSION_002,0,0,8190,4,32.54,62.89,1007.28,44.2,1,EMPTY
2026-09-13T12:38:26.247+08:00,RUN_20260913_121444,300,1516218,SESSION_002,0,0,8190,4,32.54,62.9,1007.28,44.2,1,EMPTY
2026-09-13T12:38:27.251+08:00,RUN_20260913_121444,301,1517222,SESSION_002,0,0,8190,4,32.54,62.93,1007.28,44.2,1,EMPTY
2026-09-13T12:38:28.255+08:00,RUN_20260913_121444,302,1518226,SESSION_002,0,0,8190,4,32.54,63,1007.28,44.2,1,EMPTY
2026-09-13T12:38:29.259+08:00,RUN_20260913_121444,303,1519230,SESSION_002,0,0,8190,4,32.54,62.93,1007.29,44.2,1,EMPTY
2026-09-13T12:38:30.445+08:00,RUN_20260913_121444,304,1520416,SESSION_002,0,0,8190,4,32.54,62.99,1007.29,43.3,1,EMPTY
2026-09-13T12:38:31.263+08:00,RUN_20260913_121444,305,1521234,SESSION_002,0,0,8190,4,32.54,62.96,1007.29,43.3,1,EMPTY
2026-09-13T12:38:32.267+08:00,RUN_20260913_121444,306,1522238,SESSION_002,0,0,8190,4,32.54,62.93,1007.29,44.2,1,EMPTY
2026-09-13T12:38:33.453+08:00,RUN_20260913_121444,307,1523424,SESSION_002,0,0,8190,4,32.54,62.9,1007.29,43.3,1,EMPTY
2026-09-13T12:38:34.453+08:00,RUN_20260913_121444,308,1524424,SESSION_002,0,0,8190,4,32.54,62.9,1007.29,43.3,1,EMPTY
2026-09-13T12:38:35.271+08:00,RUN_20260913_121444,309,1525242,SESSION_002,0,0,8190,4,32.54,62.95,1007.3,44.2,1,EMPTY
2026-09-13T12:38:36.457+08:00,RUN_20260913_121444,310,1526428,SESSION_002,0,0,8190,4,32.54,62.94,1007.3,43.3,1,EMPTY
2026-09-13T12:38:37.275+08:00,RUN_20260913_121444,311,1527246,SESSION_002,0,0,8190,4,32.54,63.04,1007.31,43.3,1,EMPTY
2026-09-13T12:38:38.461+08:00,RUN_20260913_121444,312,1528432,SESSION_002,0,0,8190,4,32.54,63.04,1007.31,43.3,1,EMPTY
2026-09-13T12:38:39.279+08:00,RUN_20260913_121444,313,1529250,SESSION_002,0,0,8190,4,32.54,62.95,1007.31,43.3,1,EMPTY
2026-09-13T12:38:40.465+08:00,RUN_20260913_121444,314,1530436,SESSION_002,0,0,8190,4,32.54,62.95,1007.31,43.3,1,EMPTY
2026-09-13T12:38:41.465+08:00,RUN_20260913_121444,315,1531436,SESSION_002,0,0,8190,4,32.53,62.96,1007.3,43.3,1,EMPTY
2026-09-13T12:38:42.283+08:00,RUN_20260913_121444,316,1532254,SESSION_002,0,0,8190,4,32.54,63.04,1007.31,43.3,1,EMPTY
2026-09-13T12:38:43.287+08:00,RUN_20260913_121444,317,1533258,SESSION_002,0,0,8190,4,32.54,62.98,1007.31,44.2,1,EMPTY
2026-09-13T12:38:44.291+08:00,RUN_20260913_121444,318,1534262,SESSION_002,0,0,8190,4,32.54,63.06,1007.31,44.2,1,EMPTY
2026-09-13T12:38:45.477+08:00,RUN_20260913_121444,319,1535448,SESSION_002,0,0,8190,4,32.54,62.98,1007.31,43.3,1,EMPTY
2026-09-13T12:38:46.477+08:00,RUN_20260913_121444,320,1536448,SESSION_002,0,0,8190,4,32.54,62.98,1007.31,43.3,1,EMPTY
2026-09-13T12:38:47.295+08:00,RUN_20260913_121444,321,1537266,SESSION_002,0,0,8190,4,32.54,62.99,1007.31,44.2,1,EMPTY
2026-09-13T12:38:48.299+08:00,RUN_20260913_121444,322,1538270,SESSION_002,0,0,8190,4,32.54,62.99,1007.31,44.2,1,EMPTY
2026-09-13T12:38:49.303+08:00,RUN_20260913_121444,323,1539274,SESSION_002,0,0,8190,4,32.54,63,1007.31,44.2,1,EMPTY
2026-09-13T12:38:50.307+08:00,RUN_20260913_121444,324,1540278,SESSION_002,0,0,8190,4,32.53,62.99,1007.3,43.3,1,EMPTY
2026-09-13T12:38:51.311+08:00,RUN_20260913_121444,325,1541282,SESSION_002,0,0,8190,4,32.53,63,1007.3,43.3,1,EMPTY
2026-09-13T12:38:52.315+08:00,RUN_20260913_121444,326,1542286,SESSION_002,0,0,8190,4,32.53,63.01,1007.31,43.3,1,EMPTY
2026-09-13T12:38:53.501+08:00,RUN_20260913_121444,327,1543472,SESSION_002,0,0,8190,4,32.53,63.06,1007.31,43.3,1,EMPTY
2026-09-13T12:38:54.319+08:00,RUN_20260913_121444,328,1544290,SESSION_002,0,0,8190,4,32.53,63,1007.31,43.3,1,EMPTY
2026-09-13T12:38:55.505+08:00,RUN_20260913_121444,329,1545476,SESSION_002,0,0,8190,4,32.53,63,1007.31,43.3,1,EMPTY
2026-09-13T12:38:56.323+08:00,RUN_20260913_121444,330,1546294,SESSION_002,0,0,8190,4,32.53,63.07,1007.31,43.3,1,EMPTY
2026-09-13T12:38:57.327+08:00,RUN_20260913_121444,331,1547298,SESSION_002,0,0,8190,4,32.53,62.99,1007.3,44.2,1,EMPTY
2026-09-13T12:38:58.513+08:00,RUN_20260913_121444,332,1548484,SESSION_002,0,0,8190,4,32.53,63.08,1007.31,43.3,1,EMPTY
2026-09-13T12:38:59.331+08:00,RUN_20260913_121444,333,1549302,SESSION_002,0,0,8190,4,32.53,63.12,1007.31,43.3,1,EMPTY
2026-09-13T12:39:00.335+08:00,RUN_20260913_121444,334,1550306,SESSION_002,0,0,8190,4,32.53,63.13,1007.31,43.3,1,EMPTY
2026-09-13T12:39:01.339+08:00,RUN_20260913_121444,335,1551310,SESSION_002,0,0,8190,4,32.53,63.12,1007.31,43.3,1,EMPTY
2026-09-13T12:39:02.343+08:00,RUN_20260913_121444,336,1552314,SESSION_002,0,0,8190,4,32.53,63.11,1007.31,43.3,1,EMPTY
2026-09-13T12:39:03.529+08:00,RUN_20260913_121444,337,1553500,SESSION_002,0,0,8190,4,32.53,63.11,1007.3,43.3,1,EMPTY
2026-09-13T12:39:04.347+08:00,RUN_20260913_121444,338,1554318,SESSION_002,0,0,8190,4,32.53,63.13,1007.3,44.2,1,EMPTY
2026-09-13T12:39:05.533+08:00,RUN_20260913_121444,339,1555504,SESSION_002,0,0,8190,4,32.53,63.03,1007.3,43.3,1,EMPTY
2026-09-13T12:39:06.351+08:00,RUN_20260913_121444,340,1556322,SESSION_002,0,0,8190,4,32.53,63.05,1007.3,43.3,1,EMPTY
2026-09-13T12:39:07.355+08:00,RUN_20260913_121444,341,1557326,SESSION_002,0,0,8190,4,32.53,63.11,1007.29,43.3,1,EMPTY
2026-09-13T12:39:08.359+08:00,RUN_20260913_121444,342,1558330,SESSION_002,0,0,8190,4,32.53,63.02,1007.29,43.3,1,EMPTY
2026-09-13T12:39:09.545+08:00,RUN_20260913_121444,343,1559516,SESSION_002,0,0,8190,4,32.53,63.11,1007.29,43.3,1,EMPTY
2026-09-13T12:39:10.363+08:00,RUN_20260913_121444,344,1560334,SESSION_002,0,0,8190,4,32.53,63.02,1007.29,43.3,1,EMPTY
2026-09-13T12:39:11.367+08:00,RUN_20260913_121444,345,1561338,SESSION_002,0,0,8190,4,32.53,63.05,1007.29,43.3,1,EMPTY
2026-09-13T12:39:12.371+08:00,RUN_20260913_121444,346,1562342,SESSION_002,0,0,8190,4,32.53,63.02,1007.29,43.3,1,EMPTY
2026-09-13T12:39:13.375+08:00,RUN_20260913_121444,347,1563346,SESSION_002,0,0,8190,4,32.53,62.99,1007.29,43.3,1,EMPTY
2026-09-13T12:39:14.379+08:00,RUN_20260913_121444,348,1564350,SESSION_002,0,0,8190,4,32.53,63.02,1007.3,43.3,1,EMPTY
2026-09-13T12:39:15.383+08:00,RUN_20260913_121444,349,1565354,SESSION_002,0,0,8190,4,32.53,63.06,1007.3,43.3,1,EMPTY
2026-09-13T12:39:16.387+08:00,RUN_20260913_121444,350,1566358,SESSION_002,0,0,8190,4,32.53,63,1007.3,43.3,1,EMPTY
2026-09-13T12:39:17.391+08:00,RUN_20260913_121444,351,1567362,SESSION_002,0,0,8190,4,32.53,62.99,1007.3,43.3,1,EMPTY
2026-09-13T12:39:18.395+08:00,RUN_20260913_121444,352,1568366,SESSION_002,0,0,8190,4,32.53,62.96,1007.3,43.3,1,EMPTY
2026-09-13T12:39:19.399+08:00,RUN_20260913_121444,353,1569370,SESSION_002,0,0,8190,4,32.53,63.06,1007.3,43.3,1,EMPTY
2026-09-13T12:39:20.585+08:00,RUN_20260913_121444,354,1570556,SESSION_002,0,0,8190,4,32.53,62.97,1007.3,43.3,1,EMPTY
2026-09-13T12:39:21.403+08:00,RUN_20260913_121444,355,1571374,SESSION_002,0,0,8190,4,32.53,63,1007.29,44.2,1,EMPTY
2026-09-13T12:39:22.407+08:00,RUN_20260913_121444,356,1572378,SESSION_002,0,0,8190,4,32.53,62.99,1007.29,43.3,1,EMPTY
2026-09-13T12:39:23.411+08:00,RUN_20260913_121444,357,1573382,SESSION_002,0,0,8190,4,32.53,62.96,1007.29,43.3,1,EMPTY
2026-09-13T12:39:24.597+08:00,RUN_20260913_121444,358,1574568,SESSION_002,0,0,8190,4,32.53,63.12,1007.29,43.3,1,EMPTY
2026-09-13T12:39:25.415+08:00,RUN_20260913_121444,359,1575386,SESSION_002,1,0,8190,4,32.53,63.05,1007.29,43.3,1,EMPTY
2026-09-13T12:39:26.419+08:00,RUN_20260913_121444,360,1576390,SESSION_002,1,0,8190,4,32.53,63.03,1007.29,43.3,1,EMPTY
2026-09-13T12:39:27.605+08:00,RUN_20260913_121444,361,1577576,SESSION_002,1,0,8190,4,32.53,62.99,1007.29,42.5,1,EMPTY
2026-09-13T12:39:28.605+08:00,RUN_20260913_121444,362,1578576,SESSION_002,1,0,40,0,32.53,63,1007.29,41.7,1,EMPTY
2026-09-13T12:39:29.610+08:00,RUN_20260913_121444,363,1579581,SESSION_002,1,0,29,0,32.53,63.12,1007.29,40.8,1,EMPTY
2026-09-13T12:39:30.615+08:00,RUN_20260913_121444,364,1580586,SESSION_002,0,0,25,0,32.53,63.88,1007.29,40.8,1,EMPTY
2026-09-13T12:39:31.620+08:00,RUN_20260913_121444,365,1581591,SESSION_002,0,0,31,0,32.53,65.69,1007.29,40.8,1,EMPTY
