2026-09-13T13:20:08.532+08:00,RUN_20260913_121444,1,4018503,SESSION_004,0,0,40,0,28.52,61.04,1006.72,40.8,1,EMPTY
2026-09-13T13:20:09.537+08:00,RUN_20260913_121444,2,4019508,SESSION_004,0,0,8190,4,28.53,61.04,1006.72,42.5,1,EMPTY
2026-09-13T13:20:10.542+08:00,RUN_20260913_121444,3,4020513,SESSION_004,1,0,432,0,28.53,61,1006.71,42.5,1,EMPTY
2026-09-13T13:20:11.547+08:00,RUN_20260913_121444,4,4021518,SESSION_004,1,0,8190,4,28.53,60.72,1006.72,42.5,1,EMPTY
2026-09-13T13:20:12.370+08:00,RUN_20260913_121444,5,4022341,SESSION_004,1,0,8190,4,28.53,60.69,1006.72,43.3,1,EMPTY
2026-09-13T13:20:13.373+08:00,RUN_20260913_121444,6,4023344,SESSION_004,0,0,8190,4,28.53,60.56,1006.72,43.3,1,EMPTY
2026-09-13T13:20:14.376+08:00,RUN_20260913_121444,7,4024347,SESSION_004,0,0,8190,4,28.53,60.38,1006.72,43.3,1,EMPTY
2026-09-13T13:20:15.561+08:00,RUN_20260913_121444,8,4025532,SESSION_004,0,0,8190,4,28.53,60.37,1006.72,43.3,1,EMPTY
2026-09-13T13:20:16.384+08:00,RUN_20260913_121444,9,4026355,SESSION_004,1,0,8190,4,28.53,60.39,1006.72,44.2,1,EMPTY
2026-09-13T13:20:17.387+08:00,RUN_20260913_121444,10,4027358,SESSION_004,0,0,8190,4,28.54,60.48,1006.72,43.3,1,EMPTY
2026-09-13T13:20:18.390+08:00,RUN_20260913_121444,11,4028361,SESSION_004,0,0,8190,4,28.54,60.42,1006.72,44.2,1,EMPTY
2026-09-13T13:20:19.575+08:00,RUN_20260913_121444,12,4029546,SESSION_004,0,0,8190,4,28.54,60.4,1006.72,43.3,1,EMPTY
2026-09-13T13:20:20.580+08:00,RUN_20260913_121444,13,4030551,SESSION_004,0,0,8190,4,28.54,60.43,1006.72,43.3,1,EMPTY
2026-09-13T13:20:21.403+08:00,RUN_20260913_121444,14,4031374,SESSION_004,0,0,8190,4,28.54,60.42,1006.72,44.2,1,EMPTY
2026-09-13T13:20:22.406+08:00,RUN_20260913_121444,15,4032377,SESSION_004,0,0,8190,4,28.54,60.52,1006.72,44.2,1,EMPTY
2026-09-13T13:20:23.409+08:00,RUN_20260913_121444,16,4033380,SESSION_004,0,0,8190,4,28.54,60.41,1006.72,44.2,1,EMPTY
2026-09-13T13:20:24.412+08:00,RUN_20260913_121444,17,4034383,SESSION_004,0,0,8190,4,28.54,60.46,1006.71,44.2,1,EMPTY
2026-09-13T13:20:25.415+08:00,RUN_20260913_121444,18,4035386,SESSION_004,0,0,8190,4,28.54,60.42,1006.71,44.2,1,EMPTY
2026-09-13T13:20:26.600+08:00,RUN_20260913_121444,19,4036571,SESSION_004,0,0,8190,4,28.55,60.48,1006.71,43.3,1,EMPTY
2026-09-13T13:20:27.423+08:00,RUN_20260913_121444,20,4037394,SESSION_004,0,0,8190,4,28.55,60.45,1006.71,44.2,1,EMPTY
2026-09-13T13:20:28.426+08:00,RUN_20260913_121444,21,4038397,SESSION_004,0,0,8190,4,28.55,60.36,1006.71,44.2,1,EMPTY
2026-09-13T13:20:29.611+08:00,RUN_20260913_121444,22,4039582,SESSION_004,0,0,8190,4,28.55,60.49,1006.71,44.2,1,EMPTY
2026-09-13T13:20:30.616+08:00,RUN_20260913_121444,23,4040587,SESSION_004,0,0,8190,4,28.55,60.4,1006.71,43.3,1,EMPTY
2026-09-13T13:20:31.621+08:00,RUN_20260913_121444,24,4041592,SESSION_004,0,0,8190,4,28.55,60.48,1006.71,44.2,1,EMPTY
2026-09-13T13:20:32.444+08:00,RUN_20260913_121444,25,4042415,SESSION_004,0,0,8190,4,28.55,60.47,1006.71,44.2,1,EMPTY
2026-09-13T13:20:33.447+08:00,RUN_20260913_121444,26,4043418,SESSION_004,0,0,8190,4,28.55,60.47,1006.71,44.2,1,EMPTY
2026-09-13T13:20:34.632+08:00,RUN_20260913_121444,27,4044603,SESSION_004,0,0,8190,4,28.55,60.48,1006.71,44.2,1,EMPTY
2026-09-13T13:20:35.455+08:00,RUN_20260913_121444,28,4045426,SESSION_004,0,0,8190,4,28.55,60.47,1006.71,44.2,1,EMPTY
2026-09-13T13:20:36.458+08:00,RUN_20260913_121444,29,4046429,SESSION_004,0,0,8190,4,28.55,60.47,1006.71,44.2,1,EMPTY
2026-09-13T13:20:37.643+08:00,RUN_20260913_121444,30,4047614,SESSION_004,0,0,8190,4,28.56,60.48,1006.71,44.2,1,EMPTY
2026-09-13T13:20:38.466+08:00,RUN_20260913_121444,31,4048437,SESSION_004,0,0,8190,4,28.56,60.42,1006.71,44.2,1,EMPTY
2026-09-13T13:20:39.651+08:00,RUN_20260913_121444,32,4049622,SESSION_004,0,0,8190,4,28.56,60.48,1006.71,43.3,1,EMPTY
2026-09-13T13:20:40.474+08:00,RUN_20260913_121444,33,4050445,SESSION_004,0,0,8190,4,28.56,60.47,1006.71,44.2,1,EMPTY
2026-09-13T13:20:41.659+08:00,RUN_20260913_121444,34,4051630,SESSION_004,0,0,8190,4,28.56,60.4,1006.7,44.2,1,EMPTY
2026-09-13T13:20:42.664+08:00,RUN_20260913_121444,35,4052635,SESSION_004,0,0,8190,4,28.56,60.4,1006.7,44.2,1,EMPTY
2026-09-13T13:20:43.487+08:00,RUN_20260913_121444,36,4053458,SESSION_004,0,0,8190,4,28.56,60.41,1006.7,44.2,1,EMPTY
2026-09-13T13:20:44.672+08:00,RUN_20260913_121444,37,4054643,SESSION_004,0,0,8190,4,28.57,60.5,1006.71,44.2,1,EMPTY
2026-09-13T13:20:45.495+08:00,RUN_20260913_121444,38,4055466,SESSION_004,0,0,8190,4,28.57,60.46,1006.7,44.2,1,EMPTY
2026-09-13T13:20:46.498+08:00,RUN_20260913_121444,39,4056469,SESSION_004,0,0,8190,4,28.57,60.34,1006.7,43.3,1,EMPTY
2026-09-13T13:20:47.501+08:00,RUN_20260913_121444,40,4057472,SESSION_004,0,0,8190,4,28.57,60.32,1006.7,44.2,1,EMPTY
2026-09-13T13:20:48.504+08:00,RUN_20260913_121444,41,4058475,SESSION_004,0,0,8190,4,28.57,60.31,1006.7,44.2,1,EMPTY
2026-09-13T13:20:49.507+08:00,RUN_20260913_121444,42,4059478,SESSION_004,0,0,8190,4,28.57,60.32,1006.7,44.2,1,EMPTY
2026-09-13T13:20:50.692+08:00,RUN_20260913_121444,43,4060663,SESSION_004,0,0,8190,4,28.57,60.28,1006.7,44.2,1,EMPTY
2026-09-13T13:20:51.697+08:00,RUN_20260913_121444,44,4061668,SESSION_004,0,0,8190,4,28.57,60.31,1006.7,43.3,1,EMPTY
2026-09-13T13:20:52.520+08:00,RUN_20260913_121444,45,4062491,SESSION_004,0,0,8190,4,28.57,60.28,1006.7,44.2,1,EMPTY
2026-09-13T13:20:53.523+08:00,RUN_20260913_121444,46,4063494,SESSION_004,0,0,8190,4,28.57,60.28,1006.7,44.2,1,EMPTY
2026-09-13T13:20:54.526+08:00,RUN_20260913_121444,47,4064497,SESSION_004,0,0,8190,4,28.57,60.34,1006.7,44.2,1,EMPTY
2026-09-13T13:20:55.529+08:00,RUN_20260913_121444,48,4065500,SESSION_004,0,0,8190,4,28.57,60.35,1006.7,44.2,1,EMPTY
2026-09-13T13:20:56.532+08:00,RUN_20260913_121444,49,4066503,SESSION_004,0,0,8190,4,28.58,60.33,1006.7,44.2,1,EMPTY
2026-09-13T13:20:57.535+08:00,RUN_20260913_121444,50,4067506,SESSION_004,0,0,8190,4,28.58,60.37,1006.7,44.2,1,EMPTY
2026-09-13T13:20:58.538+08:00,RUN_20260913_121444,51,4068509,SESSION_004,0,0,8190,4,28.58,60.25,1006.7,44.2,1,EMPTY
2026-09-13T13:20:59.541+08:00,RUN_20260913_121444,52,4069512,SESSION_004,0,0,8190,4,28.58,60.27,1006.7,44.2,1,EMPTY
2026-09-13T13:21:00.544+08:00,RUN_20260913_121444,53,4070515,SESSION_004,0,0,8190,4,28.58,60.25,1006.7,44.2,1,EMPTY
2026-09-13T13:21:01.547+08:00,RUN_20260913_121444,54,4071518,SESSION_004,0,0,8190,4,28.58,60.24,1006.69,44.2,1,EMPTY
2026-09-13T13:21:02.550+08:00,RUN_20260913_121444,55,4072521,SESSION_004,0,0,8190,4,28.58,60.33,1006.69,44.2,1,EMPTY
2026-09-13T13:21:03.553+08:00,RUN_20260913_121444,56,4073524,SESSION_004,0,0,8190,4,28.58,60.14,1006.69,44.2,1,EMPTY
2026-09-13T13:21:04.556+08:00,RUN_20260913_121444,57,4074527,SESSION_004,0,0,8190,4,28.58,60.21,1006.69,44.2,1,EMPTY
2026-09-13T13:21:05.559+08:00,RUN_20260913_121444,58,4075530,SESSION_004,0,0,8190,4,28.58,60.21,1006.69,44.2,1,EMPTY
2026-09-13T13:21:06.562+08:00,RUN_20260913_121444,59,4076533,SESSION_004,0,0,8190,4,28.58,60.11,1006.69,44.2,1,EMPTY
2026-09-13T13:21:07.565+08:00,RUN_20260913_121444,60,4077536,SESSION_004,0,0,8190,4,28.58,60.09,1006.69,44.2,1,EMPTY
2026-09-13T13:21:08.568+08:00,RUN_20260913_121444,61,4078539,SESSION_004,0,0,8190,4,28.58,60.18,1006.69,44.2,1,EMPTY
2026-09-13T13:21:09.571+08:00,RUN_20260913_121444,62,4079542,SESSION_004,0,0,8190,4,28.58,60.11,1006.7,44.2,1,EMPTY
2026-09-13T13:21:10.574+08:00,RUN_20260913_121444,63,4080545,SESSION_004,0,0,8190,4,28.58,60.08,1006.69,44.2,1,EMPTY
2026-09-13T13:21:11.577+08:00,RUN_20260913_121444,64,4081548,SESSION_004,0,0,8190,4,28.58,60.17,1006.69,44.2,1,EMPTY
2026-09-13T13:21:12.762+08:00,RUN_20260913_121444,65,4082733,SESSION_004,0,0,8190,4,28.58,60.08,1006.69,44.2,1,EMPTY
2026-09-13T13:21:13.585+08:00,RUN_20260913_121444,66,4083556,SESSION_004,0,0,8190,4,28.58,60.17,1006.69,44.2,1,EMPTY
2026-09-13T13:21:14.770+08:00,RUN_20260913_121444,67,4084741,SESSION_004,0,0,8190,4,28.58,60.14,1006.68,44.2,1,EMPTY
2026-09-13T13:21:15.775+08:00,RUN_20260913_121444,68,4085746,SESSION_004,0,0,8190,4,28.58,60.13,1006.68,44.2,1,EMPTY
2026-09-13T13:21:16.598+08:00,RUN_20260913_121444,69,4086569,SESSION_004,0,0,8190,4,28.59,60.06,1006.68,44.2,1,EMPTY
2026-09-13T13:21:17.601+08:00,RUN_20260913_121444,70,4087572,SESSION_004,0,0,8190,4,28.59,60.05,1006.68,44.2,1,EMPTY
2026-09-13T13:21:18.604+08:00,RUN_20260913_121444,71,4088575,SESSION_004,0,0,8190,4,28.58,60.15,1006.67,44.2,1,EMPTY
2026-09-13T13:21:19.789+08:00,RUN_20260913_121444,72,4089760,SESSION_004,0,0,8190,4,28.58,60.05,1006.67,44.2,1,EMPTY
2026-09-13T13:21:20.794+08:00,RUN_20260913_121444,73,4090765,SESSION_004,0,0,8190,4,28.59,60.17,1006.67,44.2,1,EMPTY
2026-09-13T13:21:21.799+08:00,RUN_20260913_121444,74,4091770,SESSION_004,0,0,8190,4,28.58,60.08,1006.66,44.2,1,EMPTY
2026-09-13T13:21:22.622+08:00,RUN_20260913_121444,75,4092593,SESSION_004,0,0,8190,4,28.59,60.18,1006.66,44.2,1,EMPTY
2026-09-13T13:21:23.625+08:00,RUN_20260913_121444,76,4093596,SESSION_004,0,0,8190,4,28.58,60.14,1006.66,44.2,1,EMPTY
2026-09-13T13:21:24.628+08:00,RUN_20260913_121444,77,4094599,SESSION_004,0,0,8190,4,28.59,60.15,1006.66,44.2,1,EMPTY
2026-09-13T13:21:25.813+08:00,RUN_20260913_121444,78,4095784,SESSION_004,0,0,8190,4,28.59,60.06,1006.66,44.2,1,EMPTY
2026-09-13T13:21:26.636+08:00,RUN_20260913_121444,79,4096607,SESSION_004,0,0,8190,4,28.59,60.08,1006.66,44.2,1,EMPTY
2026-09-13T13:21:27.821+08:00,RUN_20260913_121444,80,4097792,SESSION_004,0,0,8190,4,28.59,60.09,1006.65,44.2,1,EMPTY
2026-09-13T13:21:28.826+08:00,RUN_20260913_121444,81,4098797,SESSION_004,0,0,8190,4,28.59,60.07,1006.65,44.2,1,EMPTY
2026-09-13T13:21:29.831+08:00,RUN_20260913_121444,82,4099802,SESSION_004,0,0,8190,4,28.59,60.14,1006.65,44.2,1,EMPTY
2026-09-13T13:21:30.654+08:00,RUN_20260913_121444,83,4100625,SESSION_004,0,0,8190,4,28.59,60.08,1006.65,44.2,1,EMPTY
2026-09-13T13:21:31.657+08:00,RUN_20260913_121444,84,4101628,SESSION_004,0,0,8190,4,28.59,60.09,1006.65,44.2,1,EMPTY
2026-09-13T13:21:32.660+08:00,RUN_20260913_121444,85,4102631,SESSION_004,0,0,8190,4,28.59,60.07,1006.65,44.2,1,EMPTY
2026-09-13T13:21:33.845+08:00,RUN_20260913_121444,86,4103816,SESSION_004,0,0,8190,4,28.59,60.15,1006.64,44.2,1,EMPTY
2026-09-13T13:21:34.850+08:00,RUN_20260913_121444,87,4104821,SESSION_004,0,0,8190,4,28.59,60.09,1006.64,44.2,1,EMPTY
2026-09-13T13:21:35.855+08:00,RUN_20260913_121444,88,4105826,SESSION_004,0,0,8190,4,28.59,60.04,1006.64,44.2,1,EMPTY
2026-09-13T13:21:36.678+08:00,RUN_20260913_121444,89,4106649,SESSION_004,0,0,8190,4,28.59,59.99,1006.64,44.2,1,EMPTY
2026-09-13T13:21:37.681+08:00,RUN_20260913_121444,90,4107652,SESSION_004,0,0,8190,4,28.59,60.06,1006.64,44.2,1,EMPTY
2026-09-13T13:21:38.684+08:00,RUN_20260913_121444,91,4108655,SESSION_004,0,0,8190,4,28.59,60.02,1006.64,44.2,1,EMPTY
2026-09-13T13:21:39.869+08:00,RUN_20260913_121444,92,4109840,SESSION_004,0,0,8190,4,28.59,59.89,1006.64,44.2,1,EMPTY
2026-09-13T13:21:40.692+08:00,RUN_20260913_121444,93,4110663,SESSION_004,0,0,8190,4,28.59,59.96,1006.64,44.2,1,EMPTY
2026-09-13T13:21:41.695+08:00,RUN_20260913_121444,94,4111666,SESSION_004,0,0,8190,4,28.59,59.9,1006.63,44.2,1,EMPTY
2026-09-13T13:21:42.880+08:00,RUN_20260913_121444,95,4112851,SESSION_004,0,0,8190,4,28.59,59.91,1006.64,44.2,1,EMPTY
2026-09-13T13:21:43.703+08:00,RUN_20260913_121444,96,4113674,SESSION_004,0,0,8190,4,28.59,59.92,1006.64,44.2,1,EMPTY
2026-09-13T13:21:44.888+08:00,RUN_20260913_121444,97,4114859,SESSION_004,0,0,8190,4,28.59,60.02,1006.64,44.2,1,EMPTY
2026-09-13T13:21:45.711+08:00,RUN_20260913_121444,98,4115682,SESSION_004,0,0,8190,4,28.59,60.02,1006.64,44.2,1,EMPTY
2026-09-13T13:21:46.714+08:00,RUN_20260913_121444,99,4116685,SESSION_004,0,0,8190,4,28.59,60.04,1006.64,44.2,1,EMPTY
2026-09-13T13:21:47.899+08:00,RUN_20260913_121444,100,4117870,SESSION_004,0,0,8190,4,28.59,59.94,1006.64,44.2,1,EMPTY
2026-09-13T13:21:48.717+08:00,RUN_20260913_121444,101,4118688,SESSION_004,0,0,8190,4,28.59,59.94,1006.63,44.2,1,EMPTY
2026-09-13T13:21:49.903+08:00,RUN_20260913_121444,102,4119874,SESSION_004,0,0,8190,4,28.59,59.94,1006.63,44.2,1,EMPTY
2026-09-13T13:21:50.721+08:00,RUN_20260913_121444,103,4120692,SESSION_004,0,0,8190,4,28.59,59.94,1006.63,44.2,1,EMPTY
2026-09-13T13:21:51.725+08:00,RUN_20260913_121444,104,4121696,SESSION_004,0,0,8190,4,28.59,60,1006.64,44.2,1,EMPTY
2026-09-13T13:21:52.729+08:00,RUN_20260913_121444,105,4122700,SESSION_004,0,0,8190,4,28.59,59.93,1006.64,44.2,1,EMPTY
2026-09-13T13:21:53.915+08:00,RUN_20260913_121444,106,4123886,SESSION_004,0,0,8190,4,28.59,59.92,1006.63,44.2,1,EMPTY
2026-09-13T13:21:54.733+08:00,RUN_20260913_121444,107,4124704,SESSION_004,0,0,8190,4,28.59,59.96,1006.63,44.2,1,EMPTY
2026-09-13T13:21:55.737+08:00,RUN_20260913_121444,108,4125708,SESSION_004,0,0,8190,4,28.59,59.96,1006.63,44.2,1,EMPTY
2026-09-13T13:21:56.741+08:00,RUN_20260913_121444,109,4126712,SESSION_004,0,0,8190,4,28.59,59.96,1006.63,44.2,1,EMPTY
2026-09-13T13:21:57.745+08:00,RUN_20260913_121444,110,4127716,SESSION_004,0,0,8190,4,28.59,59.82,1006.63,44.2,1,EMPTY
2026-09-13T13:21:58.931+08:00,RUN_20260913_121444,111,4128902,SESSION_004,0,0,8190,4,28.59,59.8,1006.63,44.2,1,EMPTY
2026-09-13T13:21:59.749+08:00,RUN_20260913_121444,112,4129720,SESSION_004,0,0,8190,4,28.59,59.83,1006.63,44.2,1,EMPTY
2026-09-13T13:22:00.753+08:00,RUN_20260913_121444,113,4130724,SESSION_004,0,0,8190,4,28.59,59.81,1006.62,44.2,1,EMPTY
2026-09-13T13:22:01.939+08:00,RUN_20260913_121444,114,4131910,SESSION_004,0,0,8190,4,28.59,59.81,1006.62,44.2,1,EMPTY
2026-09-13T13:22:02.939+08:00,RUN_20260913_121444,115,4132910,SESSION_004,0,0,8190,4,28.59,59.8,1006.62,44.2,1,EMPTY
2026-09-13T13:22:03.939+08:00,RUN_20260913_121444,116,4133910,SESSION_004,0,0,8190,4,28.59,59.8,1006.62,44.2,1,EMPTY
2026-09-13T13:22:04.939+08:00,RUN_20260913_121444,117,4134910,SESSION_004,0,0,8190,4,28.59,59.79,1006.62,44.2,1,EMPTY
2026-09-13T13:22:05.939+08:00,RUN_20260913_121444,118,4135910,SESSION_004,0,0,8190,4,28.59,59.87,1006.62,44.2,1,EMPTY
2026-09-13T13:22:06.939+08:00,RUN_20260913_121444,119,4136910,SESSION_004,0,0,8190,4,28.59,59.8,1006.62,44.2,1,EMPTY
2026-09-13T13:22:07.939+08:00,RUN_20260913_121444,120,4137910,SESSION_004,0,0,8190,4,28.59,59.79,1006.62,44.2,1,EMPTY
2026-09-13T13:22:08.939+08:00,RUN_20260913_121444,121,4138910,SESSION_004,0,0,8190,4,28.6,59.79,1006.62,44.2,1,EMPTY
2026-09-13T13:22:09.939+08:00,RUN_20260913_121444,122,4139910,SESSION_004,0,0,8190,4,28.6,59.81,1006.62,44.2,1,EMPTY
2026-09-13T13:22:10.939+08:00,RUN_20260913_121444,123,4140910,SESSION_004,0,0,8190,4,28.6,59.87,1006.62,44.2,1,EMPTY
2026-09-13T13:22:11.757+08:00,RUN_20260913_121444,124,4141728,SESSION_004,0,0,8190,4,28.6,59.89,1006.62,44.2,1,EMPTY
2026-09-13T13:22:12.761+08:00,RUN_20260913_121444,125,4142732,SESSION_004,0,0,8190,4,28.6,59.83,1006.61,44.2,1,EMPTY
2026-09-13T13:22:13.947+08:00,RUN_20260913_121444,126,4143918,SESSION_004,0,0,8190,4,28.6,59.82,1006.61,44.2,1,EMPTY
2026-09-13T13:22:14.765+08:00,RUN_20260913_121444,127,4144736,SESSION_004,0,0,8190,4,28.6,59.88,1006.62,44.2,1,EMPTY
2026-09-13T13:22:15.769+08:00,RUN_20260913_121444,128,4145740,SESSION_004,0,0,8190,4,28.6,59.81,1006.62,44.2,1,EMPTY
2026-09-13T13:22:16.773+08:00,RUN_20260913_121444,129,4146744,SESSION_004,0,0,8190,4,28.6,59.82,1006.61,44.2,1,EMPTY
2026-09-13T13:22:17.777+08:00,RUN_20260913_121444,130,4147748,SESSION_004,0,0,8190,4,28.6,59.82,1006.61,44.2,1,EMPTY
2026-09-13T13:22:18.781+08:00,RUN_20260913_121444,131,4148752,SESSION_004,0,0,8190,4,28.6,59.8,1006.61,44.2,1,EMPTY
2026-09-13T13:22:19.785+08:00,RUN_20260913_121444,132,4149756,SESSION_004,0,0,8190,4,28.6,59.78,1006.61,44.2,1,EMPTY
2026-09-13T13:22:20.789+08:00,RUN_20260913_121444,133,4150760,SESSION_004,0,0,8190,4,28.6,59.79,1006.61,44.2,1,EMPTY
2026-09-13T13:22:21.793+08:00,RUN_20260913_121444,134,4151764,SESSION_004,0,0,8190,4,28.6,59.87,1006.61,44.2,1,EMPTY
2026-09-13T13:22:22.797+08:00,RUN_20260913_121444,135,4152768,SESSION_004,0,0,8190,4,28.6,59.79,1006.61,44.2,1,EMPTY
2026-09-13T13:22:23.801+08:00,RUN_20260913_121444,136,4153772,SESSION_004,0,0,8190,4,28.6,59.84,1006.61,44.2,1,EMPTY
2026-09-13T13:22:24.987+08:00,RUN_20260913_121444,137,4154958,SESSION_004,0,0,8190,4,28.6,59.72,1006.61,44.2,1,EMPTY
2026-09-13T13:22:25.805+08:00,RUN_20260913_121444,138,4155776,SESSION_004,0,0,8190,4,28.6,59.73,1006.61,44.2,1,EMPTY
2026-09-13T13:22:26.991+08:00,RUN_20260913_121444,139,4156962,SESSION_004,0,0,8190,4,28.6,59.72,1006.61,44.2,1,EMPTY
2026-09-13T13:22:27.809+08:00,RUN_20260913_121444,140,4157780,SESSION_004,0,0,8190,4,28.6,59.69,1006.61,44.2,1,EMPTY
2026-09-13T13:22:28.813+08:00,RUN_20260913_121444,141,4158784,SESSION_004,0,0,8190,4,28.6,59.65,1006.61,44.2,1,EMPTY
2026-09-13T13:22:29.817+08:00,RUN_20260913_121444,142,4159788,SESSION_004,0,0,8190,4,28.6,59.69,1006.61,44.2,1,EMPTY
2026-09-13T13:22:31.003+08:00,RUN_20260913_121444,143,4160974,SESSION_004,0,0,8190,4,28.6,59.67,1006.61,44.2,1,EMPTY
2026-09-13T13:22:32.003+08:00,RUN_20260913_121444,144,4161974,SESSION_004,0,0,8190,4,28.6,59.68,1006.61,44.2,1,EMPTY
2026-09-13T13:22:32.821+08:00,RUN_20260913_121444,145,4162792,SESSION_004,0,0,8190,4,28.6,59.65,1006.6,44.2,1,EMPTY
2026-09-13T13:22:33.825+08:00,RUN_20260913_121444,146,4163796,SESSION_004,0,0,8190,4,28.6,59.65,1006.6,44.2,1,EMPTY
2026-09-13T13:22:34.829+08:00,RUN_20260913_121444,147,4164800,SESSION_004,0,0,8190,4,28.6,59.71,1006.6,44.2,1,EMPTY
2026-09-13T13:22:36.015+08:00,RUN_20260913_121444,148,4165986,SESSION_004,0,0,8190,4,28.61,59.62,1006.6,44.2,1,EMPTY
2026-09-13T13:22:36.833+08:00,RUN_20260913_121444,149,4166804,SESSION_004,0,0,8190,4,28.61,59.67,1006.6,44.2,1,EMPTY
2026-09-13T13:22:38.019+08:00,RUN_20260913_121444,150,4167990,SESSION_004,0,0,8190,4,28.61,59.67,1006.59,44.2,1,EMPTY
2026-09-13T13:22:39.019+08:00,RUN_20260913_121444,151,4168990,SESSION_004,0,0,8190,4,28.6,59.68,1006.59,44.2,1,EMPTY
2026-09-13T13:22:39.837+08:00,RUN_20260913_121444,152,4169808,SESSION_004,0,0,8190,4,28.6,59.59,1006.59,44.2,1,EMPTY
2026-09-13T13:22:40.841+08:00,RUN_20260913_121444,153,4170812,SESSION_004,0,0,8190,4,28.6,59.6,1006.59,44.2,1,EMPTY
2026-09-13T13:22:42.027+08:00,RUN_20260913_121444,154,4171998,SESSION_004,0,0,8190,4,28.6,59.55,1006.59,44.2,1,EMPTY
2026-09-13T13:22:43.027+08:00,RUN_20260913_121444,155,4172998,SESSION_004,0,0,8190,4,28.6,59.59,1006.59,44.2,1,EMPTY
2026-09-13T13:22:43.845+08:00,RUN_20260913_121444,156,4173816,SESSION_004,0,0,8190,4,28.6,59.55,1006.59,44.2,1,EMPTY
2026-09-13T13:22:45.031+08:00,RUN_20260913_121444,157,4175002,SESSION_004,0,0,8190,4,28.6,59.59,1006.59,44.2,1,EMPTY
2026-09-13T13:22:46.031+08:00,RUN_20260913_121444,158,4176002,SESSION_004,0,0,8190,4,28.6,59.53,1006.59,44.2,1,EMPTY
2026-09-13T13:22:47.031+08:00,RUN_20260913_121444,159,4177002,SESSION_004,0,0,8190,4,28.6,59.54,1006.59,44.2,1,EMPTY
2026-09-13T13:22:47.849+08:00,RUN_20260913_121444,160,4177820,SESSION_004,0,0,8190,4,28.6,59.53,1006.59,44.2,1,EMPTY
2026-09-13T13:22:48.853+08:00,RUN_20260913_121444,161,4178824,SESSION_004,0,0,8190,4,28.6,59.6,1006.59,44.2,1,EMPTY
2026-09-13T13:22:50.039+08:00,RUN_20260913_121444,162,4180010,SESSION_004,0,0,8190,4,28.6,59.48,1006.59,44.2,1,EMPTY
2026-09-13T13:22:50.857+08:00,RUN_20260913_121444,163,4180828,SESSION_004,0,0,8190,4,28.6,59.42,1006.59,44.2,1,EMPTY
2026-09-13T13:22:51.861+08:00,RUN_20260913_121444,164,4181832,SESSION_004,0,0,8190,4,28.6,59.35,1006.59,44.2,1,EMPTY
2026-09-13T13:22:53.047+08:00,RUN_20260913_121444,165,4183018,SESSION_004,0,0,8190,4,28.6,59.44,1006.59,44.2,1,EMPTY
2026-09-13T13:22:53.865+08:00,RUN_20260913_121444,166,4183836,SESSION_004,0,0,8190,4,28.6,59.48,1006.59,44.2,1,EMPTY
2026-09-13T13:22:54.869+08:00,RUN_20260913_121444,167,4184840,SESSION_004,0,0,8190,4,28.6,59.49,1006.59,44.2,1,EMPTY
2026-09-13T13:22:56.055+08:00,RUN_20260913_121444,168,4186026,SESSION_004,0,0,8190,4,28.6,59.41,1006.59,44.2,1,EMPTY
2026-09-13T13:22:56.873+08:00,RUN_20260913_121444,169,4186844,SESSION_004,0,0,8190,4,28.6,59.41,1006.6,44.2,1,EMPTY
2026-09-13T13:22:58.059+08:00,RUN_20260913_121444,170,4188030,SESSION_004,0,0,8190,4,28.6,59.42,1006.59,44.2,1,EMPTY
2026-09-13T13:22:58.877+08:00,RUN_20260913_121444,171,4188848,SESSION_004,0,0,8190,4,28.6,59.51,1006.6,44.2,1,EMPTY
2026-09-13T13:22:59.881+08:00,RUN_20260913_121444,172,4189852,SESSION_004,0,0,8190,4,28.6,59.41,1006.6,44.2,1,EMPTY
2026-09-13T13:23:00.885+08:00,RUN_20260913_121444,173,4190856,SESSION_004,0,0,8190,4,28.6,59.36,1006.6,44.2,1,EMPTY
2026-09-13T13:23:02.071+08:00,RUN_20260913_121444,174,4192042,SESSION_004,0,0,8190,4,28.6,59.4,1006.6,44.2,1,EMPTY
2026-09-13T13:23:02.889+08:00,RUN_20260913_121444,175,4192860,SESSION_004,0,0,8190,4,28.6,59.48,1006.6,44.2,1,EMPTY
2026-09-13T13:23:04.075+08:00,RUN_20260913_121444,176,4194046,SESSION_004,0,0,8190,4,28.6,59.49,1006.6,44.2,1,EMPTY
2026-09-13T13:23:04.893+08:00,RUN_20260913_121444,177,4194864,SESSION_004,0,0,8190,4,28.59,59.41,1006.6,44.2,1,EMPTY
2026-09-13T13:23:06.079+08:00,RUN_20260913_121444,178,4196050,SESSION_004,0,0,8190,4,28.59,59.49,1006.6,44.2,1,EMPTY
2026-09-13T13:23:06.897+08:00,RUN_20260913_121444,179,4196868,SESSION_004,0,0,8190,4,28.59,59.4,1006.6,44.2,1,EMPTY
2026-09-13T13:23:08.083+08:00,RUN_20260913_121444,180,4198054,SESSION_004,0,0,8190,4,28.59,59.48,1006.59,44.2,1,EMPTY
2026-09-13T13:23:08.901+08:00,RUN_20260913_121444,181,4198872,SESSION_004,0,0,8190,4,28.59,59.41,1006.59,44.2,1,EMPTY
2026-09-13T13:23:09.905+08:00,RUN_20260913_121444,182,4199876,SESSION_004,0,0,8190,4,28.59,59.41,1006.59,44.2,1,EMPTY
2026-09-13T13:23:10.909+08:00,RUN_20260913_121444,183,4200880,SESSION_004,0,0,8190,4,28.59,59.49,1006.59,44.2,1,EMPTY
2026-09-13T13:23:11.913+08:00,RUN_20260913_121444,184,4201884,SESSION_004,0,0,8190,4,28.59,59.44,1006.59,44.2,1,EMPTY
2026-09-13T13:23:13.099+08:00,RUN_20260913_121444,185,4203070,SESSION_004,0,0,8190,4,28.59,59.54,1006.59,44.2,1,EMPTY
2026-09-13T13:23:13.917+08:00,RUN_20260913_121444,186,4203888,SESSION_004,0,0,8190,4,28.59,59.43,1006.58,44.2,1,EMPTY
2026-09-13T13:23:14.921+08:00,RUN_20260913_121444,187,4204892,SESSION_004,0,0,8190,4,28.59,59.45,1006.58,44.2,1,EMPTY
2026-09-13T13:23:15.925+08:00,RUN_20260913_121444,188,4205896,SESSION_004,0,0,8190,4,28.59,59.44,1006.58,44.2,1,EMPTY
2026-09-13T13:23:16.929+08:00,RUN_20260913_121444,189,4206900,SESSION_004,0,0,8190,4,28.59,59.42,1006.58,44.2,1,EMPTY
2026-09-13T13:23:17.933+08:00,RUN_20260913_121444,190,4207904,SESSION_004,0,0,8190,4,28.59,59.53,1006.58,44.2,1,EMPTY
2026-09-13T13:23:19.119+08:00,RUN_20260913_121444,191,4209090,SESSION_004,0,0,8190,4,28.59,59.48,1006.58,44.2,1,EMPTY
2026-09-13T13:23:19.937+08:00,RUN_20260913_121444,192,4209908,SESSION_004,0,0,8190,4,28.59,59.47,1006.58,44.2,1,EMPTY
2026-09-13T13:23:20.941+08:00,RUN_20260913_121444,193,4210912,SESSION_004,0,0,8190,4,28.59,59.42,1006.59,44.2,1,EMPTY
2026-09-13T13:23:22.127+08:00,RUN_20260913_121444,194,4212098,SESSION_004,0,0,8190,4,28.59,59.44,1006.59,44.2,1,EMPTY
2026-09-13T13:23:23.127+08:00,RUN_20260913_121444,195,4213098,SESSION_004,0,0,8190,4,28.59,59.44,1006.61,44.2,1,EMPTY
2026-09-13T13:23:23.945+08:00,RUN_20260913_121444,196,4213916,SESSION_004,0,0,8190,4,28.59,59.45,1006.62,44.2,1,EMPTY
2026-09-13T13:23:24.949+08:00,RUN_20260913_121444,197,4214920,SESSION_004,0,0,8190,4,28.59,59.42,1006.62,44.2,1,EMPTY
2026-09-13T13:23:25.953+08:00,RUN_20260913_121444,198,4215924,SESSION_004,0,0,8190,4,28.59,59.43,1006.63,44.2,1,EMPTY
2026-09-13T13:23:26.957+08:00,RUN_20260913_121444,199,4216928,SESSION_004,0,0,8190,4,28.59,59.55,1006.64,44.2,1,EMPTY
2026-09-13T13:23:28.143+08:00,RUN_20260913_121444,200,4218114,SESSION_004,0,0,8190,4,28.59,59.53,1006.64,44.2,1,EMPTY
2026-09-13T13:23:29.143+08:00,RUN_20260913_121444,201,4219114,SESSION_004,0,0,8190,4,28.6,59.45,1006.65,44.2,1,EMPTY
2026-09-13T13:23:29.961+08:00,RUN_20260913_121444,202,4219932,SESSION_004,0,0,8190,4,28.6,59.56,1006.65,44.2,1,EMPTY
2026-09-13T13:23:30.965+08:00,RUN_20260913_121444,203,4220936,SESSION_004,0,0,8190,4,28.6,59.56,1006.65,44.2,1,EMPTY
2026-09-13T13:23:31.969+08:00,RUN_20260913_121444,204,4221940,SESSION_004,0,0,8190,4,28.6,59.45,1006.65,44.2,1,EMPTY
2026-09-13T13:23:32.973+08:00,RUN_20260913_121444,205,4222944,SESSION_004,0,0,8190,4,28.6,59.47,1006.65,44.2,1,EMPTY
2026-09-13T13:23:33.977+08:00,RUN_20260913_121444,206,4223948,SESSION_004,0,0,8190,4,28.6,59.45,1006.64,44.2,1,EMPTY
2026-09-13T13:23:34.981+08:00,RUN_20260913_121444,207,4224952,SESSION_004,0,0,8190,4,28.6,59.49,1006.64,44.2,1,EMPTY
2026-09-13T13:23:35.985+08:00,RUN_20260913_121444,208,4225956,SESSION_004,0,0,8190,4,28.6,59.42,1006.64,44.2,1,EMPTY
2026-09-13T13:23:37.171+08:00,RUN_20260913_121444,209,4227142,SESSION_004,0,0,8190,4,28.6,59.42,1006.63,44.2,1,EMPTY
2026-09-13T13:23:37.989+08:00,RUN_20260913_121444,210,4227960,SESSION_004,0,0,8190,4,28.6,59.42,1006.63,44.2,1,EMPTY
2026-09-13T13:23:38.993+08:00,RUN_20260913_121444,211,4228964,SESSION_004,0,0,8190,4,28.6,59.48,1006.62,44.2,1,EMPTY
2026-09-13T13:23:40.179+08:00,RUN_20260913_121444,212,4230150,SESSION_004,0,0,8190,4,28.6,59.4,1006.62,44.2,1,EMPTY
2026-09-13T13:23:40.997+08:00,RUN_20260913_121444,213,4230968,SESSION_004,0,0,8190,4,28.6,59.4,1006.62,44.2,1,EMPTY
2026-09-13T13:23:42.001+08:00,RUN_20260913_121444,214,4231972,SESSION_004,0,0,8190,4,28.6,59.41,1006.62,44.2,1,EMPTY
2026-09-13T13:23:43.005+08:00,RUN_20260913_121444,215,4232976,SESSION_004,0,0,8190,4,28.6,59.38,1006.61,44.2,1,EMPTY
2026-09-13T13:23:44.191+08:00,RUN_20260913_121444,216,4234162,SESSION_004,0,0,8190,4,28.6,59.44,1006.61,44.2,1,EMPTY
2026-09-13T13:23:45.009+08:00,RUN_20260913_121444,217,4234980,SESSION_004,0,0,8190,4,28.6,59.38,1006.61,44.2,1,EMPTY
2026-09-13T13:23:46.013+08:00,RUN_20260913_121444,218,4235984,SESSION_004,0,0,8190,4,28.6,59.41,1006.6,44.2,1,EMPTY
2026-09-13T13:23:47.199+08:00,RUN_20260913_121444,219,4237170,SESSION_004,0,0,8190,4,28.6,59.48,1006.61,44.2,1,EMPTY
2026-09-13T13:23:48.017+08:00,RUN_20260913_121444,220,4237988,SESSION_004,0,0,8190,4,28.6,59.5,1006.6,44.2,1,EMPTY
2026-09-13T13:23:49.021+08:00,RUN_20260913_121444,221,4238992,SESSION_004,0,0,8190,4,28.6,59.53,1006.6,44.2,1,EMPTY
2026-09-13T13:23:50.025+08:00,RUN_20260913_121444,222,4239996,SESSION_004,0,0,8190,4,28.6,59.54,1006.6,44.2,1,EMPTY
2026-09-13T13:23:51.029+08:00,RUN_20260913_121444,223,4241000,SESSION_004,0,0,8190,4,28.6,59.55,1006.6,44.2,1,EMPTY
2026-09-13T13:23:52.033+08:00,RUN_20260913_121444,224,4242004,SESSION_004,0,0,8190,4,28.6,59.55,1006.6,44.2,1,EMPTY
2026-09-13T13:23:53.037+08:00,RUN_20260913_121444,225,4243008,SESSION_004,0,0,8190,4,28.6,59.49,1006.6,44.2,1,EMPTY
2026-09-13T13:23:54.041+08:00,RUN_20260913_121444,226,4244012,SESSION_004,0,0,8190,4,28.6,59.48,1006.6,44.2,1,EMPTY
2026-09-13T13:23:55.045+08:00,RUN_20260913_121444,227,4245016,SESSION_004,0,0,8190,4,28.6,59.5,1006.6,44.2,1,EMPTY
2026-09-13T13:23:56.231+08:00,RUN_20260913_121444,228,4246202,SESSION_004,0,0,8190,4,28.6,59.56,1006.59,44.2,1,EMPTY
2026-09-13T13:23:57.231+08:00,RUN_20260913_121444,229,4247202,SESSION_004,0,0,8190,4,28.6,59.58,1006.59,44.2,1,EMPTY
2026-09-13T13:23:58.231+08:00,RUN_20260913_121444,230,4248202,SESSION_004,0,0,8190,4,28.6,59.5,1006.59,44.2,1,EMPTY
2026-09-13T13:23:59.231+08:00,RUN_20260913_121444,231,4249202,SESSION_004,0,0,8190,4,28.6,59.51,1006.59,44.2,1,EMPTY
2026-09-13T13:24:00.231+08:00,RUN_20260913_121444,232,4250202,SESSION_004,0,0,8190,4,28.6,59.61,1006.58,44.2,1,EMPTY
2026-09-13T13:24:01.049+08:00,RUN_20260913_121444,233,4251020,SESSION_004,0,0,8190,4,28.6,59.55,1006.58,44.2,1,EMPTY
2026-09-13T13:24:02.053+08:00,RUN_20260913_121444,234,4252024,SESSION_004,0,0,8190,4,28.6,59.65,1006.58,44.2,1,EMPTY
2026-09-13T13:24:03.057+08:00,RUN_20260913_121444,235,4253028,SESSION_004,0,0,8190,4,28.6,59.56,1006.58,44.2,1,EMPTY
2026-09-13T13:24:04.061+08:00,RUN_20260913_121444,236,4254032,SESSION_004,0,0,8190,4,28.6,59.56,1006.58,44.2,1,EMPTY
2026-09-13T13:24:05.065+08:00,RUN_20260913_121444,237,4255036,SESSION_004,0,0,8190,4,28.6,59.6,1006.58,44.2,1,EMPTY
2026-09-13T13:24:06.251+08:00,RUN_20260913_121444,238,4256222,SESSION_004,0,0,8190,4,28.6,59.62,1006.58,44.2,1,EMPTY
2026-09-13T13:24:07.069+08:00,RUN_20260913_121444,239,4257040,SESSION_004,0,0,8190,4,28.6,59.59,1006.57,44.2,1,EMPTY
2026-09-13T13:24:08.255+08:00,RUN_20260913_121444,240,4258226,SESSION_004,0,0,8190,4,28.6,59.6,1006.57,44.2,1,EMPTY
2026-09-13T13:24:09.255+08:00,RUN_20260913_121444,241,4259226,SESSION_004,0,0,8190,4,28.6,59.6,1006.58,44.2,1,EMPTY
2026-09-13T13:24:10.073+08:00,RUN_20260913_121444,242,4260044,SESSION_004,0,0,8190,4,28.6,59.59,1006.58,44.2,1,EMPTY
2026-09-13T13:24:11.077+08:00,RUN_20260913_121444,243,4261048,SESSION_004,0,0,8190,4,28.6,59.62,1006.58,44.2,1,EMPTY
2026-09-13T13:24:12.081+08:00,RUN_20260913_121444,244,4262052,SESSION_004,0,0,8190,4,28.6,59.61,1006.58,44.2,1,EMPTY
2026-09-13T13:24:13.085+08:00,RUN_20260913_121444,245,4263056,SESSION_004,0,0,8190,4,28.6,59.57,1006.58,44.2,1,EMPTY
2026-09-13T13:24:14.089+08:00,RUN_20260913_121444,246,4264060,SESSION_004,0,0,8190,4,28.6,59.63,1006.58,44.2,1,EMPTY
2026-09-13T13:24:15.093+08:00,RUN_20260913_121444,247,4265064,SESSION_004,0,0,8190,4,28.6,59.56,1006.58,44.2,1,EMPTY
2026-09-13T13:24:16.097+08:00,RUN_20260913_121444,248,4266068,SESSION_004,0,0,8190,4,28.6,59.56,1006.58,44.2,1,EMPTY
2026-09-13T13:24:17.101+08:00,RUN_20260913_121444,249,4267072,SESSION_004,0,0,8190,4,28.6,59.56,1006.58,44.2,1,EMPTY
2026-09-13T13:24:18.105+08:00,RUN_20260913_121444,250,4268076,SESSION_004,0,0,8190,4,28.6,59.61,1006.58,44.2,1,EMPTY
2026-09-13T13:24:19.109+08:00,RUN_20260913_121444,251,4269080,SESSION_004,0,0,8190,4,28.6,59.6,1006.58,44.2,1,EMPTY
2026-09-13T13:24:20.295+08:00,RUN_20260913_121444,252,4270266,SESSION_004,0,0,8190,4,28.6,59.57,1006.58,44.2,1,EMPTY
2026-09-13T13:24:21.113+08:00,RUN_20260913_121444,253,4271084,SESSION_004,0,0,8190,4,28.6,59.67,1006.58,44.2,1,EMPTY
2026-09-13T13:24:22.299+08:00,RUN_20260913_121444,254,4272270,SESSION_004,0,0,8190,4,28.61,59.65,1006.59,44.2,1,EMPTY
2026-09-13T13:24:23.299+08:00,RUN_20260913_121444,255,4273270,SESSION_004,0,0,8190,4,28.61,59.62,1006.59,44.2,1,EMPTY
2026-09-13T13:24:24.117+08:00,RUN_20260913_121444,256,4274088,SESSION_004,0,0,8190,4,28.6,59.66,1006.59,44.2,1,EMPTY
2026-09-13T13:24:25.303+08:00,RUN_20260913_121444,257,4275274,SESSION_004,0,0,8190,4,28.6,59.59,1006.59,44.2,1,EMPTY
2026-09-13T13:24:26.121+08:00,RUN_20260913_121444,258,4276092,SESSION_004,0,0,8190,4,28.6,59.6,1006.59,44.2,1,EMPTY
2026-09-13T13:24:27.307+08:00,RUN_20260913_121444,259,4277278,SESSION_004,0,0,8190,4,28.6,59.59,1006.59,44.2,1,EMPTY
2026-09-13T13:24:28.307+08:00,RUN_20260913_121444,260,4278278,SESSION_004,0,0,8190,4,28.6,59.6,1006.59,44.2,1,EMPTY
2026-09-13T13:24:29.307+08:00,RUN_20260913_121444,261,4279278,SESSION_004,0,0,8190,4,28.6,59.62,1006.59,44.2,1,EMPTY
2026-09-13T13:24:30.307+08:00,RUN_20260913_121444,262,4280278,SESSION_004,0,0,8190,4,28.61,59.63,1006.59,44.2,1,EMPTY
2026-09-13T13:24:31.125+08:00,RUN_20260913_121444,263,4281096,SESSION_004,0,0,8190,4,28.61,59.61,1006.59,44.2,1,EMPTY
2026-09-13T13:24:32.311+08:00,RUN_20260913_121444,264,4282282,SESSION_004,0,0,8190,4,28.61,59.57,1006.59,44.2,1,EMPTY
2026-09-13T13:24:33.129+08:00,RUN_20260913_121444,265,4283100,SESSION_004,0,0,8190,4,28.61,59.57,1006.59,44.2,1,EMPTY
2026-09-13T13:24:34.315+08:00,RUN_20260913_121444,266,4284286,SESSION_004,0,0,8190,4,28.61,59.57,1006.59,44.2,1,EMPTY
2026-09-13T13:24:35.133+08:00,RUN_20260913_121444,267,4285104,SESSION_004,0,0,8190,4,28.61,59.68,1006.59,44.2,1,EMPTY
2026-09-13T13:24:36.319+08:00,RUN_20260913_121444,268,4286290,SESSION_004,0,0,8190,4,28.61,59.56,1006.6,44.2,1,EMPTY
2026-09-13T13:24:37.137+08:00,RUN_20260913_121444,269,4287108,SESSION_004,0,0,8190,4,28.61,59.56,1006.6,44.2,1,EMPTY
2026-09-13T13:24:38.323+08:00,RUN_20260913_121444,270,4288294,SESSION_004,0,0,8190,4,28.61,59.63,1006.6,44.2,1,EMPTY
2026-09-13T13:24:39.141+08:00,RUN_20260913_121444,271,4289112,SESSION_004,0,0,8190,4,28.61,59.6,1006.6,44.2,1,EMPTY
2026-09-13T13:24:40.145+08:00,RUN_20260913_121444,272,4290116,SESSION_004,0,0,8190,4,28.61,59.49,1006.6,44.2,1,EMPTY
2026-09-13T13:24:41.149+08:00,RUN_20260913_121444,273,4291120,SESSION_004,0,0,8190,4,28.61,59.49,1006.61,44.2,1,EMPTY
2026-09-13T13:24:42.153+08:00,RUN_20260913_121444,274,4292124,SESSION_004,0,0,8190,4,28.61,59.52,1006.61,44.2,1,EMPTY
2026-09-13T13:24:43.339+08:00,RUN_20260913_121444,275,4293310,SESSION_004,0,0,8190,4,28.61,59.52,1006.61,44.2,1,EMPTY
2026-09-13T13:24:44.157+08:00,RUN_20260913_121444,276,4294128,SESSION_004,0,0,8190,4,28.61,59.58,1006.61,44.2,1,EMPTY
2026-09-13T13:24:45.161+08:00,RUN_20260913_121444,277,4295132,SESSION_004,0,0,8190,4,28.61,59.56,1006.61,44.2,1,EMPTY
2026-09-13T13:24:46.347+08:00,RUN_20260913_121444,278,4296318,SESSION_004,0,0,8190,4,28.61,59.52,1006.61,44.2,1,EMPTY
2026-09-13T13:24:47.165+08:00,RUN_20260913_121444,279,4297136,SESSION_004,0,0,8190,4,28.61,59.5,1006.61,44.2,1,EMPTY
2026-09-13T13:24:48.169+08:00,RUN_20260913_121444,280,4298140,SESSION_004,0,0,8190,4,28.61,59.49,1006.61,44.2,1,EMPTY
2026-09-13T13:24:49.173+08:00,RUN_20260913_121444,281,4299144,SESSION_004,0,0,8190,4,28.61,59.48,1006.61,44.2,1,EMPTY
2026-09-13T13:24:50.177+08:00,RUN_20260913_121444,282,4300148,SESSION_004,0,0,8190,4,28.61,59.55,1006.61,44.2,1,EMPTY
2026-09-13T13:24:51.181+08:00,RUN_20260913_121444,283,4301152,SESSION_004,0,0,8190,4,28.61,59.53,1006.61,44.2,1,EMPTY
2026-09-13T13:24:52.367+08:00,RUN_20260913_121444,284,4302338,SESSION_004,0,0,8190,4,28.61,59.43,1006.61,44.2,1,EMPTY
2026-09-13T13:24:53.185+08:00,RUN_20260913_121444,285,4303156,SESSION_004,0,0,8190,4,28.61,59.45,1006.61,44.2,1,EMPTY
2026-09-13T13:24:54.189+08:00,RUN_20260913_121444,286,4304160,SESSION_004,0,0,8190,4,28.61,59.48,1006.61,44.2,1,EMPTY
2026-09-13T13:24:55.375+08:00,RUN_20260913_121444,287,4305346,SESSION_004,0,0,8190,4,28.61,59.45,1006.6,44.2,1,EMPTY
2026-09-13T13:24:56.375+08:00,RUN_20260913_121444,288,4306346,SESSION_004,0,0,8190,4,28.61,59.42,1006.6,44.2,1,EMPTY
2026-09-13T13:24:57.193+08:00,RUN_20260913_121444,289,4307164,SESSION_004,0,0,8190,4,28.61,59.37,1006.6,44.2,1,EMPTY
2026-09-13T13:24:58.379+08:00,RUN_20260913_121444,290,4308350,SESSION_004,0,0,8190,4,28.61,59.42,1006.6,44.2,1,EMPTY
2026-09-13T13:24:59.197+08:00,RUN_20260913_121444,291,4309168,SESSION_004,0,0,8190,4,28.61,59.48,1006.6,44.2,1,EMPTY
2026-09-13T13:25:00.201+08:00,RUN_20260913_121444,292,4310172,SESSION_004,0,0,8190,4,28.61,59.42,1006.6,44.2,1,EMPTY
2026-09-13T13:25:01.205+08:00,RUN_20260913_121444,293,4311176,SESSION_004,0,0,8190,4,28.61,59.42,1006.6,44.2,1,EMPTY
2026-09-13T13:25:02.391+08:00,RUN_20260913_121444,294,4312362,SESSION_004,0,0,8190,4,28.61,59.41,1006.6,44.2,1,EMPTY
2026-09-13T13:25:03.209+08:00,RUN_20260913_121444,295,4313180,SESSION_004,0,0,8190,4,28.61,59.42,1006.6,44.2,1,EMPTY
2026-09-13T13:25:04.213+08:00,RUN_20260913_121444,296,4314184,SESSION_004,0,0,8190,4,28.61,59.43,1006.6,44.2,1,EMPTY
2026-09-13T13:25:05.217+08:00,RUN_20260913_121444,297,4315188,SESSION_004,0,0,8190,4,28.61,59.45,1006.6,44.2,1,EMPTY
2026-09-13T13:25:06.403+08:00,RUN_20260913_121444,298,4316374,SESSION_004,0,0,8190,4,28.61,59.46,1006.6,44.2,1,EMPTY
2026-09-13T13:25:07.221+08:00,RUN_20260913_121444,299,4317192,SESSION_004,0,0,8190,4,28.61,59.47,1006.6,44.2,1,EMPTY
2026-09-13T13:25:08.225+08:00,RUN_20260913_121444,300,4318196,SESSION_004,0,0,8190,4,28.61,59.46,1006.6,44.2,1,EMPTY
2026-09-13T13:25:09.229+08:00,RUN_20260913_121444,301,4319200,SESSION_004,0,0,8190,4,28.61,59.47,1006.6,44.2,1,EMPTY
2026-09-13T13:25:10.233+08:00,RUN_20260913_121444,302,4320204,SESSION_004,0,0,8190,4,28.61,59.47,1006.61,44.2,1,EMPTY
2026-09-13T13:25:11.237+08:00,RUN_20260913_121444,303,4321208,SESSION_004,0,0,8190,4,28.61,59.48,1006.61,44.2,1,EMPTY
2026-09-13T13:25:12.241+08:00,RUN_20260913_121444,304,4322212,SESSION_004,0,0,8190,4,28.61,59.49,1006.61,44.2,1,EMPTY
2026-09-13T13:25:13.245+08:00,RUN_20260913_121444,305,4323216,SESSION_004,0,0,8190,4,28.61,59.59,1006.61,44.2,1,EMPTY
2026-09-13T13:25:14.249+08:00,RUN_20260913_121444,306,4324220,SESSION_004,0,0,8190,4,28.61,59.58,1006.61,44.2,1,EMPTY
2026-09-13T13:25:15.253+08:00,RUN_20260913_121444,307,4325224,SESSION_004,0,0,8190,4,28.61,59.46,1006.6,44.2,1,EMPTY
2026-09-13T13:25:16.257+08:00,RUN_20260913_121444,308,4326228,SESSION_004,0,0,8190,4,28.61,59.47,1006.6,44.2,1,EMPTY
2026-09-13T13:25:17.261+08:00,RUN_20260913_121444,309,4327232,SESSION_004,0,0,8190,4,28.61,59.43,1006.6,44.2,1,EMPTY
2026-09-13T13:25:18.447+08:00,RUN_20260913_121444,310,4328418,SESSION_004,0,0,8190,4,28.61,59.45,1006.59,44.2,1,EMPTY
2026-09-13T13:25:19.447+08:00,RUN_20260913_121444,311,4329418,SESSION_004,0,0,8190,4,28.61,59.42,1006.59,44.2,1,EMPTY
2026-09-13T13:25:20.265+08:00,RUN_20260913_121444,312,4330236,SESSION_004,0,0,8190,4,28.61,59.42,1006.59,44.2,1,EMPTY
2026-09-13T13:25:21.269+08:00,RUN_20260913_121444,313,4331240,SESSION_004,0,0,8190,4,28.61,59.4,1006.58,44.2,1,EMPTY
2026-09-13T13:25:22.455+08:00,RUN_20260913_121444,314,4332426,SESSION_004,0,0,8190,4,28.61,59.45,1006.58,44.2,1,EMPTY
2026-09-13T13:25:23.273+08:00,RUN_20260913_121444,315,4333244,SESSION_004,0,0,8190,4,28.61,59.41,1006.58,44.2,1,EMPTY
2026-09-13T13:25:24.277+08:00,RUN_20260913_121444,316,4334248,SESSION_004,0,0,8190,4,28.62,59.36,1006.59,44.2,1,EMPTY
2026-09-13T13:25:25.463+08:00,RUN_20260913_121444,317,4335434,SESSION_004,0,0,8190,4,28.61,59.29,1006.59,44.2,1,EMPTY
2026-09-13T13:25:26.281+08:00,RUN_20260913_121444,318,4336252,SESSION_004,0,0,8190,4,28.61,59.31,1006.58,44.2,1,EMPTY
2026-09-13T13:25:27.467+08:00,RUN_20260913_121444,319,4337438,SESSION_004,0,0,8190,4,28.61,59.33,1006.58,44.2,1,EMPTY
2026-09-13T13:25:28.285+08:00,RUN_20260913_121444,320,4338256,SESSION_004,0,0,8190,4,28.62,59.35,1006.59,44.2,1,EMPTY
2026-09-13T13:25:29.289+08:00,RUN_20260913_121444,321,4339260,SESSION_004,0,0,8190,4,28.62,59.35,1006.59,44.2,1,EMPTY
2026-09-13T13:25:30.475+08:00,RUN_20260913_121444,322,4340446,SESSION_004,0,0,8190,4,28.62,59.27,1006.59,44.2,1,EMPTY
2026-09-13T13:25:31.475+08:00,RUN_20260913_121444,323,4341446,SESSION_004,0,0,8190,4,28.62,59.26,1006.59,44.2,1,EMPTY
2026-09-13T13:25:32.293+08:00,RUN_20260913_121444,324,4342264,SESSION_004,0,0,8190,4,28.62,59.36,1006.59,44.2,1,EMPTY
2026-09-13T13:25:33.297+08:00,RUN_20260913_121444,325,4343268,SESSION_004,0,0,8190,4,28.62,59.39,1006.59,44.2,1,EMPTY
2026-09-13T13:25:34.301+08:00,RUN_20260913_121444,326,4344272,SESSION_004,0,0,8190,4,28.61,59.37,1006.59,44.2,1,EMPTY
2026-09-13T13:25:35.305+08:00,RUN_20260913_121444,327,4345276,SESSION_004,0,0,8190,4,28.61,59.27,1006.59,44.2,1,EMPTY
2026-09-13T13:25:36.309+08:00,RUN_20260913_121444,328,4346280,SESSION_004,0,0,8190,4,28.61,59.33,1006.59,44.2,1,EMPTY
2026-09-13T13:25:37.313+08:00,RUN_20260913_121444,329,4347284,SESSION_004,0,0,8190,4,28.61,59.31,1006.59,44.2,1,EMPTY
2026-09-13T13:25:38.317+08:00,RUN_20260913_121444,330,4348288,SESSION_004,0,0,8190,4,28.61,59.31,1006.59,44.2,1,EMPTY
2026-09-13T13:25:39.503+08:00,RUN_20260913_121444,331,4349474,SESSION_004,0,0,8190,4,28.61,59.21,1006.59,44.2,1,EMPTY
2026-09-13T13:25:40.503+08:00,RUN_20260913_121444,332,4350474,SESSION_004,0,0,8190,4,28.61,59.22,1006.59,44.2,1,EMPTY
2026-09-13T13:25:41.321+08:00,RUN_20260913_121444,333,4351292,SESSION_004,0,0,8190,4,28.61,59.21,1006.58,44.2,1,EMPTY
2026-09-13T13:25:42.325+08:00,RUN_20260913_121444,334,4352296,SESSION_004,0,0,8190,4,28.61,59.21,1006.58,44.2,1,EMPTY
2026-09-13T13:25:43.329+08:00,RUN_20260913_121444,335,4353300,SESSION_004,0,0,8190,4,28.61,59.21,1006.58,44.2,1,EMPTY
2026-09-13T13:25:44.333+08:00,RUN_20260913_121444,336,4354304,SESSION_004,0,0,8190,4,28.61,59.3,1006.58,44.2,1,EMPTY
2026-09-13T13:25:45.337+08:00,RUN_20260913_121444,337,4355308,SESSION_004,0,0,8190,4,28.61,59.3,1006.58,44.2,1,EMPTY
2026-09-13T13:25:46.341+08:00,RUN_20260913_121444,338,4356312,SESSION_004,0,0,8190,4,28.61,59.21,1006.57,44.2,1,EMPTY
2026-09-13T13:25:47.345+08:00,RUN_20260913_121444,339,4357316,SESSION_004,0,0,8190,4,28.61,59.23,1006.57,44.2,1,EMPTY
2026-09-13T13:25:48.349+08:00,RUN_20260913_121444,340,4358320,SESSION_004,0,0,8190,4,28.61,59.22,1006.57,44.2,1,EMPTY
2026-09-13T13:25:49.353+08:00,RUN_20260913_121444,341,4359324,SESSION_004,0,0,8190,4,28.61,59.27,1006.57,44.2,1,EMPTY
2026-09-13T13:25:50.357+08:00,RUN_20260913_121444,342,4360328,SESSION_004,0,0,8190,4,28.61,59.25,1006.56,44.2,1,EMPTY
2026-09-13T13:25:51.361+08:00,RUN_20260913_121444,343,4361332,SESSION_004,0,0,8190,4,28.61,59.25,1006.56,44.2,1,EMPTY
2026-09-13T13:25:52.365+08:00,RUN_20260913_121444,344,4362336,SESSION_004,0,0,8190,4,28.61,59.18,1006.56,44.2,1,EMPTY
2026-09-13T13:25:53.551+08:00,RUN_20260913_121444,345,4363522,SESSION_004,0,0,8190,4,28.61,59.16,1006.56,44.2,1,EMPTY
2026-09-13T13:25:54.369+08:00,RUN_20260913_121444,346,4364340,SESSION_004,0,0,8190,4,28.61,59.27,1006.56,44.2,1,EMPTY
2026-09-13T13:25:55.373+08:00,RUN_20260913_121444,347,4365344,SESSION_004,0,0,8190,4,28.61,59.2,1006.56,44.2,1,EMPTY
2026-09-13T13:25:56.377+08:00,RUN_20260913_121444,348,4366348,SESSION_004,0,0,8190,4,28.61,59.27,1006.56,44.2,1,EMPTY
2026-09-13T13:25:57.381+08:00,RUN_20260913_121444,349,4367352,SESSION_004,0,0,8190,4,28.61,59.29,1006.56,44.2,1,EMPTY
2026-09-13T13:25:58.567+08:00,RUN_20260913_121444,350,4368538,SESSION_004,0,0,8190,4,28.61,59.29,1006.56,44.2,1,EMPTY
2026-09-13T13:25:59.385+08:00,RUN_20260913_121444,351,4369356,SESSION_004,0,0,8190,4,28.61,59.31,1006.56,44.2,1,EMPTY
2026-09-13T13:26:00.571+08:00,RUN_20260913_121444,352,4370542,SESSION_004,0,0,8190,4,28.61,59.24,1006.56,44.2,1,EMPTY
2026-09-13T13:26:01.389+08:00,RUN_20260913_121444,353,4371360,SESSION_004,0,0,8190,4,28.61,59.29,1006.56,44.2,1,EMPTY
2026-09-13T13:26:02.393+08:00,RUN_20260913_121444,354,4372364,SESSION_004,0,0,8190,4,28.61,59.21,1006.56,44.2,1,EMPTY
2026-09-13T13:26:03.397+08:00,RUN_20260913_121444,355,4373368,SESSION_004,0,0,8190,4,28.61,59.25,1006.56,44.2,1,EMPTY
2026-09-13T13:26:04.401+08:00,RUN_20260913_121444,356,4374372,SESSION_004,0,0,8190,4,28.61,59.25,1006.56,44.2,1,EMPTY
2026-09-13T13:26:05.587+08:00,RUN_20260913_121444,357,4375558,SESSION_004,0,0,8190,4,28.61,59.22,1006.56,44.2,1,EMPTY
2026-09-13T13:26:06.405+08:00,RUN_20260913_121444,358,4376376,SESSION_004,0,0,8190,4,28.61,59.21,1006.56,44.2,1,EMPTY
2026-09-13T13:26:07.409+08:00,RUN_20260913_121444,359,4377380,SESSION_004,0,0,8190,4,28.61,59.24,1006.56,44.2,1,EMPTY
2026-09-13T13:26:08.413+08:00,RUN_20260913_121444,360,4378384,SESSION_004,0,0,8190,4,28.61,59.31,1006.56,44.2,1,EMPTY
2026-09-13T13:26:09.417+08:00,RUN_20260913_121444,361,4379388,SESSION_004,0,0,8190,4,28.61,59.25,1006.56,44.2,1,EMPTY
2026-09-13T13:26:10.421+08:00,RUN_20260913_121444,362,4380392,SESSION_004,0,0,8190,4,28.61,59.28,1006.56,44.2,1,EMPTY
2026-09-13T13:26:11.425+08:00,RUN_20260913_121444,363,4381396,SESSION_004,0,0,8190,4,28.61,59.24,1006.56,44.2,1,EMPTY
2026-09-13T13:26:12.611+08:00,RUN_20260913_121444,364,4382582,SESSION_004,0,0,8190,4,28.61,59.25,1006.56,44.2,1,EMPTY
2026-09-13T13:26:13.611+08:00,RUN_20260913_121444,365,4383582,SESSION_004,0,0,8190,4,28.61,59.34,1006.56,44.2,1,EMPTY
2026-09-13T13:26:14.429+08:00,RUN_20260913_121444,366,4384400,SESSION_004,0,0,8190,4,28.61,59.25,1006.56,44.2,1,EMPTY
2026-09-13T13:26:15.615+08:00,RUN_20260913_121444,367,4385586,SESSION_004,0,0,8190,4,28.61,59.36,1006.56,44.2,1,EMPTY
2026-09-13T13:26:16.433+08:00,RUN_20260913_121444,368,4386404,SESSION_004,0,0,8190,4,28.61,59.28,1006.56,44.2,1,EMPTY
2026-09-13T13:26:17.619+08:00,RUN_20260913_121444,369,4387590,SESSION_004,0,0,8190,4,28.61,59.31,1006.56,44.2,1,EMPTY
2026-09-13T13:26:18.437+08:00,RUN_20260913_121444,370,4388408,SESSION_004,0,0,8190,4,28.61,59.36,1006.56,44.2,1,EMPTY
2026-09-13T13:26:19.623+08:00,RUN_20260913_121444,371,4389594,SESSION_004,0,0,8190,4,28.61,59.36,1006.56,44.2,1,EMPTY
2026-09-13T13:26:20.441+08:00,RUN_20260913_121444,372,4390412,SESSION_004,0,0,8190,4,28.61,59.28,1006.56,44.2,1,EMPTY
2026-09-13T13:26:21.445+08:00,RUN_20260913_121444,373,4391416,SESSION_004,0,0,8190,4,28.61,59.3,1006.56,44.2,1,EMPTY
2026-09-13T13:26:22.449+08:00,RUN_20260913_121444,374,4392420,SESSION_004,0,0,8190,4,28.61,59.3,1006.55,44.2,1,EMPTY
2026-09-13T13:26:23.635+08:00,RUN_20260913_121444,375,4393606,SESSION_004,0,0,8190,4,28.61,59.21,1006.55,44.2,1,EMPTY
2026-09-13T13:26:24.453+08:00,RUN_20260913_121444,376,4394424,SESSION_004,0,0,8190,4,28.61,59.24,1006.56,44.2,1,EMPTY
2026-09-13T13:26:25.457+08:00,RUN_20260913_121444,377,4395428,SESSION_004,0,0,8190,4,28.61,59.24,1006.56,44.2,1,EMPTY
2026-09-13T13:26:26.643+08:00,RUN_20260913_121444,378,4396614,SESSION_004,0,0,8190,4,28.61,59.35,1006.56,44.2,1,EMPTY
2026-09-13T13:26:27.643+08:00,RUN_20260913_121444,379,4397614,SESSION_004,0,0,8190,4,28.61,59.25,1006.56,44.2,1,EMPTY
2026-09-13T13:26:28.461+08:00,RUN_20260913_121444,380,4398432,SESSION_004,0,0,8190,4,28.61,59.25,1006.56,44.2,1,EMPTY
2026-09-13T13:26:29.647+08:00,RUN_20260913_121444,381,4399618,SESSION_004,0,0,8190,4,28.62,59.39,1006.56,44.2,1,EMPTY
2026-09-13T13:26:30.647+08:00,RUN_20260913_121444,382,4400618,SESSION_004,0,0,8190,4,28.62,59.38,1006.56,44.2,1,EMPTY
2026-09-13T13:26:31.647+08:00,RUN_20260913_121444,383,4401618,SESSION_004,0,0,8190,4,28.62,59.23,1006.56,43.3,1,EMPTY
2026-09-13T13:26:32.647+08:00,RUN_20260913_121444,384,4402618,SESSION_004,1,0,8190,4,28.62,59.33,1006.56,43.3,1,EMPTY
2026-09-13T13:26:33.465+08:00,RUN_20260913_121444,385,4403436,SESSION_004,1,0,8190,4,28.62,59.32,1006.56,42.5,1,EMPTY
2026-09-13T13:26:34.651+08:00,RUN_20260913_121444,386,4404622,SESSION_004,1,0,57,0,28.62,59.26,1006.56,41.7,1,EMPTY
2026-09-13T13:26:35.656+08:00,RUN_20260913_121444,387,4405627,SESSION_004,0,0,55,0,28.62,59.61,1006.56,41.7,1,EMPTY
