2026-09-13T13:36:27.301+08:00,RUN_20260913_121444,1,4997272,SESSION_005,0,0,58,0,28.72,60.87,1006.41,41.7,1,LOW
2026-09-13T13:36:28.306+08:00,RUN_20260913_121444,2,4998277,SESSION_005,0,0,272,0,28.72,59.97,1006.41,43.3,1,LOW
2026-09-13T13:36:29.311+08:00,RUN_20260913_121444,3,4999282,SESSION_005,1,0,361,0,28.72,59.67,1006.41,43.3,1,LOW
2026-09-13T13:36:30.316+08:00,RUN_20260913_121444,4,5000287,SESSION_005,1,0,383,0,28.72,59.4,1006.41,44.2,1,LOW
2026-09-13T13:36:31.321+08:00,RUN_20260913_121444,5,5001292,SESSION_005,1,0,414,0,28.72,59.29,1006.41,43.3,1,LOW
2026-09-13T13:36:32.326+08:00,RUN_20260913_121444,6,5002297,SESSION_005,1,0,477,0,28.72,59.31,1006.41,43.3,1,LOW
2026-09-13T13:36:33.331+08:00,RUN_20260913_121444,7,5003302,SESSION_005,1,0,1017,0,28.72,59.28,1006.41,43.3,1,LOW
2026-09-13T13:36:34.336+08:00,RUN_20260913_121444,8,5004307,SESSION_005,0,0,868,0,28.72,59.1,1006.41,43.3,1,LOW
2026-09-13T13:36:35.341+08:00,RUN_20260913_121444,9,5005312,SESSION_005,0,0,814,0,28.72,59.03,1006.4,43.3,1,LOW
2026-09-13T13:36:36.346+08:00,RUN_20260913_121444,10,5006317,SESSION_005,0,0,850,0,28.72,59.07,1006.4,43.3,1,LOW
2026-09-13T13:36:37.351+08:00,RUN_20260913_121444,11,5007322,SESSION_005,0,0,8190,4,28.73,58.96,1006.4,43.3,1,LOW
2026-09-13T13:36:38.174+08:00,RUN_20260913_121444,12,5008145,SESSION_005,0,0,8190,4,28.73,58.94,1006.4,43.3,1,LOW
2026-09-13T13:36:39.177+08:00,RUN_20260913_121444,13,5009148,SESSION_005,1,0,8190,4,28.73,58.94,1006.4,43.3,1,LOW
2026-09-13T13:36:40.180+08:00,RUN_20260913_121444,14,5010151,SESSION_005,1,0,8190,4,28.73,58.96,1006.41,43.3,1,LOW
2026-09-13T13:36:41.183+08:00,RUN_20260913_121444,15,5011154,SESSION_005,0,0,8190,4,28.73,58.85,1006.41,44.2,1,LOW
2026-09-13T13:36:42.186+08:00,RUN_20260913_121444,16,5012157,SESSION_005,0,0,8190,4,28.73,58.87,1006.4,44.2,1,LOW
2026-09-13T13:36:43.189+08:00,RUN_20260913_121444,17,5013160,SESSION_005,1,0,8190,4,28.73,58.87,1006.4,44.2,1,LOW
2026-09-13T13:36:44.192+08:00,RUN_20260913_121444,18,5014163,SESSION_005,0,0,8190,4,28.73,58.85,1006.41,44.2,1,LOW
2026-09-13T13:36:45.195+08:00,RUN_20260913_121444,19,5015166,SESSION_005,0,0,8190,4,28.73,58.87,1006.4,44.2,1,LOW
2026-09-13T13:36:46.198+08:00,RUN_20260913_121444,20,5016169,SESSION_005,1,0,8190,4,28.73,58.78,1006.41,44.2,1,LOW
2026-09-13T13:36:47.201+08:00,RUN_20260913_121444,21,5017172,SESSION_005,1,0,8190,4,28.73,58.78,1006.41,44.2,1,LOW
2026-09-13T13:36:48.204+08:00,RUN_20260913_121444,22,5018175,SESSION_005,1,0,8190,4,28.73,58.88,1006.41,44.2,1,LOW
2026-09-13T13:36:49.389+08:00,RUN_20260913_121444,23,5019360,SESSION_005,0,0,8190,4,28.73,58.89,1006.41,44.2,1,LOW
2026-09-13T13:36:50.212+08:00,RUN_20260913_121444,24,5020183,SESSION_005,0,0,8190,4,28.73,58.89,1006.42,44.2,1,LOW
2026-09-13T13:36:51.397+08:00,RUN_20260913_121444,25,5021368,SESSION_005,0,0,8190,4,28.73,58.92,1006.42,44.2,1,LOW
2026-09-13T13:36:52.220+08:00,RUN_20260913_121444,26,5022191,SESSION_005,0,0,8190,4,28.73,58.9,1006.43,44.2,1,LOW
2026-09-13T13:36:53.223+08:00,RUN_20260913_121444,27,5023194,SESSION_005,0,0,8190,4,28.73,58.94,1006.44,44.2,1,LOW
2026-09-13T13:36:54.226+08:00,RUN_20260913_121444,28,5024197,SESSION_005,0,0,8190,4,28.73,58.84,1006.44,44.2,1,LOW
2026-09-13T13:36:55.229+08:00,RUN_20260913_121444,29,5025200,SESSION_005,1,0,8190,4,28.74,58.88,1006.45,44.2,1,LOW
2026-09-13T13:36:56.414+08:00,RUN_20260913_121444,30,5026385,SESSION_005,0,0,8190,4,28.74,58.92,1006.45,44.2,1,LOW
2026-09-13T13:36:57.419+08:00,RUN_20260913_121444,31,5027390,SESSION_005,0,0,8190,4,28.74,58.92,1006.45,44.2,1,LOW
2026-09-13T13:36:58.424+08:00,RUN_20260913_121444,32,5028395,SESSION_005,1,0,8190,4,28.74,58.83,1006.45,44.2,1,LOW
2026-09-13T13:36:59.247+08:00,RUN_20260913_121444,33,5029218,SESSION_005,0,0,8190,4,28.74,58.9,1006.45,44.2,1,LOW
2026-09-13T13:37:00.250+08:00,RUN_20260913_121444,34,5030221,SESSION_005,0,0,8190,4,28.74,58.84,1006.45,44.2,1,LOW
2026-09-13T13:37:01.253+08:00,RUN_20260913_121444,35,5031224,SESSION_005,0,0,8190,4,28.74,58.81,1006.44,44.2,1,LOW
2026-09-13T13:37:02.256+08:00,RUN_20260913_121444,36,5032227,SESSION_005,0,0,8190,4,28.74,58.78,1006.44,44.2,1,LOW
2026-09-13T13:37:03.259+08:00,RUN_20260913_121444,37,5033230,SESSION_005,1,0,8190,4,28.74,58.76,1006.44,44.2,1,LOW
2026-09-13T13:37:04.262+08:00,RUN_20260913_121444,38,5034233,SESSION_005,0,0,8190,4,28.74,58.77,1006.44,44.2,1,LOW
2026-09-13T13:37:05.265+08:00,RUN_20260913_121444,39,5035236,SESSION_005,0,0,8190,4,28.74,58.74,1006.44,44.2,1,LOW
2026-09-13T13:37:06.268+08:00,RUN_20260913_121444,40,5036239,SESSION_005,0,0,8190,4,28.74,58.71,1006.44,44.2,1,LOW
2026-09-13T13:37:07.453+08:00,RUN_20260913_121444,41,5037424,SESSION_005,1,0,8190,4,28.74,58.77,1006.44,44.2,1,LOW
2026-09-13T13:37:08.276+08:00,RUN_20260913_121444,42,5038247,SESSION_005,1,0,8190,4,28.74,58.67,1006.43,44.2,1,LOW
2026-09-13T13:37:09.461+08:00,RUN_20260913_121444,43,5039432,SESSION_005,0,0,8190,4,28.74,58.7,1006.43,44.2,1,LOW
2026-09-13T13:37:10.466+08:00,RUN_20260913_121444,44,5040437,SESSION_005,0,0,8190,4,28.74,58.71,1006.43,44.2,1,LOW
2026-09-13T13:37:11.471+08:00,RUN_20260913_121444,45,5041442,SESSION_005,1,0,8190,4,28.74,58.71,1006.43,44.2,1,LOW
2026-09-13T13:37:12.294+08:00,RUN_20260913_121444,46,5042265,SESSION_005,0,0,8190,4,28.74,58.72,1006.43,44.2,1,LOW
2026-09-13T13:37:13.297+08:00,RUN_20260913_121444,47,5043268,SESSION_005,0,0,8190,4,28.74,58.78,1006.42,44.2,1,LOW
2026-09-13T13:37:14.300+08:00,RUN_20260913_121444,48,5044271,SESSION_005,0,0,8190,4,28.74,58.72,1006.42,44.2,1,LOW
2026-09-13T13:37:15.485+08:00,RUN_20260913_121444,49,5045456,SESSION_005,0,0,8190,4,28.74,58.72,1006.42,44.2,1,LOW
2026-09-13T13:37:16.308+08:00,RUN_20260913_121444,50,5046279,SESSION_005,1,0,8190,4,28.74,58.71,1006.42,44.2,1,LOW
2026-09-13T13:37:17.311+08:00,RUN_20260913_121444,51,5047282,SESSION_005,0,0,8190,4,28.74,58.69,1006.42,44.2,1,LOW
2026-09-13T13:37:18.314+08:00,RUN_20260913_121444,52,5048285,SESSION_005,0,0,8190,4,28.74,58.8,1006.42,44.2,1,LOW
2026-09-13T13:37:19.317+08:00,RUN_20260913_121444,53,5049288,SESSION_005,1,0,8190,4,28.74,58.86,1006.42,44.2,1,LOW
2026-09-13T13:37:20.320+08:00,RUN_20260913_121444,54,5050291,SESSION_005,0,0,8190,4,28.74,58.89,1006.42,44.2,1,LOW
2026-09-13T13:37:21.505+08:00,RUN_20260913_121444,55,5051476,SESSION_005,0,0,8190,4,28.74,58.96,1006.42,44.2,1,LOW
2026-09-13T13:37:22.328+08:00,RUN_20260913_121444,56,5052299,SESSION_005,0,0,8190,4,28.74,58.8,1006.42,44.2,1,LOW
2026-09-13T13:37:23.331+08:00,RUN_20260913_121444,57,5053302,SESSION_005,1,0,8190,4,28.74,58.89,1006.42,44.2,1,LOW
2026-09-13T13:37:24.334+08:00,RUN_20260913_121444,58,5054305,SESSION_005,0,0,8190,4,28.74,58.89,1006.42,44.2,1,LOW
2026-09-13T13:37:25.337+08:00,RUN_20260913_121444,59,5055308,SESSION_005,0,0,8190,4,28.74,58.8,1006.42,44.2,1,LOW
2026-09-13T13:37:26.340+08:00,RUN_20260913_121444,60,5056311,SESSION_005,1,0,8190,4,28.74,58.81,1006.41,44.2,1,LOW
2026-09-13T13:37:27.525+08:00,RUN_20260913_121444,61,5057496,SESSION_005,0,0,8190,4,28.74,58.82,1006.41,44.2,1,LOW
2026-09-13T13:37:28.348+08:00,RUN_20260913_121444,62,5058319,SESSION_005,0,0,8190,4,28.74,58.86,1006.41,44.2,1,LOW
2026-09-13T13:37:29.351+08:00,RUN_20260913_121444,63,5059322,SESSION_005,0,0,8190,4,28.74,58.77,1006.42,44.2,1,LOW
2026-09-13T13:37:30.536+08:00,RUN_20260913_121444,64,5060507,SESSION_005,1,0,8190,4,28.74,58.77,1006.42,44.2,1,LOW
2026-09-13T13:37:31.359+08:00,RUN_20260913_121444,65,5061330,SESSION_005,0,0,8190,4,28.74,58.79,1006.42,44.2,1,LOW
2026-09-13T13:37:32.362+08:00,RUN_20260913_121444,66,5062333,SESSION_005,0,0,8190,4,28.74,58.77,1006.42,44.2,1,LOW
2026-09-13T13:37:33.365+08:00,RUN_20260913_121444,67,5063336,SESSION_005,1,0,8190,4,28.74,58.8,1006.42,44.2,1,LOW
2026-09-13T13:37:34.550+08:00,RUN_20260913_121444,68,5064521,SESSION_005,0,0,8190,4,28.74,58.77,1006.41,44.2,1,LOW
2026-09-13T13:37:35.373+08:00,RUN_20260913_121444,69,5065344,SESSION_005,0,0,8190,4,28.74,58.8,1006.41,44.2,1,LOW
2026-09-13T13:37:36.376+08:00,RUN_20260913_121444,70,5066347,SESSION_005,1,0,8190,4,28.74,58.71,1006.41,44.2,1,LOW
2026-09-13T13:37:37.379+08:00,RUN_20260913_121444,71,5067350,SESSION_005,0,0,8190,4,28.74,58.78,1006.4,44.2,1,LOW
2026-09-13T13:37:38.382+08:00,RUN_20260913_121444,72,5068353,SESSION_005,0,0,8190,4,28.74,58.69,1006.4,44.2,1,LOW
2026-09-13T13:37:39.385+08:00,RUN_20260913_121444,73,5069356,SESSION_005,1,0,8190,4,28.74,58.68,1006.4,44.2,1,LOW
2026-09-13T13:37:40.388+08:00,RUN_20260913_121444,74,5070359,SESSION_005,0,0,8190,4,28.74,58.68,1006.4,44.2,1,LOW
2026-09-13T13:37:41.391+08:00,RUN_20260913_121444,75,5071362,SESSION_005,0,0,8190,4,28.74,58.74,1006.4,44.2,1,LOW
2026-09-13T13:37:42.576+08:00,RUN_20260913_121444,76,5072547,SESSION_005,1,0,8190,4,28.74,58.68,1006.4,44.2,1,LOW
2026-09-13T13:37:43.399+08:00,RUN_20260913_121444,77,5073370,SESSION_005,0,0,8190,4,28.74,58.67,1006.4,44.2,1,LOW
2026-09-13T13:37:44.402+08:00,RUN_20260913_121444,78,5074373,SESSION_005,0,0,8190,4,28.74,58.78,1006.41,44.2,1,LOW
2026-09-13T13:37:45.405+08:00,RUN_20260913_121444,79,5075376,SESSION_005,0,0,8190,4,28.74,58.71,1006.4,44.2,1,LOW
2026-09-13T13:37:46.408+08:00,RUN_20260913_121444,80,5076379,SESSION_005,0,0,8190,4,28.74,58.82,1006.4,44.2,1,LOW
2026-09-13T13:37:47.411+08:00,RUN_20260913_121444,81,5077382,SESSION_005,1,0,8190,4,28.74,58.71,1006.4,44.2,1,LOW
2026-09-13T13:37:48.414+08:00,RUN_20260913_121444,82,5078385,SESSION_005,0,0,8190,4,28.74,58.75,1006.4,44.2,1,LOW
2026-09-13T13:37:49.417+08:00,RUN_20260913_121444,83,5079388,SESSION_005,0,0,8190,4,28.74,58.63,1006.4,44.2,1,LOW
2026-09-13T13:37:50.420+08:00,RUN_20260913_121444,84,5080391,SESSION_005,1,0,8190,4,28.74,58.63,1006.4,44.2,1,LOW
2026-09-13T13:37:51.423+08:00,RUN_20260913_121444,85,5081394,SESSION_005,0,0,8190,4,28.74,58.63,1006.4,44.2,1,LOW
2026-09-13T13:37:52.426+08:00,RUN_20260913_121444,86,5082397,SESSION_005,0,0,8190,4,28.73,58.63,1006.4,44.2,1,LOW
2026-09-13T13:37:53.429+08:00,RUN_20260913_121444,87,5083400,SESSION_005,0,0,8190,4,28.73,58.65,1006.4,44.2,1,LOW
2026-09-13T13:37:54.432+08:00,RUN_20260913_121444,88,5084403,SESSION_005,1,0,8190,4,28.73,58.74,1006.4,44.2,1,LOW
2026-09-13T13:37:55.435+08:00,RUN_20260913_121444,89,5085406,SESSION_005,0,0,8190,4,28.73,58.67,1006.4,44.2,1,LOW
2026-09-13T13:37:56.438+08:00,RUN_20260913_121444,90,5086409,SESSION_005,1,0,8190,4,28.73,58.72,1006.4,44.2,1,LOW
2026-09-13T13:37:57.623+08:00,RUN_20260913_121444,91,5087594,SESSION_005,0,0,8190,4,28.73,58.68,1006.4,44.2,1,LOW
2026-09-13T13:37:58.446+08:00,RUN_20260913_121444,92,5088417,SESSION_005,0,0,8190,4,28.73,58.59,1006.4,44.2,1,LOW
2026-09-13T13:37:59.449+08:00,RUN_20260913_121444,93,5089420,SESSION_005,0,0,8190,4,28.73,58.62,1006.39,44.2,1,LOW
2026-09-13T13:38:00.452+08:00,RUN_20260913_121444,94,5090423,SESSION_005,1,0,8190,4,28.73,58.58,1006.39,44.2,1,LOW
2026-09-13T13:38:01.637+08:00,RUN_20260913_121444,95,5091608,SESSION_005,0,0,8190,4,28.73,58.7,1006.39,44.2,1,LOW
2026-09-13T13:38:02.460+08:00,RUN_20260913_121444,96,5092431,SESSION_005,0,0,8190,4,28.73,58.75,1006.38,44.2,1,LOW
2026-09-13T13:38:03.463+08:00,RUN_20260913_121444,97,5093434,SESSION_005,0,0,8190,4,28.73,58.75,1006.38,44.2,1,LOW
2026-09-13T13:38:04.466+08:00,RUN_20260913_121444,98,5094437,SESSION_005,1,0,8190,4,28.73,58.66,1006.38,44.2,1,LOW
2026-09-13T13:38:05.469+08:00,RUN_20260913_121444,99,5095440,SESSION_005,0,0,8190,4,28.73,58.75,1006.38,44.2,1,LOW
2026-09-13T13:38:06.654+08:00,RUN_20260913_121444,100,5096625,SESSION_005,0,0,8190,4,28.73,58.66,1006.38,44.2,1,LOW
2026-09-13T13:38:07.659+08:00,RUN_20260913_121444,101,5097630,SESSION_005,0,0,8190,4,28.72,58.7,1006.37,44.2,1,LOW
2026-09-13T13:38:08.482+08:00,RUN_20260913_121444,102,5098453,SESSION_005,0,0,8190,4,28.72,58.6,1006.37,44.2,1,LOW
2026-09-13T13:38:09.485+08:00,RUN_20260913_121444,103,5099456,SESSION_005,0,0,8190,4,28.72,58.59,1006.37,44.2,1,LOW
2026-09-13T13:38:10.488+08:00,RUN_20260913_121444,104,5100459,SESSION_005,0,0,8190,4,28.72,58.68,1006.37,44.2,1,LOW
2026-09-13T13:38:11.673+08:00,RUN_20260913_121444,105,5101644,SESSION_005,0,0,8190,4,28.72,58.68,1006.37,44.2,1,LOW
2026-09-13T13:38:12.496+08:00,RUN_20260913_121444,106,5102467,SESSION_005,0,0,8190,4,28.72,58.57,1006.37,44.2,1,LOW
2026-09-13T13:38:13.499+08:00,RUN_20260913_121444,107,5103470,SESSION_005,0,0,8190,4,28.72,58.59,1006.37,44.2,1,LOW
2026-09-13T13:38:14.502+08:00,RUN_20260913_121444,108,5104473,SESSION_005,0,0,8190,4,28.72,58.6,1006.37,44.2,1,LOW
2026-09-13T13:38:15.505+08:00,RUN_20260913_121444,109,5105476,SESSION_005,0,0,8190,4,28.72,58.66,1006.37,44.2,1,LOW
2026-09-13T13:38:16.508+08:00,RUN_20260913_121444,110,5106479,SESSION_005,0,0,8190,4,28.72,58.57,1006.37,44.2,1,LOW
2026-09-13T13:38:17.511+08:00,RUN_20260913_121444,111,5107482,SESSION_005,0,0,8190,4,28.72,58.54,1006.36,44.2,1,LOW
2026-09-13T13:38:18.696+08:00,RUN_20260913_121444,112,5108667,SESSION_005,0,0,8190,4,28.72,58.63,1006.36,44.2,1,LOW
2026-09-13T13:38:19.701+08:00,RUN_20260913_121444,113,5109672,SESSION_005,0,0,8190,4,28.72,58.54,1006.36,44.2,1,LOW
2026-09-13T13:38:20.524+08:00,RUN_20260913_121444,114,5110495,SESSION_005,0,0,8190,4,28.72,58.54,1006.36,44.2,1,LOW
2026-09-13T13:38:21.527+08:00,RUN_20260913_121444,115,5111498,SESSION_005,0,0,8190,4,28.72,58.53,1006.36,44.2,1,LOW
2026-09-13T13:38:22.530+08:00,RUN_20260913_121444,116,5112501,SESSION_005,0,0,8190,4,28.72,58.5,1006.36,44.2,1,LOW
2026-09-13T13:38:23.533+08:00,RUN_20260913_121444,117,5113504,SESSION_005,0,0,8190,4,28.72,58.6,1006.36,44.2,1,LOW
2026-09-13T13:38:24.536+08:00,RUN_20260913_121444,118,5114507,SESSION_005,0,0,8190,4,28.72,58.57,1006.36,44.2,1,LOW
2026-09-13T13:38:25.721+08:00,RUN_20260913_121444,119,5115692,SESSION_005,0,0,8190,4,28.72,58.56,1006.36,44.2,1,LOW
2026-09-13T13:38:26.726+08:00,RUN_20260913_121444,120,5116697,SESSION_005,0,0,8190,4,28.72,58.56,1006.36,44.2,1,LOW
2026-09-13T13:38:27.549+08:00,RUN_20260913_121444,121,5117520,SESSION_005,0,0,8190,4,28.72,58.52,1006.36,44.2,1,LOW
2026-09-13T13:38:28.552+08:00,RUN_20260913_121444,122,5118523,SESSION_005,0,0,8190,4,28.72,58.54,1006.36,44.2,1,LOW
2026-09-13T13:38:29.555+08:00,RUN_20260913_121444,123,5119526,SESSION_005,1,0,8190,4,28.72,58.42,1006.36,44.2,1,LOW
2026-09-13T13:38:30.558+08:00,RUN_20260913_121444,124,5120529,SESSION_005,1,0,8190,4,28.72,58.41,1006.36,44.2,1,LOW
2026-09-13T13:38:31.561+08:00,RUN_20260913_121444,125,5121532,SESSION_005,0,0,8190,4,28.71,58.5,1006.36,44.2,1,LOW
2026-09-13T13:38:32.564+08:00,RUN_20260913_121444,126,5122535,SESSION_005,0,0,8190,4,28.71,58.42,1006.36,44.2,1,LOW
2026-09-13T13:38:33.567+08:00,RUN_20260913_121444,127,5123538,SESSION_005,0,0,8190,4,28.71,58.51,1006.36,44.2,1,LOW
2026-09-13T13:38:34.752+08:00,RUN_20260913_121444,128,5124723,SESSION_005,0,0,8190,4,28.71,58.51,1006.36,44.2,1,LOW
2026-09-13T13:38:35.757+08:00,RUN_20260913_121444,129,5125728,SESSION_005,1,0,8190,4,28.71,58.51,1006.36,44.2,1,LOW
2026-09-13T13:38:36.762+08:00,RUN_20260913_121444,130,5126733,SESSION_005,0,0,8190,4,28.71,58.42,1006.36,44.2,1,LOW
2026-09-13T13:38:37.767+08:00,RUN_20260913_121444,131,5127738,SESSION_005,0,0,8190,4,28.71,58.41,1006.36,44.2,1,LOW
2026-09-13T13:38:38.590+08:00,RUN_20260913_121444,132,5128561,SESSION_005,0,0,8190,4,28.71,58.46,1006.36,44.2,1,LOW
2026-09-13T13:38:39.593+08:00,RUN_20260913_121444,133,5129564,SESSION_005,1,0,8190,4,28.71,58.58,1006.36,44.2,1,LOW
2026-09-13T13:38:40.596+08:00,RUN_20260913_121444,134,5130567,SESSION_005,0,0,8190,4,28.71,58.56,1006.36,44.2,1,LOW
2026-09-13T13:38:41.781+08:00,RUN_20260913_121444,135,5131752,SESSION_005,0,0,8190,4,28.71,58.45,1006.36,44.2,1,LOW
2026-09-13T13:38:42.604+08:00,RUN_20260913_121444,136,5132575,SESSION_005,0,0,8190,4,28.71,58.56,1006.36,44.2,1,LOW
2026-09-13T13:38:43.607+08:00,RUN_20260913_121444,137,5133578,SESSION_005,0,0,8190,4,28.71,58.58,1006.36,44.2,1,LOW
2026-09-13T13:38:44.610+08:00,RUN_20260913_121444,138,5134581,SESSION_005,1,0,8190,4,28.71,58.52,1006.35,44.2,1,LOW
2026-09-13T13:38:45.613+08:00,RUN_20260913_121444,139,5135584,SESSION_005,0,0,8190,4,28.71,58.59,1006.35,44.2,1,LOW
2026-09-13T13:38:46.616+08:00,RUN_20260913_121444,140,5136587,SESSION_005,0,0,8190,4,28.71,58.63,1006.35,44.2,1,LOW
2026-09-13T13:38:47.801+08:00,RUN_20260913_121444,141,5137772,SESSION_005,1,0,8190,4,28.71,58.51,1006.35,44.2,1,LOW
2026-09-13T13:38:48.624+08:00,RUN_20260913_121444,142,5138595,SESSION_005,0,0,8190,4,28.71,58.52,1006.35,44.2,1,LOW
2026-09-13T13:38:49.809+08:00,RUN_20260913_121444,143,5139780,SESSION_005,0,0,8190,4,28.71,58.5,1006.35,44.2,1,LOW
2026-09-13T13:38:50.632+08:00,RUN_20260913_121444,144,5140603,SESSION_005,1,0,8190,4,28.71,58.58,1006.35,44.2,1,LOW
2026-09-13T13:38:51.635+08:00,RUN_20260913_121444,145,5141606,SESSION_005,1,0,8190,4,28.71,58.51,1006.35,44.2,1,LOW
2026-09-13T13:38:52.820+08:00,RUN_20260913_121444,146,5142791,SESSION_005,0,0,8190,4,28.71,58.48,1006.35,43.3,1,LOW
2026-09-13T13:38:53.643+08:00,RUN_20260913_121444,147,5143614,SESSION_005,0,0,8190,4,28.71,58.52,1006.35,43.3,1,LOW
2026-09-13T13:38:54.828+08:00,RUN_20260913_121444,148,5144799,SESSION_005,1,0,8190,4,28.71,58.53,1006.35,43.3,1,LOW
2026-09-13T13:38:55.833+08:00,RUN_20260913_121444,149,5145804,SESSION_005,0,0,8190,4,28.71,58.46,1006.35,44.2,1,LOW
2026-09-13T13:38:56.838+08:00,RUN_20260913_121444,150,5146809,SESSION_005,0,0,8190,4,28.71,58.53,1006.35,44.2,1,LOW
2026-09-13T13:38:57.661+08:00,RUN_20260913_121444,151,5147632,SESSION_005,0,0,8190,4,28.71,58.46,1006.35,44.2,1,LOW
2026-09-13T13:38:58.664+08:00,RUN_20260913_121444,152,5148635,SESSION_005,0,0,8190,4,28.72,58.46,1006.35,44.2,1,LOW
2026-09-13T13:38:59.667+08:00,RUN_20260913_121444,153,5149638,SESSION_005,0,0,8190,4,28.72,58.57,1006.35,44.2,1,LOW
2026-09-13T13:39:00.670+08:00,RUN_20260913_121444,154,5150641,SESSION_005,0,0,8190,4,28.72,58.48,1006.35,44.2,1,LOW
2026-09-13T13:39:01.673+08:00,RUN_20260913_121444,155,5151644,SESSION_005,0,0,8190,4,28.72,58.47,1006.35,44.2,1,LOW
2026-09-13T13:39:02.676+08:00,RUN_20260913_121444,156,5152647,SESSION_005,0,0,8190,4,28.72,58.44,1006.35,44.2,1,LOW
2026-09-13T13:39:03.679+08:00,RUN_20260913_121444,157,5153650,SESSION_005,0,0,8190,4,28.72,58.54,1006.35,44.2,1,LOW
2026-09-13T13:39:04.682+08:00,RUN_20260913_121444,158,5154653,SESSION_005,1,0,8190,4,28.72,58.47,1006.35,43.3,1,LOW
2026-09-13T13:39:05.685+08:00,RUN_20260913_121444,159,5155656,SESSION_005,1,0,8190,4,28.72,58.52,1006.35,44.2,1,LOW
2026-09-13T13:39:06.688+08:00,RUN_20260913_121444,160,5156659,SESSION_005,1,0,8190,4,28.72,58.5,1006.35,44.2,1,LOW
2026-09-13T13:39:07.691+08:00,RUN_20260913_121444,161,5157662,SESSION_005,0,0,8190,4,28.72,58.54,1006.35,44.2,1,LOW
2026-09-13T13:39:08.876+08:00,RUN_20260913_121444,162,5158847,SESSION_005,0,0,8190,4,28.71,58.58,1006.35,44.2,1,LOW
2026-09-13T13:39:09.881+08:00,RUN_20260913_121444,163,5159852,SESSION_005,1,0,8190,4,28.71,58.57,1006.35,44.2,1,LOW
2026-09-13T13:39:10.886+08:00,RUN_20260913_121444,164,5160857,SESSION_005,0,0,8190,4,28.71,58.57,1006.35,44.2,1,LOW
2026-09-13T13:39:11.891+08:00,RUN_20260913_121444,165,5161862,SESSION_005,0,0,615,0,28.71,58.46,1006.35,44.2,1,LOW
2026-09-13T13:39:12.896+08:00,RUN_20260913_121444,166,5162867,SESSION_005,1,1,8190,4,28.71,58.42,1006.35,44.2,1,LOW
2026-09-13T13:39:13.719+08:00,RUN_20260913_121444,167,5163690,SESSION_005,0,1,8190,4,28.71,58.53,1006.35,44.2,1,LOW
2026-09-13T13:39:14.722+08:00,RUN_20260913_121444,168,5164693,SESSION_005,0,0,8190,4,28.71,58.51,1006.35,44.2,1,LOW
2026-09-13T13:39:15.907+08:00,RUN_20260913_121444,169,5165878,SESSION_005,0,0,8190,4,28.71,58.5,1006.35,43.3,1,LOW
2026-09-13T13:39:16.730+08:00,RUN_20260913_121444,170,5166701,SESSION_005,0,0,8190,4,28.71,58.48,1006.34,43.3,1,LOW
2026-09-13T13:39:17.733+08:00,RUN_20260913_121444,171,5167704,SESSION_005,0,1,8190,4,28.71,58.48,1006.34,43.3,1,LOW
2026-09-13T13:39:18.736+08:00,RUN_20260913_121444,172,5168707,SESSION_005,0,1,8190,4,28.71,58.34,1006.34,44.2,1,LOW
2026-09-13T13:39:19.921+08:00,RUN_20260913_121444,173,5169892,SESSION_005,0,1,8190,4,28.71,58.27,1006.35,44.2,1,LOW
2026-09-13T13:39:20.926+08:00,RUN_20260913_121444,174,5170897,SESSION_005,0,0,8190,4,28.71,58.28,1006.34,44.2,1,LOW
2026-09-13T13:39:21.931+08:00,RUN_20260913_121444,175,5171902,SESSION_005,0,0,603,0,28.71,58.26,1006.34,44.2,1,LOW
2026-09-13T13:39:22.754+08:00,RUN_20260913_121444,176,5172725,SESSION_005,1,1,8190,4,28.71,58.26,1006.34,44.2,1,LOW
2026-09-13T13:39:23.939+08:00,RUN_20260913_121444,177,5173910,SESSION_005,1,0,8190,4,28.71,58.26,1006.34,44.2,1,LOW
2026-09-13T13:39:24.762+08:00,RUN_20260913_121444,178,5174733,SESSION_005,1,0,8190,4,28.71,58.25,1006.34,44.2,1,LOW
2026-09-13T13:39:25.765+08:00,RUN_20260913_121444,179,5175736,SESSION_005,0,0,8190,4,28.71,58.23,1006.34,44.2,1,LOW
2026-09-13T13:39:26.768+08:00,RUN_20260913_121444,180,5176739,SESSION_005,0,0,8190,4,28.71,58.29,1006.34,44.2,1,LOW
2026-09-13T13:39:27.771+08:00,RUN_20260913_121444,181,5177742,SESSION_005,0,0,8190,4,28.71,58.29,1006.34,44.2,1,LOW
2026-09-13T13:39:28.774+08:00,RUN_20260913_121444,182,5178745,SESSION_005,1,0,8190,4,28.71,58.27,1006.34,44.2,1,LOW
2026-09-13T13:39:29.959+08:00,RUN_20260913_121444,183,5179930,SESSION_005,0,0,8190,4,28.71,58.26,1006.33,44.2,1,LOW
2026-09-13T13:39:30.964+08:00,RUN_20260913_121444,184,5180935,SESSION_005,0,0,8190,4,28.71,58.22,1006.33,44.2,1,LOW
2026-09-13T13:39:31.787+08:00,RUN_20260913_121444,185,5181758,SESSION_005,0,0,8190,4,28.71,58.28,1006.33,44.2,1,LOW
2026-09-13T13:39:32.790+08:00,RUN_20260913_121444,186,5182761,SESSION_005,1,0,8190,4,28.7,58.29,1006.32,44.2,1,LOW
2026-09-13T13:39:33.793+08:00,RUN_20260913_121444,187,5183764,SESSION_005,0,0,8190,4,28.7,58.2,1006.32,44.2,1,LOW
2026-09-13T13:39:34.978+08:00,RUN_20260913_121444,188,5184949,SESSION_005,0,0,8190,4,28.7,58.29,1006.32,44.2,1,LOW
2026-09-13T13:39:35.801+08:00,RUN_20260913_121444,189,5185772,SESSION_005,0,0,8190,4,28.7,58.3,1006.32,44.2,1,LOW
2026-09-13T13:39:36.804+08:00,RUN_20260913_121444,190,5186775,SESSION_005,1,0,8190,4,28.7,58.3,1006.32,44.2,1,LOW
2026-09-13T13:39:37.807+08:00,RUN_20260913_121444,191,5187778,SESSION_005,0,0,8190,4,28.7,58.33,1006.32,44.2,1,LOW
2026-09-13T13:39:38.810+08:00,RUN_20260913_121444,192,5188781,SESSION_005,0,0,8190,4,28.7,58.36,1006.32,44.2,1,LOW
2026-09-13T13:39:39.995+08:00,RUN_20260913_121444,193,5189966,SESSION_005,0,0,8190,4,28.7,58.38,1006.32,44.2,1,LOW
2026-09-13T13:39:41.000+08:00,RUN_20260913_121444,194,5190971,SESSION_005,0,0,8190,4,28.7,58.29,1006.32,44.2,1,LOW
2026-09-13T13:39:42.005+08:00,RUN_20260913_121444,195,5191976,SESSION_005,1,0,8190,4,28.7,58.38,1006.32,44.2,1,LOW
2026-09-13T13:39:43.010+08:00,RUN_20260913_121444,196,5192981,SESSION_005,0,0,8190,4,28.7,58.29,1006.32,44.2,1,LOW
2026-09-13T13:39:44.015+08:00,RUN_20260913_121444,197,5193986,SESSION_005,0,0,481,0,28.7,58.32,1006.32,44.2,1,LOW
2026-09-13T13:39:45.020+08:00,RUN_20260913_121444,198,5194991,SESSION_005,1,0,8190,4,28.7,58.33,1006.32,44.2,1,LOW
2026-09-13T13:39:45.843+08:00,RUN_20260913_121444,199,5195814,SESSION_005,1,0,8190,4,28.7,58.29,1006.32,44.2,1,LOW
2026-09-13T13:39:46.846+08:00,RUN_20260913_121444,200,5196817,SESSION_005,1,0,8190,4,28.69,58.35,1006.32,44.2,1,LOW
2026-09-13T13:39:47.849+08:00,RUN_20260913_121444,201,5197820,SESSION_005,1,0,8190,4,28.69,58.39,1006.32,44.2,1,LOW
2026-09-13T13:39:48.852+08:00,RUN_20260913_121444,202,5198823,SESSION_005,0,0,8190,4,28.69,58.4,1006.32,44.2,1,LOW
2026-09-13T13:39:49.855+08:00,RUN_20260913_121444,203,5199826,SESSION_005,0,0,8190,4,28.69,58.42,1006.32,44.2,1,LOW
2026-09-13T13:39:51.040+08:00,RUN_20260913_121444,204,5201011,SESSION_005,0,0,8190,4,28.69,58.39,1006.32,44.2,1,LOW
2026-09-13T13:39:51.863+08:00,RUN_20260913_121444,205,5201834,SESSION_005,1,0,8190,4,28.69,58.3,1006.33,44.2,1,LOW
2026-09-13T13:39:52.866+08:00,RUN_20260913_121444,206,5202837,SESSION_005,0,0,8190,4,28.69,58.32,1006.33,44.2,1,LOW
2026-09-13T13:39:53.869+08:00,RUN_20260913_121444,207,5203840,SESSION_005,0,0,8190,4,28.69,58.4,1006.33,44.2,1,LOW
2026-09-13T13:39:55.054+08:00,RUN_20260913_121444,208,5205025,SESSION_005,0,0,8190,4,28.69,58.27,1006.33,44.2,1,LOW
2026-09-13T13:39:55.877+08:00,RUN_20260913_121444,209,5205848,SESSION_005,0,0,8190,4,28.69,58.29,1006.33,44.2,1,LOW
2026-09-13T13:39:56.880+08:00,RUN_20260913_121444,210,5206851,SESSION_005,0,0,8190,4,28.69,58.28,1006.33,44.2,1,LOW
2026-09-13T13:39:58.065+08:00,RUN_20260913_121444,211,5208036,SESSION_005,0,0,8190,4,28.69,58.28,1006.33,44.2,1,LOW
2026-09-13T13:39:58.888+08:00,RUN_20260913_121444,212,5208859,SESSION_005,0,0,8190,4,28.69,58.24,1006.33,44.2,1,LOW
2026-09-13T13:39:59.891+08:00,RUN_20260913_121444,213,5209862,SESSION_005,0,0,8190,4,28.69,58.26,1006.33,44.2,1,LOW
2026-09-13T13:40:00.894+08:00,RUN_20260913_121444,214,5210865,SESSION_005,0,0,8190,4,28.69,58.27,1006.34,44.2,1,LOW
2026-09-13T13:40:02.079+08:00,RUN_20260913_121444,215,5212050,SESSION_005,0,0,8190,4,28.69,58.34,1006.34,44.2,1,LOW
2026-09-13T13:40:02.902+08:00,RUN_20260913_121444,216,5212873,SESSION_005,0,0,8190,4,28.69,58.24,1006.34,44.2,1,LOW
2026-09-13T13:40:03.905+08:00,RUN_20260913_121444,217,5213876,SESSION_005,0,0,8190,4,28.69,58.34,1006.34,44.2,1,LOW
2026-09-13T13:40:05.090+08:00,RUN_20260913_121444,218,5215061,SESSION_005,0,0,8190,4,28.69,58.34,1006.34,44.2,1,LOW
2026-09-13T13:40:06.095+08:00,RUN_20260913_121444,219,5216066,SESSION_005,0,0,8190,4,28.69,58.33,1006.35,44.2,1,LOW
2026-09-13T13:40:06.918+08:00,RUN_20260913_121444,220,5216889,SESSION_005,0,0,8190,4,28.69,58.31,1006.35,44.2,1,LOW
2026-09-13T13:40:07.921+08:00,RUN_20260913_121444,221,5217892,SESSION_005,0,0,8190,4,28.69,58.28,1006.35,44.2,1,LOW
2026-09-13T13:40:09.106+08:00,RUN_20260913_121444,222,5219077,SESSION_005,0,0,8190,4,28.69,58.21,1006.35,44.2,1,LOW
2026-09-13T13:40:09.929+08:00,RUN_20260913_121444,223,5219900,SESSION_005,0,0,8190,4,28.69,58.22,1006.35,44.2,1,LOW
2026-09-13T13:40:10.932+08:00,RUN_20260913_121444,224,5220903,SESSION_005,0,0,8190,4,28.69,58.18,1006.35,44.2,1,LOW
2026-09-13T13:40:11.935+08:00,RUN_20260913_121444,225,5221906,SESSION_005,0,0,8190,4,28.69,58.18,1006.35,44.2,1,LOW
2026-09-13T13:40:12.938+08:00,RUN_20260913_121444,226,5222909,SESSION_005,0,0,8190,4,28.69,58.22,1006.35,44.2,1,LOW
2026-09-13T13:40:13.941+08:00,RUN_20260913_121444,227,5223912,SESSION_005,0,0,8190,4,28.69,58.31,1006.35,44.2,1,LOW
2026-09-13T13:40:14.944+08:00,RUN_20260913_121444,228,5224915,SESSION_005,0,0,8190,4,28.69,58.31,1006.34,44.2,1,LOW
2026-09-13T13:40:15.947+08:00,RUN_20260913_121444,229,5225918,SESSION_005,0,0,8190,4,28.69,58.31,1006.34,44.2,1,LOW
2026-09-13T13:40:16.950+08:00,RUN_20260913_121444,230,5226921,SESSION_005,0,0,8190,4,28.69,58.24,1006.34,44.2,1,LOW
2026-09-13T13:40:17.953+08:00,RUN_20260913_121444,231,5227924,SESSION_005,0,0,8190,4,28.69,58.22,1006.33,44.2,1,LOW
2026-09-13T13:40:18.956+08:00,RUN_20260913_121444,232,5228927,SESSION_005,0,0,8190,4,28.69,58.17,1006.33,44.2,1,LOW
2026-09-13T13:40:19.959+08:00,RUN_20260913_121444,233,5229930,SESSION_005,0,0,8190,4,28.69,58.2,1006.33,44.2,1,LOW
2026-09-13T13:40:20.962+08:00,RUN_20260913_121444,234,5230933,SESSION_005,0,0,8190,4,28.69,58.29,1006.33,44.2,1,LOW
2026-09-13T13:40:21.965+08:00,RUN_20260913_121444,235,5231936,SESSION_005,0,0,8190,4,28.68,58.23,1006.33,44.2,1,LOW
2026-09-13T13:40:22.968+08:00,RUN_20260913_121444,236,5232939,SESSION_005,0,0,8190,4,28.68,58.25,1006.33,44.2,1,LOW
2026-09-13T13:40:23.971+08:00,RUN_20260913_121444,237,5233942,SESSION_005,0,0,8190,4,28.68,58.36,1006.33,44.2,1,LOW
2026-09-13T13:40:24.974+08:00,RUN_20260913_121444,238,5234945,SESSION_005,0,0,8190,4,28.68,58.37,1006.34,44.2,1,LOW
2026-09-13T13:40:25.977+08:00,RUN_20260913_121444,239,5235948,SESSION_005,0,0,8190,4,28.68,58.36,1006.34,44.2,1,LOW
2026-09-13T13:40:26.980+08:00,RUN_20260913_121444,240,5236951,SESSION_005,0,0,8190,4,28.68,58.37,1006.34,44.2,1,LOW
2026-09-13T13:40:28.165+08:00,RUN_20260913_121444,241,5238136,SESSION_005,0,0,8190,4,28.68,58.4,1006.34,44.2,1,LOW
2026-09-13T13:40:28.988+08:00,RUN_20260913_121444,242,5238959,SESSION_005,0,0,8190,4,28.68,58.29,1006.34,44.2,1,LOW
2026-09-13T13:40:29.991+08:00,RUN_20260913_121444,243,5239962,SESSION_005,0,0,8190,4,28.68,58.33,1006.34,44.2,1,LOW
2026-09-13T13:40:30.994+08:00,RUN_20260913_121444,244,5240965,SESSION_005,0,0,8190,4,28.68,58.33,1006.34,44.2,1,LOW
2026-09-13T13:40:31.997+08:00,RUN_20260913_121444,245,5241968,SESSION_005,0,0,8190,4,28.68,58.34,1006.34,44.2,1,LOW
2026-09-13T13:40:33.000+08:00,RUN_20260913_121444,246,5242971,SESSION_005,0,0,8190,4,28.68,58.34,1006.34,44.2,1,LOW
2026-09-13T13:40:34.003+08:00,RUN_20260913_121444,247,5243974,SESSION_005,0,0,8190,4,28.68,58.31,1006.34,44.2,1,LOW
2026-09-13T13:40:35.006+08:00,RUN_20260913_121444,248,5244977,SESSION_005,1,0,8190,4,28.68,58.34,1006.34,44.2,1,LOW
2026-09-13T13:40:36.191+08:00,RUN_20260913_121444,249,5246162,SESSION_005,0,0,8190,4,28.68,58.35,1006.34,44.2,1,LOW
2026-09-13T13:40:37.014+08:00,RUN_20260913_121444,250,5246985,SESSION_005,0,0,8190,4,28.68,58.37,1006.34,44.2,1,LOW
2026-09-13T13:40:38.017+08:00,RUN_20260913_121444,251,5247988,SESSION_005,0,0,8190,4,28.68,58.4,1006.34,44.2,1,LOW
2026-09-13T13:40:39.202+08:00,RUN_20260913_121444,252,5249173,SESSION_005,1,0,8190,4,28.68,58.44,1006.34,44.2,1,LOW
2026-09-13T13:40:40.025+08:00,RUN_20260913_121444,253,5249996,SESSION_005,0,0,8190,4,28.68,58.4,1006.34,44.2,1,LOW
2026-09-13T13:40:41.028+08:00,RUN_20260913_121444,254,5250999,SESSION_005,0,0,8190,4,28.68,58.42,1006.34,44.2,1,LOW
2026-09-13T13:40:42.031+08:00,RUN_20260913_121444,255,5252002,SESSION_005,0,0,8190,4,28.68,58.42,1006.34,44.2,1,LOW
2026-09-13T13:40:43.034+08:00,RUN_20260913_121444,256,5253005,SESSION_005,1,0,8190,4,28.68,58.49,1006.34,44.2,1,LOW
2026-09-13T13:40:44.037+08:00,RUN_20260913_121444,257,5254008,SESSION_005,1,0,8190,4,28.68,58.42,1006.34,44.2,1,LOW
2026-09-13T13:40:45.222+08:00,RUN_20260913_121444,258,5255193,SESSION_005,0,0,8190,4,28.68,58.38,1006.34,44.2,1,LOW
2026-09-13T13:40:46.227+08:00,RUN_20260913_121444,259,5256198,SESSION_005,0,0,8190,4,28.68,58.5,1006.34,44.2,1,LOW
2026-09-13T13:40:47.050+08:00,RUN_20260913_121444,260,5257021,SESSION_005,0,0,8190,4,28.68,58.46,1006.34,44.2,1,LOW
2026-09-13T13:40:48.235+08:00,RUN_20260913_121444,261,5258206,SESSION_005,0,0,8190,4,28.68,58.41,1006.34,44.2,1,LOW
2026-09-13T13:40:49.058+08:00,RUN_20260913_121444,262,5259029,SESSION_005,0,0,8190,4,28.68,58.41,1006.34,44.2,1,LOW
2026-09-13T13:40:50.061+08:00,RUN_20260913_121444,263,5260032,SESSION_005,0,0,8190,4,28.68,58.43,1006.34,44.2,1,LOW
2026-09-13T13:40:51.246+08:00,RUN_20260913_121444,264,5261217,SESSION_005,0,0,8190,4,28.68,58.42,1006.33,44.2,1,LOW
2026-09-13T13:40:52.069+08:00,RUN_20260913_121444,265,5262040,SESSION_005,0,0,8190,4,28.68,58.43,1006.33,44.2,1,LOW
2026-09-13T13:40:53.072+08:00,RUN_20260913_121444,266,5263043,SESSION_005,1,0,8190,4,28.68,58.54,1006.32,44.2,1,LOW
2026-09-13T13:40:54.257+08:00,RUN_20260913_121444,267,5264228,SESSION_005,0,0,8190,4,28.68,58.54,1006.32,44.2,1,LOW
2026-09-13T13:40:55.080+08:00,RUN_20260913_121444,268,5265051,SESSION_005,0,0,8190,4,28.68,58.46,1006.32,44.2,1,LOW
2026-09-13T13:40:56.083+08:00,RUN_20260913_121444,269,5266054,SESSION_005,0,0,8190,4,28.68,58.54,1006.32,44.2,1,LOW
2026-09-13T13:40:57.268+08:00,RUN_20260913_121444,270,5267239,SESSION_005,0,0,732,0,28.68,58.59,1006.32,44.2,1,LOW
2026-09-13T13:40:58.273+08:00,RUN_20260913_121444,271,5268244,SESSION_005,0,0,1250,0,28.68,58.56,1006.31,44.2,1,LOW
2026-09-13T13:40:59.096+08:00,RUN_20260913_121444,272,5269067,SESSION_005,0,0,8190,4,28.68,58.61,1006.31,44.2,1,LOW
2026-09-13T13:41:00.099+08:00,RUN_20260913_121444,273,5270070,SESSION_005,1,0,8190,4,28.68,58.68,1006.31,44.2,1,LOW
2026-09-13T13:41:01.102+08:00,RUN_20260913_121444,274,5271073,SESSION_005,0,1,8190,4,28.67,58.63,1006.31,44.2,1,LOW
2026-09-13T13:41:02.287+08:00,RUN_20260913_121444,275,5272258,SESSION_005,0,1,8190,4,28.67,58.61,1006.31,43.3,1,LOW
2026-09-13T13:41:03.110+08:00,RUN_20260913_121444,276,5273081,SESSION_005,0,1,8190,4,28.67,58.71,1006.31,44.2,1,LOW
2026-09-13T13:41:04.295+08:00,RUN_20260913_121444,277,5274266,SESSION_005,0,1,8190,4,28.67,58.63,1006.31,43.3,1,LOW
2026-09-13T13:41:05.118+08:00,RUN_20260913_121444,278,5275089,SESSION_005,0,1,8190,4,28.67,58.62,1006.31,43.3,1,LOW
2026-09-13T13:41:06.121+08:00,RUN_20260913_121444,279,5276092,SESSION_005,0,1,8190,4,28.67,58.63,1006.31,44.2,1,LOW
2026-09-13T13:41:07.124+08:00,RUN_20260913_121444,280,5277095,SESSION_005,0,1,8190,4,28.67,58.63,1006.31,44.2,1,LOW
2026-09-13T13:41:08.127+08:00,RUN_20260913_121444,281,5278098,SESSION_005,0,0,8190,4,28.67,58.74,1006.31,44.2,1,LOW
2026-09-13T13:41:09.312+08:00,RUN_20260913_121444,282,5279283,SESSION_005,0,0,8190,4,28.67,58.69,1006.31,43.3,1,LOW
2026-09-13T13:41:10.135+08:00,RUN_20260913_121444,283,5280106,SESSION_005,0,1,8190,4,28.67,58.66,1006.3,44.2,1,LOW
2026-09-13T13:41:11.138+08:00,RUN_20260913_121444,284,5281109,SESSION_005,0,0,8190,4,28.67,58.71,1006.3,44.2,1,LOW
2026-09-13T13:41:12.141+08:00,RUN_20260913_121444,285,5282112,SESSION_005,0,0,8190,4,28.67,58.62,1006.3,44.2,1,LOW
2026-09-13T13:41:13.326+08:00,RUN_20260913_121444,286,5283297,SESSION_005,0,0,582,0,28.67,58.59,1006.3,44.2,1,LOW
2026-09-13T13:41:14.331+08:00,RUN_20260913_121444,287,5284302,SESSION_005,0,0,887,0,28.67,58.59,1006.3,44.2,1,LOW
2026-09-13T13:41:15.336+08:00,RUN_20260913_121444,288,5285307,SESSION_005,0,0,8190,4,28.67,58.57,1006.3,44.2,1,LOW
2026-09-13T13:41:16.341+08:00,RUN_20260913_121444,289,5286312,SESSION_005,1,0,8190,4,28.67,58.67,1006.3,44.2,1,LOW
2026-09-13T13:41:17.346+08:00,RUN_20260913_121444,290,5287317,SESSION_005,0,0,8190,4,28.67,58.56,1006.29,44.2,1,LOW
2026-09-13T13:41:18.169+08:00,RUN_20260913_121444,291,5288140,SESSION_005,0,0,8190,4,28.67,58.6,1006.29,44.2,1,LOW
2026-09-13T13:41:19.172+08:00,RUN_20260913_121444,292,5289143,SESSION_005,1,0,8190,4,28.67,58.73,1006.29,44.2,1,LOW
2026-09-13T13:41:20.357+08:00,RUN_20260913_121444,293,5290328,SESSION_005,0,0,8190,4,28.67,58.68,1006.29,44.2,1,LOW
2026-09-13T13:41:21.362+08:00,RUN_20260913_121444,294,5291333,SESSION_005,0,0,8190,4,28.67,58.69,1006.29,44.2,1,LOW
2026-09-13T13:41:22.185+08:00,RUN_20260913_121444,295,5292156,SESSION_005,1,0,8190,4,28.67,58.71,1006.29,44.2,1,LOW
2026-09-13T13:41:23.188+08:00,RUN_20260913_121444,296,5293159,SESSION_005,0,0,8190,4,28.67,58.69,1006.28,44.2,1,LOW
2026-09-13T13:41:24.191+08:00,RUN_20260913_121444,297,5294162,SESSION_005,0,0,8190,4,28.67,58.66,1006.28,44.2,1,LOW
2026-09-13T13:41:25.194+08:00,RUN_20260913_121444,298,5295165,SESSION_005,1,0,8190,4,28.67,58.73,1006.28,44.2,1,LOW
2026-09-13T13:41:26.379+08:00,RUN_20260913_121444,299,5296350,SESSION_005,0,0,8190,4,28.67,58.66,1006.28,44.2,1,LOW
2026-09-13T13:41:27.384+08:00,RUN_20260913_121444,300,5297355,SESSION_005,0,0,8190,4,28.67,58.72,1006.28,44.2,1,LOW
2026-09-13T13:41:28.389+08:00,RUN_20260913_121444,301,5298360,SESSION_005,0,0,8190,4,28.67,58.63,1006.28,44.2,1,LOW
2026-09-13T13:41:29.394+08:00,RUN_20260913_121444,302,5299365,SESSION_005,0,0,647,0,28.67,58.69,1006.28,44.2,1,LOW
2026-09-13T13:41:30.217+08:00,RUN_20260913_121444,303,5300188,SESSION_005,0,0,8190,4,28.67,58.62,1006.29,44.2,1,LOW
2026-09-13T13:41:31.402+08:00,RUN_20260913_121444,304,5301373,SESSION_005,0,1,8190,4,28.67,58.65,1006.29,44.2,1,LOW
2026-09-13T13:41:32.225+08:00,RUN_20260913_121444,305,5302196,SESSION_005,0,0,8190,4,28.67,58.62,1006.29,43.3,1,LOW
2026-09-13T13:41:33.228+08:00,RUN_20260913_121444,306,5303199,SESSION_005,0,0,8190,4,28.67,58.62,1006.29,43.3,1,LOW
2026-09-13T13:41:34.231+08:00,RUN_20260913_121444,307,5304202,SESSION_005,0,1,8190,4,28.67,58.65,1006.29,44.2,1,LOW
2026-09-13T13:41:35.416+08:00,RUN_20260913_121444,308,5305387,SESSION_005,0,0,8190,4,28.67,58.62,1006.29,44.2,1,LOW
2026-09-13T13:41:36.239+08:00,RUN_20260913_121444,309,5306210,SESSION_005,0,0,8190,4,28.67,58.66,1006.29,44.2,1,LOW
2026-09-13T13:41:37.424+08:00,RUN_20260913_121444,310,5307395,SESSION_005,0,0,8190,4,28.67,58.63,1006.29,44.2,1,LOW
2026-09-13T13:41:38.247+08:00,RUN_20260913_121444,311,5308218,SESSION_005,0,0,8190,4,28.67,58.57,1006.29,44.2,1,LOW
2026-09-13T13:41:39.250+08:00,RUN_20260913_121444,312,5309221,SESSION_005,0,0,8190,4,28.67,58.68,1006.29,44.2,1,LOW
2026-09-13T13:41:40.253+08:00,RUN_20260913_121444,313,5310224,SESSION_005,0,0,8190,4,28.67,58.61,1006.29,44.2,1,LOW
2026-09-13T13:41:41.256+08:00,RUN_20260913_121444,314,5311227,SESSION_005,0,0,8190,4,28.67,58.6,1006.29,44.2,1,LOW
2026-09-13T13:41:42.259+08:00,RUN_20260913_121444,315,5312230,SESSION_005,0,0,8190,4,28.67,58.6,1006.29,44.2,1,LOW
2026-09-13T13:41:43.262+08:00,RUN_20260913_121444,316,5313233,SESSION_005,0,0,8190,4,28.67,58.57,1006.29,44.2,1,LOW
2026-09-13T13:41:44.265+08:00,RUN_20260913_121444,317,5314236,SESSION_005,0,0,8190,4,28.67,58.57,1006.29,44.2,1,LOW
2026-09-13T13:41:45.450+08:00,RUN_20260913_121444,318,5315421,SESSION_005,0,0,8190,4,28.67,58.56,1006.29,44.2,1,LOW
2026-09-13T13:41:46.273+08:00,RUN_20260913_121444,319,5316244,SESSION_005,0,0,8190,4,28.67,58.66,1006.29,44.2,1,LOW
2026-09-13T13:41:47.276+08:00,RUN_20260913_121444,320,5317247,SESSION_005,0,0,8190,4,28.67,58.72,1006.29,44.2,1,LOW
2026-09-13T13:41:48.279+08:00,RUN_20260913_121444,321,5318250,SESSION_005,0,0,8190,4,28.67,58.69,1006.29,44.2,1,LOW
2026-09-13T13:41:49.282+08:00,RUN_20260913_121444,322,5319253,SESSION_005,0,1,8190,4,28.67,58.65,1006.29,44.2,1,LOW
2026-09-13T13:41:50.467+08:00,RUN_20260913_121444,323,5320438,SESSION_005,0,1,8190,4,28.67,58.65,1006.29,44.2,1,LOW
2026-09-13T13:41:51.472+08:00,RUN_20260913_121444,324,5321443,SESSION_005,0,1,8190,4,28.67,58.73,1006.29,43.3,1,LOW
2026-09-13T13:41:52.295+08:00,RUN_20260913_121444,325,5322266,SESSION_005,0,1,8190,4,28.67,58.66,1006.29,43.3,1,LOW
2026-09-13T13:41:53.298+08:00,RUN_20260913_121444,326,5323269,SESSION_005,0,1,8190,4,28.67,58.75,1006.29,44.2,1,LOW
2026-09-13T13:41:54.483+08:00,RUN_20260913_121444,327,5324454,SESSION_005,0,1,617,0,28.67,58.65,1006.3,44.2,1,LOW
2026-09-13T13:41:55.306+08:00,RUN_20260913_121444,328,5325277,SESSION_005,1,0,8190,4,28.67,58.66,1006.3,44.2,1,LOW
2026-09-13T13:41:56.491+08:00,RUN_20260913_121444,329,5326462,SESSION_005,1,1,8190,4,28.67,58.73,1006.3,44.2,1,LOW
2026-09-13T13:41:57.314+08:00,RUN_20260913_121444,330,5327285,SESSION_005,0,1,8190,4,28.67,58.67,1006.3,44.2,1,LOW
2026-09-13T13:41:58.317+08:00,RUN_20260913_121444,331,5328288,SESSION_005,0,1,8190,4,28.67,58.71,1006.3,44.2,1,LOW
2026-09-13T13:41:59.320+08:00,RUN_20260913_121444,332,5329291,SESSION_005,1,0,8190,4,28.67,58.71,1006.3,44.2,1,LOW
2026-09-13T13:42:00.323+08:00,RUN_20260913_121444,333,5330294,SESSION_005,0,0,8190,4,28.67,58.71,1006.3,44.2,1,LOW
2026-09-13T13:42:01.508+08:00,RUN_20260913_121444,334,5331479,SESSION_005,0,0,8190,4,28.67,58.74,1006.3,44.2,1,LOW
2026-09-13T13:42:02.331+08:00,RUN_20260913_121444,335,5332302,SESSION_005,1,0,8190,4,28.67,58.65,1006.3,44.2,1,LOW
2026-09-13T13:42:03.334+08:00,RUN_20260913_121444,336,5333305,SESSION_005,1,0,8190,4,28.67,58.65,1006.3,44.2,1,LOW
2026-09-13T13:42:04.337+08:00,RUN_20260913_121444,337,5334308,SESSION_005,1,0,8190,4,28.67,58.56,1006.29,44.2,1,LOW
2026-09-13T13:42:05.522+08:00,RUN_20260913_121444,338,5335493,SESSION_005,0,0,8190,4,28.67,58.66,1006.3,44.2,1,LOW
2026-09-13T13:42:06.527+08:00,RUN_20260913_121444,339,5336498,SESSION_005,0,0,1076,0,28.67,58.57,1006.3,44.2,1,LOW
2026-09-13T13:42:07.532+08:00,RUN_20260913_121444,340,5337503,SESSION_005,0,0,968,0,28.67,58.57,1006.3,44.2,1,LOW
2026-09-13T13:42:08.537+08:00,RUN_20260913_121444,341,5338508,SESSION_005,0,0,973,0,28.67,58.63,1006.3,44.2,1,LOW
2026-09-13T13:42:09.542+08:00,RUN_20260913_121444,342,5339513,SESSION_005,0,0,893,0,28.67,58.6,1006.3,44.2,1,LOW
2026-09-13T13:42:10.547+08:00,RUN_20260913_121444,343,5340518,SESSION_005,0,0,8190,4,28.67,58.61,1006.31,44.2,1,LOW
2026-09-13T13:42:11.370+08:00,RUN_20260913_121444,344,5341341,SESSION_005,1,0,8190,4,28.67,58.59,1006.31,44.2,1,LOW
2026-09-13T13:42:12.373+08:00,RUN_20260913_121444,345,5342344,SESSION_005,1,0,8190,4,28.67,58.68,1006.31,44.2,1,LOW
2026-09-13T13:42:13.558+08:00,RUN_20260913_121444,346,5343529,SESSION_005,0,0,8190,4,28.67,58.67,1006.31,44.2,1,LOW
2026-09-13T13:42:14.381+08:00,RUN_20260913_121444,347,5344352,SESSION_005,0,0,8190,4,28.67,58.59,1006.31,44.2,1,LOW
2026-09-13T13:42:15.566+08:00,RUN_20260913_121444,348,5345537,SESSION_005,0,0,8190,4,28.67,58.66,1006.31,44.2,1,LOW
2026-09-13T13:42:16.389+08:00,RUN_20260913_121444,349,5346360,SESSION_005,0,0,8190,4,28.67,58.56,1006.3,44.2,1,LOW
2026-09-13T13:42:17.392+08:00,RUN_20260913_121444,350,5347363,SESSION_005,1,0,8190,4,28.67,58.55,1006.3,44.2,1,LOW
2026-09-13T13:42:18.395+08:00,RUN_20260913_121444,351,5348366,SESSION_005,1,0,8190,4,28.67,58.53,1006.3,44.2,1,LOW
2026-09-13T13:42:19.398+08:00,RUN_20260913_121444,352,5349369,SESSION_005,0,0,8190,4,28.67,58.51,1006.29,44.2,1,LOW
2026-09-13T13:42:20.401+08:00,RUN_20260913_121444,353,5350372,SESSION_005,0,0,8190,4,28.67,58.5,1006.29,44.2,1,LOW
2026-09-13T13:42:21.586+08:00,RUN_20260913_121444,354,5351557,SESSION_005,1,0,8190,4,28.67,58.51,1006.29,44.2,1,LOW
2026-09-13T13:42:22.409+08:00,RUN_20260913_121444,355,5352380,SESSION_005,0,0,8190,4,28.67,58.56,1006.29,44.2,1,LOW
2026-09-13T13:42:23.412+08:00,RUN_20260913_121444,356,5353383,SESSION_005,0,0,8190,4,28.67,58.49,1006.29,44.2,1,LOW
2026-09-13T13:42:24.415+08:00,RUN_20260913_121444,357,5354386,SESSION_005,0,0,8190,4,28.67,58.56,1006.29,44.2,1,LOW
2026-09-13T13:42:25.600+08:00,RUN_20260913_121444,358,5355571,SESSION_005,1,0,8190,4,28.67,58.48,1006.3,44.2,1,LOW
2026-09-13T13:42:26.423+08:00,RUN_20260913_121444,359,5356394,SESSION_005,0,0,8190,4,28.67,58.5,1006.3,44.2,1,LOW
2026-09-13T13:42:27.426+08:00,RUN_20260913_121444,360,5357397,SESSION_005,0,0,8190,4,28.67,58.49,1006.29,44.2,1,LOW
2026-09-13T13:42:28.429+08:00,RUN_20260913_121444,361,5358400,SESSION_005,0,0,8190,4,28.67,58.6,1006.3,44.2,1,LOW
2026-09-13T13:42:29.432+08:00,RUN_20260913_121444,362,5359403,SESSION_005,0,0,8190,4,28.67,58.51,1006.3,44.2,1,LOW
2026-09-13T13:42:30.435+08:00,RUN_20260913_121444,363,5360406,SESSION_005,0,0,8190,4,28.67,58.51,1006.3,44.2,1,LOW
2026-09-13T13:42:31.438+08:00,RUN_20260913_121444,364,5361409,SESSION_005,0,0,8190,4,28.67,58.54,1006.29,44.2,1,LOW
2026-09-13T13:42:32.441+08:00,RUN_20260913_121444,365,5362412,SESSION_005,0,0,8190,4,28.67,58.5,1006.29,44.2,1,LOW
2026-09-13T13:42:33.626+08:00,RUN_20260913_121444,366,5363597,SESSION_005,0,0,8190,4,28.67,58.62,1006.29,44.2,1,LOW
2026-09-13T13:42:34.631+08:00,RUN_20260913_121444,367,5364602,SESSION_005,0,0,8190,4,28.67,58.57,1006.29,44.2,1,LOW
2026-09-13T13:42:35.454+08:00,RUN_20260913_121444,368,5365425,SESSION_005,0,0,8190,4,28.67,58.61,1006.28,44.2,1,LOW
2026-09-13T13:42:36.639+08:00,RUN_20260913_121444,369,5366610,SESSION_005,0,0,8190,4,28.67,58.63,1006.28,44.2,1,LOW
2026-09-13T13:42:37.462+08:00,RUN_20260913_121444,370,5367433,SESSION_005,0,0,8190,4,28.67,58.55,1006.28,44.2,1,LOW
2026-09-13T13:42:38.465+08:00,RUN_20260913_121444,371,5368436,SESSION_005,1,0,8190,4,28.67,58.65,1006.28,45,1,LOW
2026-09-13T13:42:39.468+08:00,RUN_20260913_121444,372,5369439,SESSION_005,0,0,8190,4,28.67,58.67,1006.28,45,1,LOW
2026-09-13T13:42:40.653+08:00,RUN_20260913_121444,373,5370624,SESSION_005,0,0,8190,4,28.67,58.68,1006.28,45,1,LOW
2026-09-13T13:42:41.476+08:00,RUN_20260913_121444,374,5371447,SESSION_005,0,0,8190,4,28.67,58.67,1006.28,44.2,1,LOW
2026-09-13T13:42:42.661+08:00,RUN_20260913_121444,375,5372632,SESSION_005,0,0,8190,4,28.67,58.71,1006.28,44.2,1,LOW
2026-09-13T13:42:43.484+08:00,RUN_20260913_121444,376,5373455,SESSION_005,0,0,8190,4,28.68,58.62,1006.28,44.2,1,LOW
2026-09-13T13:42:44.487+08:00,RUN_20260913_121444,377,5374458,SESSION_005,0,0,8190,4,28.68,58.62,1006.28,44.2,1,LOW
2026-09-13T13:42:45.490+08:00,RUN_20260913_121444,378,5375461,SESSION_005,0,0,8190,4,28.68,58.62,1006.28,45,1,LOW
2026-09-13T13:42:46.493+08:00,RUN_20260913_121444,379,5376464,SESSION_005,0,0,8190,4,28.68,58.73,1006.28,44.2,1,LOW
2026-09-13T13:42:47.496+08:00,RUN_20260913_121444,380,5377467,SESSION_005,0,0,8190,4,28.68,58.73,1006.28,44.2,1,LOW
2026-09-13T13:42:48.499+08:00,RUN_20260913_121444,381,5378470,SESSION_005,0,0,8190,4,28.68,58.63,1006.27,45,1,LOW
2026-09-13T13:42:49.502+08:00,RUN_20260913_121444,382,5379473,SESSION_005,0,0,8190,4,28.68,58.71,1006.27,44.2,1,LOW
2026-09-13T13:42:50.505+08:00,RUN_20260913_121444,383,5380476,SESSION_005,0,0,8190,4,28.68,58.61,1006.27,44.2,1,LOW
2026-09-13T13:42:51.508+08:00,RUN_20260913_121444,384,5381479,SESSION_005,0,0,8190,4,28.68,58.62,1006.27,45,1,LOW
2026-09-13T13:42:52.511+08:00,RUN_20260913_121444,385,5382482,SESSION_005,0,0,8190,4,28.68,58.69,1006.27,44.2,1,LOW
2026-09-13T13:42:53.514+08:00,RUN_20260913_121444,386,5383485,SESSION_005,0,0,8190,4,28.68,58.63,1006.27,44.2,1,LOW
2026-09-13T13:42:54.517+08:00,RUN_20260913_121444,387,5384488,SESSION_005,1,0,8190,4,28.68,58.69,1006.27,44.2,1,LOW
2026-09-13T13:42:55.520+08:00,RUN_20260913_121444,388,5385491,SESSION_005,0,0,8190,4,28.68,58.66,1006.27,44.2,1,LOW
2026-09-13T13:42:56.523+08:00,RUN_20260913_121444,389,5386494,SESSION_005,0,0,8190,4,28.68,58.63,1006.27,44.2,1,LOW
2026-09-13T13:42:57.526+08:00,RUN_20260913_121444,390,5387497,SESSION_005,1,0,8190,4,28.68,58.63,1006.27,44.2,1,LOW
2026-09-13T13:42:58.529+08:00,RUN_20260913_121444,391,5388500,SESSION_005,1,0,8190,4,28.68,58.65,1006.27,44.2,1,LOW
2026-09-13T13:42:59.532+08:00,RUN_20260913_121444,392,5389503,SESSION_005,0,0,8190,4,28.68,58.66,1006.27,44.2,1,LOW
2026-09-13T13:43:00.535+08:00,RUN_20260913_121444,393,5390506,SESSION_005,0,0,8190,4,28.68,58.72,1006.27,44.2,1,LOW
2026-09-13T13:43:01.538+08:00,RUN_20260913_121444,394,5391509,SESSION_005,0,0,8190,4,28.68,58.62,1006.27,44.2,1,LOW
2026-09-13T13:43:02.723+08:00,RUN_20260913_121444,395,5392694,SESSION_005,0,0,8190,4,28.68,58.71,1006.27,44.2,1,LOW
2026-09-13T13:43:03.546+08:00,RUN_20260913_121444,396,5393517,SESSION_005,0,0,8190,4,28.68,58.71,1006.27,44.2,1,LOW
2026-09-13T13:43:04.731+08:00,RUN_20260913_121444,397,5394702,SESSION_005,0,0,8190,4,28.68,58.65,1006.27,44.2,1,LOW
2026-09-13T13:43:05.554+08:00,RUN_20260913_121444,398,5395525,SESSION_005,0,0,8190,4,28.68,58.71,1006.27,44.2,1,LOW
2026-09-13T13:43:06.557+08:00,RUN_20260913_121444,399,5396528,SESSION_005,0,0,8190,4,28.68,58.63,1006.26,44.2,1,LOW
2026-09-13T13:43:07.560+08:00,RUN_20260913_121444,400,5397531,SESSION_005,0,0,8190,4,28.68,58.69,1006.27,44.2,1,LOW
2026-09-13T13:43:08.563+08:00,RUN_20260913_121444,401,5398534,SESSION_005,0,0,8190,4,28.68,58.6,1006.27,44.2,1,LOW
2026-09-13T13:43:09.566+08:00,RUN_20260913_121444,402,5399537,SESSION_005,0,0,8190,4,28.68,58.67,1006.27,44.2,1,LOW
2026-09-13T13:43:10.569+08:00,RUN_20260913_121444,403,5400540,SESSION_005,1,0,8190,4,28.68,58.59,1006.26,44.2,1,LOW
2026-09-13T13:43:11.572+08:00,RUN_20260913_121444,404,5401543,SESSION_005,0,0,8190,4,28.68,58.6,1006.26,44.2,1,LOW
2026-09-13T13:43:12.575+08:00,RUN_20260913_121444,405,5402546,SESSION_005,0,0,8190,4,28.68,58.61,1006.26,44.2,1,LOW
2026-09-13T13:43:13.760+08:00,RUN_20260913_121444,406,5403731,SESSION_005,1,0,8190,4,28.68,58.61,1006.26,44.2,1,LOW
2026-09-13T13:43:14.583+08:00,RUN_20260913_121444,407,5404554,SESSION_005,0,0,8190,4,28.68,58.62,1006.26,44.2,1,LOW
2026-09-13T13:43:15.586+08:00,RUN_20260913_121444,408,5405557,SESSION_005,0,0,8190,4,28.68,58.61,1006.26,44.2,1,LOW
2026-09-13T13:43:16.589+08:00,RUN_20260913_121444,409,5406560,SESSION_005,0,0,8190,4,28.68,58.62,1006.26,44.2,1,LOW
2026-09-13T13:43:17.592+08:00,RUN_20260913_121444,410,5407563,SESSION_005,0,0,8190,4,28.68,58.68,1006.25,44.2,1,LOW
2026-09-13T13:43:18.595+08:00,RUN_20260913_121444,411,5408566,SESSION_005,0,0,8190,4,28.68,58.68,1006.25,44.2,1,LOW
2026-09-13T13:43:19.598+08:00,RUN_20260913_121444,412,5409569,SESSION_005,0,0,8190,4,28.68,58.59,1006.25,44.2,1,LOW
2026-09-13T13:43:20.601+08:00,RUN_20260913_121444,413,5410572,SESSION_005,1,0,8190,4,28.68,58.59,1006.26,44.2,1,LOW
2026-09-13T13:43:21.786+08:00,RUN_20260913_121444,414,5411757,SESSION_005,1,0,8190,4,28.68,58.59,1006.25,44.2,1,LOW
2026-09-13T13:43:22.609+08:00,RUN_20260913_121444,415,5412580,SESSION_005,1,0,8190,4,28.68,58.6,1006.25,44.2,1,LOW
2026-09-13T13:43:23.794+08:00,RUN_20260913_121444,416,5413765,SESSION_005,0,0,647,0,28.68,58.63,1006.25,44.2,1,LOW
2026-09-13T13:43:24.799+08:00,RUN_20260913_121444,417,5414770,SESSION_005,0,1,8190,4,28.68,58.67,1006.25,44.2,1,LOW
2026-09-13T13:43:25.804+08:00,RUN_20260913_121444,418,5415775,SESSION_005,0,1,8190,4,28.68,58.55,1006.25,43.3,1,LOW
2026-09-13T13:43:26.627+08:00,RUN_20260913_121444,419,5416598,SESSION_005,1,1,8190,4,28.68,58.55,1006.25,43.3,1,LOW
2026-09-13T13:43:27.812+08:00,RUN_20260913_121444,420,5417783,SESSION_005,0,0,8190,4,28.68,58.53,1006.25,43.3,1,LOW
2026-09-13T13:43:28.817+08:00,RUN_20260913_121444,421,5418788,SESSION_005,0,0,8190,4,28.68,58.59,1006.25,43.3,1,LOW
2026-09-13T13:43:29.822+08:00,RUN_20260913_121444,422,5419793,SESSION_005,0,1,8190,4,28.68,58.47,1006.25,43.3,1,LOW
2026-09-13T13:43:30.645+08:00,RUN_20260913_121444,423,5420616,SESSION_005,0,1,8190,4,28.68,58.54,1006.25,43.3,1,LOW
2026-09-13T13:43:31.648+08:00,RUN_20260913_121444,424,5421619,SESSION_005,0,1,8190,4,28.68,58.44,1006.25,43.3,1,LOW
2026-09-13T13:43:32.651+08:00,RUN_20260913_121444,425,5422622,SESSION_005,0,1,8190,4,28.68,58.52,1006.25,43.3,1,LOW
2026-09-13T13:43:33.654+08:00,RUN_20260913_121444,426,5423625,SESSION_005,0,0,8190,4,28.68,58.46,1006.25,43.3,1,LOW
2026-09-13T13:43:34.839+08:00,RUN_20260913_121444,427,5424810,SESSION_005,0,0,8190,4,28.68,58.46,1006.25,43.3,1,LOW
2026-09-13T13:43:35.662+08:00,RUN_20260913_121444,428,5425633,SESSION_005,0,0,8190,4,28.68,58.54,1006.25,43.3,1,LOW
2026-09-13T13:43:36.847+08:00,RUN_20260913_121444,429,5426818,SESSION_005,0,1,8190,4,28.68,58.54,1006.25,43.3,1,LOW
2026-09-13T13:43:37.670+08:00,RUN_20260913_121444,430,5427641,SESSION_005,0,0,8190,4,28.68,58.56,1006.25,43.3,1,LOW
2026-09-13T13:43:38.855+08:00,RUN_20260913_121444,431,5428826,SESSION_005,0,0,8190,4,28.68,58.6,1006.25,43.3,1,LOW
2026-09-13T13:43:39.678+08:00,RUN_20260913_121444,432,5429649,SESSION_005,0,1,8190,4,28.68,58.6,1006.25,43.3,1,LOW
2026-09-13T13:43:40.681+08:00,RUN_20260913_121444,433,5430652,SESSION_005,0,1,8190,4,28.68,58.59,1006.25,43.3,1,LOW
2026-09-13T13:43:41.684+08:00,RUN_20260913_121444,434,5431655,SESSION_005,0,0,8190,4,28.68,58.6,1006.25,43.3,1,LOW
2026-09-13T13:43:42.869+08:00,RUN_20260913_121444,435,5432840,SESSION_005,0,0,8190,4,28.68,58.53,1006.25,43.3,1,LOW
2026-09-13T13:43:43.692+08:00,RUN_20260913_121444,436,5433663,SESSION_005,0,0,8190,4,28.68,58.62,1006.25,43.3,1,LOW
2026-09-13T13:43:44.695+08:00,RUN_20260913_121444,437,5434666,SESSION_005,0,0,8190,4,28.69,58.55,1006.25,43.3,1,LOW
2026-09-13T13:43:45.698+08:00,RUN_20260913_121444,438,5435669,SESSION_005,0,0,8190,4,28.69,58.65,1006.25,43.3,1,LOW
2026-09-13T13:43:46.701+08:00,RUN_20260913_121444,439,5436672,SESSION_005,0,0,8190,4,28.69,58.58,1006.25,43.3,1,LOW
2026-09-13T13:43:47.704+08:00,RUN_20260913_121444,440,5437675,SESSION_005,0,1,8190,4,28.69,58.56,1006.25,43.3,1,LOW
2026-09-13T13:43:48.707+08:00,RUN_20260913_121444,441,5438678,SESSION_005,0,0,8190,4,28.69,58.61,1006.25,43.3,1,LOW
2026-09-13T13:43:49.710+08:00,RUN_20260913_121444,442,5439681,SESSION_005,0,0,8190,4,28.69,58.56,1006.25,43.3,1,LOW
2026-09-13T13:43:50.713+08:00,RUN_20260913_121444,443,5440684,SESSION_005,0,0,8190,4,28.69,58.54,1006.25,43.3,1,LOW
2026-09-13T13:43:51.716+08:00,RUN_20260913_121444,444,5441687,SESSION_005,0,0,8190,4,28.69,58.5,1006.25,43.3,1,LOW
2026-09-13T13:43:52.901+08:00,RUN_20260913_121444,445,5442872,SESSION_005,0,1,8190,4,28.69,58.55,1006.25,43.3,1,LOW
2026-09-13T13:43:53.906+08:00,RUN_20260913_121444,446,5443877,SESSION_005,0,1,8190,4,28.69,58.56,1006.25,43.3,1,LOW
2026-09-13T13:43:54.729+08:00,RUN_20260913_121444,447,5444700,SESSION_005,0,0,8190,4,28.69,58.48,1006.25,43.3,1,LOW
2026-09-13T13:43:55.914+08:00,RUN_20260913_121444,448,5445885,SESSION_005,0,0,8190,4,28.68,58.49,1006.25,43.3,1,LOW
2026-09-13T13:43:56.737+08:00,RUN_20260913_121444,449,5446708,SESSION_005,0,0,8190,4,28.69,58.54,1006.25,43.3,1,LOW
2026-09-13T13:43:57.740+08:00,RUN_20260913_121444,450,5447711,SESSION_005,0,0,8190,4,28.69,58.5,1006.25,43.3,1,LOW
2026-09-13T13:43:58.743+08:00,RUN_20260913_121444,451,5448714,SESSION_005,0,1,8190,4,28.68,58.46,1006.25,43.3,1,LOW
2026-09-13T13:43:59.928+08:00,RUN_20260913_121444,452,5449899,SESSION_005,0,0,8190,4,28.68,58.43,1006.25,43.3,1,LOW
2026-09-13T13:44:00.933+08:00,RUN_20260913_121444,453,5450904,SESSION_005,0,0,653,0,28.68,58.41,1006.25,43.3,1,LOW
2026-09-13T13:44:01.756+08:00,RUN_20260913_121444,454,5451727,SESSION_005,0,0,8190,4,28.68,58.43,1006.25,43.3,1,LOW
2026-09-13T13:44:02.941+08:00,RUN_20260913_121444,455,5452912,SESSION_005,0,0,8190,4,28.68,58.43,1006.25,43.3,1,LOW
2026-09-13T13:44:03.764+08:00,RUN_20260913_121444,456,5453735,SESSION_005,1,0,8190,4,28.68,58.53,1006.25,43.3,1,LOW
2026-09-13T13:44:04.767+08:00,RUN_20260913_121444,457,5454738,SESSION_005,1,0,8190,4,28.68,58.44,1006.26,43.3,1,LOW
2026-09-13T13:44:05.770+08:00,RUN_20260913_121444,458,5455741,SESSION_005,0,0,8190,4,28.68,58.43,1006.26,43.3,1,LOW
2026-09-13T13:44:06.773+08:00,RUN_20260913_121444,459,5456744,SESSION_005,0,0,8190,4,28.68,58.49,1006.26,43.3,1,LOW
2026-09-13T13:44:07.958+08:00,RUN_20260913_121444,460,5457929,SESSION_005,0,0,568,0,28.68,58.52,1006.26,43.3,1,LOW
2026-09-13T13:44:08.963+08:00,RUN_20260913_121444,461,5458934,SESSION_005,1,0,859,0,28.68,58.46,1006.27,43.3,1,LOW
2026-09-13T13:44:09.968+08:00,RUN_20260913_121444,462,5459939,SESSION_005,0,0,1178,0,28.68,58.47,1006.27,43.3,1,LOW
2026-09-13T13:44:10.973+08:00,RUN_20260913_121444,463,5460944,SESSION_005,0,0,753,0,28.68,58.35,1006.27,43.3,1,LOW
2026-09-13T13:44:11.978+08:00,RUN_20260913_121444,464,5461949,SESSION_005,0,1,516,0,28.68,58.36,1006.27,43.3,1,LOW
2026-09-13T13:44:12.983+08:00,RUN_20260913_121444,465,5462954,SESSION_005,0,1,346,0,28.68,58.35,1006.26,43.3,1,LOW
2026-09-13T13:44:13.988+08:00,RUN_20260913_121444,466,5463959,SESSION_005,0,0,455,0,28.68,58.34,1006.26,43.3,1,LOW
2026-09-13T13:44:14.993+08:00,RUN_20260913_121444,467,5464964,SESSION_005,0,0,550,0,28.68,58.37,1006.26,43.3,1,LOW
2026-09-13T13:44:15.998+08:00,RUN_20260913_121444,468,5465969,SESSION_005,0,1,550,0,28.68,58.34,1006.26,43.3,1,LOW
2026-09-13T13:44:17.003+08:00,RUN_20260913_121444,469,5466974,SESSION_005,0,1,8190,4,28.68,58.32,1006.26,43.3,1,LOW
2026-09-13T13:44:18.008+08:00,RUN_20260913_121444,470,5467979,SESSION_005,0,1,1209,0,28.68,58.32,1006.26,43.3,1,LOW
2026-09-13T13:44:19.013+08:00,RUN_20260913_121444,471,5468984,SESSION_005,0,1,1084,0,28.68,58.34,1006.26,43.3,1,LOW
2026-09-13T13:44:20.018+08:00,RUN_20260913_121444,472,5469989,SESSION_005,0,0,836,0,28.68,58.3,1006.26,43.3,1,LOW
2026-09-13T13:44:21.023+08:00,RUN_20260913_121444,473,5470994,SESSION_005,0,0,589,0,28.68,58.29,1006.26,43.3,1,LOW
2026-09-13T13:44:22.028+08:00,RUN_20260913_121444,474,5471999,SESSION_005,0,0,495,0,28.68,58.4,1006.26,43.3,1,LOW
2026-09-13T13:44:23.033+08:00,RUN_20260913_121444,475,5473004,SESSION_005,1,0,406,0,28.68,58.31,1006.27,43.3,1,LOW
2026-09-13T13:44:24.038+08:00,RUN_20260913_121444,476,5474009,SESSION_005,0,1,8190,4,28.68,58.31,1006.27,43.3,1,LOW
2026-09-13T13:44:25.043+08:00,RUN_20260913_121444,477,5475014,SESSION_005,0,1,8190,4,28.68,58.37,1006.26,43.3,1,LOW
2026-09-13T13:44:25.866+08:00,RUN_20260913_121444,478,5475837,SESSION_005,0,0,8190,4,28.68,58.28,1006.26,43.3,1,LOW
2026-09-13T13:44:26.869+08:00,RUN_20260913_121444,479,5476840,SESSION_005,0,0,8190,4,28.68,58.36,1006.26,43.3,1,LOW
2026-09-13T13:44:28.054+08:00,RUN_20260913_121444,480,5478025,SESSION_005,0,1,8190,4,28.68,58.34,1006.26,43.3,1,LOW
2026-09-13T13:44:29.059+08:00,RUN_20260913_121444,481,5479030,SESSION_005,0,1,8190,4,28.68,58.29,1006.26,43.3,1,LOW
2026-09-13T13:44:29.882+08:00,RUN_20260913_121444,482,5479853,SESSION_005,0,0,8190,4,28.68,58.26,1006.26,42.5,1,LOW
2026-09-13T13:44:30.885+08:00,RUN_20260913_121444,483,5480856,SESSION_005,0,0,8190,4,28.68,58.34,1006.26,44.2,1,LOW
2026-09-13T13:44:32.070+08:00,RUN_20260913_121444,484,5482041,SESSION_005,0,1,669,0,28.68,58.26,1006.26,44.2,1,LOW
2026-09-13T13:44:33.075+08:00,RUN_20260913_121444,485,5483046,SESSION_005,0,0,876,0,28.68,58.29,1006.26,44.2,1,LOW
2026-09-13T13:44:34.080+08:00,RUN_20260913_121444,486,5484051,SESSION_005,0,0,8190,4,28.68,58.3,1006.26,44.2,1,LOW
2026-09-13T13:44:34.903+08:00,RUN_20260913_121444,487,5484874,SESSION_005,1,0,8190,4,28.68,58.3,1006.26,44.2,1,LOW
2026-09-13T13:44:36.088+08:00,RUN_20260913_121444,488,5486059,SESSION_005,1,0,8190,4,28.68,58.29,1006.26,44.2,1,LOW
2026-09-13T13:44:36.911+08:00,RUN_20260913_121444,489,5486882,SESSION_005,0,0,8190,4,28.67,58.28,1006.25,44.2,1,LOW
2026-09-13T13:44:37.914+08:00,RUN_20260913_121444,490,5487885,SESSION_005,0,0,8190,4,28.67,58.37,1006.25,44.2,1,LOW
2026-09-13T13:44:38.917+08:00,RUN_20260913_121444,491,5488888,SESSION_005,1,0,8190,4,28.67,58.4,1006.25,44.2,1,LOW
2026-09-13T13:44:39.920+08:00,RUN_20260913_121444,492,5489891,SESSION_005,0,0,8190,4,28.67,58.34,1006.25,43.3,1,LOW
2026-09-13T13:44:41.105+08:00,RUN_20260913_121444,493,5491076,SESSION_005,0,0,8190,4,28.67,58.32,1006.25,44.2,1,LOW
2026-09-13T13:44:41.928+08:00,RUN_20260913_121444,494,5491899,SESSION_005,1,0,8190,4,28.67,58.41,1006.25,44.2,1,LOW
2026-09-13T13:44:42.931+08:00,RUN_20260913_121444,495,5492902,SESSION_005,0,0,8190,4,28.67,58.42,1006.25,44.2,1,LOW
2026-09-13T13:44:43.934+08:00,RUN_20260913_121444,496,5493905,SESSION_005,0,0,8190,4,28.67,58.41,1006.26,44.2,1,LOW
2026-09-13T13:44:45.119+08:00,RUN_20260913_121444,497,5495090,SESSION_005,1,0,8190,4,28.67,58.44,1006.25,44.2,1,LOW
2026-09-13T13:44:46.124+08:00,RUN_20260913_121444,498,5496095,SESSION_005,0,0,8190,4,28.67,58.32,1006.25,44.2,1,LOW
2026-09-13T13:44:47.129+08:00,RUN_20260913_121444,499,5497100,SESSION_005,0,0,8190,4,28.67,58.34,1006.25,44.2,1,LOW
2026-09-13T13:44:47.952+08:00,RUN_20260913_121444,500,5497923,SESSION_005,1,0,8190,4,28.67,58.41,1006.25,44.2,1,LOW
2026-09-13T13:44:48.955+08:00,RUN_20260913_121444,501,5498926,SESSION_005,0,0,8190,4,28.67,58.34,1006.24,44.2,1,LOW
2026-09-13T13:44:49.958+08:00,RUN_20260913_121444,502,5499929,SESSION_005,0,0,8190,4,28.67,58.38,1006.25,44.2,1,LOW
2026-09-13T13:44:51.143+08:00,RUN_20260913_121444,503,5501114,SESSION_005,0,0,8190,4,28.67,58.34,1006.24,44.2,1,LOW
2026-09-13T13:44:51.966+08:00,RUN_20260913_121444,504,5501937,SESSION_005,1,0,8190,4,28.67,58.35,1006.24,44.2,1,LOW
2026-09-13T13:44:52.969+08:00,RUN_20260913_121444,505,5502940,SESSION_005,0,0,8190,4,28.67,58.4,1006.24,44.2,1,LOW
2026-09-13T13:44:54.154+08:00,RUN_20260913_121444,506,5504125,SESSION_005,0,0,8190,4,28.67,58.35,1006.24,44.2,1,LOW
2026-09-13T13:44:54.977+08:00,RUN_20260913_121444,507,5504948,SESSION_005,1,0,8190,4,28.67,58.42,1006.24,44.2,1,LOW
2026-09-13T13:44:56.162+08:00,RUN_20260913_121444,508,5506133,SESSION_005,1,0,8190,4,28.67,58.35,1006.24,44.2,1,LOW
2026-09-13T13:44:56.985+08:00,RUN_20260913_121444,509,5506956,SESSION_005,0,0,8190,4,28.67,58.32,1006.24,44.2,1,LOW
2026-09-13T13:44:58.170+08:00,RUN_20260913_121444,510,5508141,SESSION_005,0,0,8190,4,28.67,58.34,1006.24,44.2,1,LOW
2026-09-13T13:44:58.993+08:00,RUN_20260913_121444,511,5508964,SESSION_005,1,0,8190,4,28.67,58.37,1006.24,44.2,1,LOW
2026-09-13T13:44:59.996+08:00,RUN_20260913_121444,512,5509967,SESSION_005,1,0,8190,4,28.67,58.36,1006.24,44.2,1,LOW
2026-09-13T13:45:00.999+08:00,RUN_20260913_121444,513,5510970,SESSION_005,0,0,8190,4,28.67,58.36,1006.23,44.2,1,LOW
2026-09-13T13:45:02.002+08:00,RUN_20260913_121444,514,5511973,SESSION_005,0,0,8190,4,28.67,58.44,1006.23,44.2,1,LOW
2026-09-13T13:45:03.187+08:00,RUN_20260913_121444,515,5513158,SESSION_005,1,0,8190,4,28.67,58.37,1006.23,44.2,1,LOW
2026-09-13T13:45:04.192+08:00,RUN_20260913_121444,516,5514163,SESSION_005,0,0,8190,4,28.67,58.37,1006.23,44.2,1,LOW
2026-09-13T13:45:05.015+08:00,RUN_20260913_121444,517,5514986,SESSION_005,0,0,8190,4,28.67,58.41,1006.23,44.2,1,LOW
2026-09-13T13:45:06.018+08:00,RUN_20260913_121444,518,5515989,SESSION_005,1,0,8190,4,28.67,58.37,1006.23,44.2,1,LOW
2026-09-13T13:45:07.021+08:00,RUN_20260913_121444,519,5516992,SESSION_005,0,0,8190,4,28.67,58.48,1006.22,44.2,1,LOW
2026-09-13T13:45:08.024+08:00,RUN_20260913_121444,520,5517995,SESSION_005,0,0,8190,4,28.67,58.44,1006.22,44.2,1,LOW
2026-09-13T13:45:09.027+08:00,RUN_20260913_121444,521,5518998,SESSION_005,1,0,8190,4,28.67,58.47,1006.22,44.2,1,LOW
2026-09-13T13:45:10.212+08:00,RUN_20260913_121444,522,5520183,SESSION_005,0,0,8190,4,28.67,58.48,1006.22,43.3,1,LOW
2026-09-13T13:45:11.035+08:00,RUN_20260913_121444,523,5521006,SESSION_005,0,0,8190,4,28.67,58.38,1006.22,43.3,1,LOW
2026-09-13T13:45:12.038+08:00,RUN_20260913_121444,524,5522009,SESSION_005,0,0,8190,4,28.67,58.36,1006.22,43.3,1,LOW
2026-09-13T13:45:13.041+08:00,RUN_20260913_121444,525,5523012,SESSION_005,1,0,8190,4,28.67,58.44,1006.22,43.3,1,LOW
2026-09-13T13:45:14.044+08:00,RUN_20260913_121444,526,5524015,SESSION_005,1,0,8190,4,28.67,58.35,1006.21,43.3,1,LOW
2026-09-13T13:45:15.047+08:00,RUN_20260913_121444,527,5525018,SESSION_005,0,0,8190,4,28.67,58.38,1006.21,44.2,1,LOW
2026-09-13T13:45:16.232+08:00,RUN_20260913_121444,528,5526203,SESSION_005,0,0,8190,4,28.67,58.41,1006.21,43.3,1,LOW
2026-09-13T13:45:17.055+08:00,RUN_20260913_121444,529,5527026,SESSION_005,1,0,8190,4,28.67,58.4,1006.21,43.3,1,LOW
2026-09-13T13:45:18.058+08:00,RUN_20260913_121444,530,5528029,SESSION_005,1,0,8190,4,28.67,58.49,1006.21,43.3,1,LOW
2026-09-13T13:45:19.061+08:00,RUN_20260913_121444,531,5529032,SESSION_005,0,0,8190,4,28.67,58.4,1006.21,43.3,1,LOW
2026-09-13T13:45:20.246+08:00,RUN_20260913_121444,532,5530217,SESSION_005,0,0,8190,4,28.67,58.47,1006.21,43.3,1,LOW
2026-09-13T13:45:21.069+08:00,RUN_20260913_121444,533,5531040,SESSION_005,0,0,8190,4,28.67,58.42,1006.21,43.3,1,LOW
2026-09-13T13:45:22.072+08:00,RUN_20260913_121444,534,5532043,SESSION_005,1,0,8190,4,28.67,58.53,1006.21,43.3,1,LOW
2026-09-13T13:45:23.075+08:00,RUN_20260913_121444,535,5533046,SESSION_005,0,0,8190,4,28.68,58.41,1006.21,43.3,1,LOW
2026-09-13T13:45:24.078+08:00,RUN_20260913_121444,536,5534049,SESSION_005,0,0,8190,4,28.68,58.38,1006.21,43.3,1,LOW
2026-09-13T13:45:25.081+08:00,RUN_20260913_121444,537,5535052,SESSION_005,0,0,8190,4,28.68,58.47,1006.21,43.3,1,LOW
2026-09-13T13:45:26.084+08:00,RUN_20260913_121444,538,5536055,SESSION_005,0,0,8190,4,28.68,58.35,1006.21,43.3,1,LOW
2026-09-13T13:45:27.087+08:00,RUN_20260913_121444,539,5537058,SESSION_005,0,0,8190,4,28.68,58.38,1006.21,43.3,1,LOW
2026-09-13T13:45:28.272+08:00,RUN_20260913_121444,540,5538243,SESSION_005,1,0,8190,4,28.67,58.43,1006.2,43.3,1,LOW
2026-09-13T13:45:29.095+08:00,RUN_20260913_121444,541,5539066,SESSION_005,0,0,8190,4,28.68,58.36,1006.21,43.3,1,LOW
2026-09-13T13:45:30.098+08:00,RUN_20260913_121444,542,5540069,SESSION_005,0,0,8190,4,28.67,58.37,1006.2,43.3,1,LOW
2026-09-13T13:45:31.283+08:00,RUN_20260913_121444,543,5541254,SESSION_005,1,0,8190,4,28.67,58.37,1006.2,43.3,1,LOW
2026-09-13T13:45:32.106+08:00,RUN_20260913_121444,544,5542077,SESSION_005,0,0,8190,4,28.67,58.46,1006.2,43.3,1,LOW
2026-09-13T13:45:33.109+08:00,RUN_20260913_121444,545,5543080,SESSION_005,0,0,8190,4,28.67,58.35,1006.2,43.3,1,LOW
2026-09-13T13:45:34.112+08:00,RUN_20260913_121444,546,5544083,SESSION_005,0,0,8190,4,28.67,58.43,1006.2,43.3,1,LOW
2026-09-13T13:45:35.115+08:00,RUN_20260913_121444,547,5545086,SESSION_005,0,0,8190,4,28.67,58.35,1006.2,43.3,1,LOW
2026-09-13T13:45:36.300+08:00,RUN_20260913_121444,548,5546271,SESSION_005,0,0,8190,4,28.67,58.34,1006.2,43.3,1,LOW
2026-09-13T13:45:37.305+08:00,RUN_20260913_121444,549,5547276,SESSION_005,0,0,8190,4,28.67,58.41,1006.2,43.3,1,LOW
2026-09-13T13:45:38.128+08:00,RUN_20260913_121444,550,5548099,SESSION_005,0,0,8190,4,28.67,58.4,1006.2,43.3,1,LOW
2026-09-13T13:45:39.131+08:00,RUN_20260913_121444,551,5549102,SESSION_005,0,0,8190,4,28.67,58.4,1006.2,43.3,1,LOW
2026-09-13T13:45:40.134+08:00,RUN_20260913_121444,552,5550105,SESSION_005,0,0,8190,4,28.67,58.35,1006.2,43.3,1,LOW
2026-09-13T13:45:41.137+08:00,RUN_20260913_121444,553,5551108,SESSION_005,0,0,8190,4,28.67,58.35,1006.2,43.3,1,LOW
2026-09-13T13:45:42.140+08:00,RUN_20260913_121444,554,5552111,SESSION_005,1,0,8190,4,28.67,58.34,1006.2,43.3,1,LOW
2026-09-13T13:45:43.143+08:00,RUN_20260913_121444,555,5553114,SESSION_005,0,0,8190,4,28.67,58.29,1006.2,43.3,1,LOW
2026-09-13T13:45:44.146+08:00,RUN_20260913_121444,556,5554117,SESSION_005,0,0,8190,4,28.67,58.25,1006.2,43.3,1,LOW
2026-09-13T13:45:45.149+08:00,RUN_20260913_121444,557,5555120,SESSION_005,0,0,8190,4,28.67,58.25,1006.21,43.3,1,LOW
2026-09-13T13:45:46.152+08:00,RUN_20260913_121444,558,5556123,SESSION_005,1,0,8190,4,28.67,58.24,1006.21,43.3,1,LOW
2026-09-13T13:45:47.155+08:00,RUN_20260913_121444,559,5557126,SESSION_005,1,0,8190,4,28.67,58.31,1006.21,43.3,1,LOW
2026-09-13T13:45:48.340+08:00,RUN_20260913_121444,560,5558311,SESSION_005,0,0,8190,4,28.67,58.26,1006.21,43.3,1,LOW
2026-09-13T13:45:49.345+08:00,RUN_20260913_121444,561,5559316,SESSION_005,0,0,8190,4,28.67,58.34,1006.21,43.3,1,LOW
2026-09-13T13:45:50.350+08:00,RUN_20260913_121444,562,5560321,SESSION_005,1,0,8190,4,28.67,58.26,1006.21,43.3,1,LOW
2026-09-13T13:45:51.173+08:00,RUN_20260913_121444,563,5561144,SESSION_005,0,0,8190,4,28.67,58.3,1006.21,43.3,1,LOW
2026-09-13T13:45:52.176+08:00,RUN_20260913_121444,564,5562147,SESSION_005,0,0,8190,4,28.67,58.36,1006.21,43.3,1,LOW
2026-09-13T13:45:53.179+08:00,RUN_20260913_121444,565,5563150,SESSION_005,1,0,8190,4,28.67,58.22,1006.21,43.3,1,LOW
2026-09-13T13:45:54.182+08:00,RUN_20260913_121444,566,5564153,SESSION_005,1,0,8190,4,28.67,58.24,1006.21,43.3,1,LOW
2026-09-13T13:45:55.185+08:00,RUN_20260913_121444,567,5565156,SESSION_005,0,0,8190,4,28.67,58.24,1006.21,43.3,1,LOW
2026-09-13T13:45:56.370+08:00,RUN_20260913_121444,568,5566341,SESSION_005,0,0,499,0,28.67,58.32,1006.21,43.3,1,LOW
2026-09-13T13:45:57.193+08:00,RUN_20260913_121444,569,5567164,SESSION_005,1,1,8190,4,28.67,58.25,1006.21,43.3,1,LOW
2026-09-13T13:45:58.378+08:00,RUN_20260913_121444,570,5568349,SESSION_005,0,1,8190,4,28.67,58.26,1006.21,43.3,1,LOW
2026-09-13T13:45:59.201+08:00,RUN_20260913_121444,571,5569172,SESSION_005,0,1,8190,4,28.67,58.25,1006.21,43.3,1,LOW
2026-09-13T13:46:00.386+08:00,RUN_20260913_121444,572,5570357,SESSION_005,0,1,8190,4,28.67,58.19,1006.21,43.3,1,LOW
2026-09-13T13:46:01.209+08:00,RUN_20260913_121444,573,5571180,SESSION_005,0,0,8190,4,28.67,58.24,1006.21,43.3,1,LOW
2026-09-13T13:46:02.212+08:00,RUN_20260913_121444,574,5572183,SESSION_005,0,0,8190,4,28.67,58.28,1006.21,43.3,1,LOW
2026-09-13T13:46:03.215+08:00,RUN_20260913_121444,575,5573186,SESSION_005,0,0,8190,4,28.67,58.23,1006.21,43.3,1,LOW
2026-09-13T13:46:04.218+08:00,RUN_20260913_121444,576,5574189,SESSION_005,0,1,8190,4,28.67,58.25,1006.21,43.3,1,LOW
2026-09-13T13:46:05.221+08:00,RUN_20260913_121444,577,5575192,SESSION_005,0,1,8190,4,28.67,58.25,1006.21,43.3,1,LOW
2026-09-13T13:46:06.406+08:00,RUN_20260913_121444,578,5576377,SESSION_005,0,0,8190,4,28.67,58.22,1006.21,43.3,1,LOW
2026-09-13T13:46:07.411+08:00,RUN_20260913_121444,579,5577382,SESSION_005,0,0,8190,4,28.67,58.23,1006.21,43.3,1,LOW
2026-09-13T13:46:08.234+08:00,RUN_20260913_121444,580,5578205,SESSION_005,0,0,8190,4,28.67,58.21,1006.21,43.3,1,LOW
2026-09-13T13:46:09.237+08:00,RUN_20260913_121444,581,5579208,SESSION_005,0,0,8190,4,28.67,58.19,1006.21,43.3,1,LOW
2026-09-13T13:46:10.240+08:00,RUN_20260913_121444,582,5580211,SESSION_005,0,0,8190,4,28.67,58.23,1006.21,43.3,1,LOW
2026-09-13T13:46:11.243+08:00,RUN_20260913_121444,583,5581214,SESSION_005,0,0,8190,4,28.67,58.25,1006.21,43.3,1,LOW
2026-09-13T13:46:12.428+08:00,RUN_20260913_121444,584,5582399,SESSION_005,0,0,8190,4,28.67,58.22,1006.21,43.3,1,LOW
2026-09-13T13:46:13.251+08:00,RUN_20260913_121444,585,5583222,SESSION_005,0,0,8190,4,28.67,58.24,1006.21,43.3,1,LOW
2026-09-13T13:46:14.254+08:00,RUN_20260913_121444,586,5584225,SESSION_005,0,0,8190,4,28.67,58.24,1006.21,43.3,1,LOW
2026-09-13T13:46:15.257+08:00,RUN_20260913_121444,587,5585228,SESSION_005,0,0,8190,4,28.67,58.23,1006.21,43.3,1,LOW
2026-09-13T13:46:16.260+08:00,RUN_20260913_121444,588,5586231,SESSION_005,0,0,8190,4,28.67,58.34,1006.21,43.3,1,LOW
2026-09-13T13:46:17.263+08:00,RUN_20260913_121444,589,5587234,SESSION_005,0,0,8190,4,28.67,58.25,1006.21,43.3,1,LOW
2026-09-13T13:46:18.266+08:00,RUN_20260913_121444,590,5588237,SESSION_005,0,0,8190,4,28.67,58.35,1006.21,43.3,1,LOW
2026-09-13T13:46:19.269+08:00,RUN_20260913_121444,591,5589240,SESSION_005,0,0,8190,4,28.67,58.36,1006.21,43.3,1,LOW
2026-09-13T13:46:20.454+08:00,RUN_20260913_121444,592,5590425,SESSION_005,0,0,8190,4,28.67,58.3,1006.21,43.3,1,LOW
2026-09-13T13:46:21.277+08:00,RUN_20260913_121444,593,5591248,SESSION_005,0,0,8190,4,28.67,58.32,1006.21,43.3,1,LOW
2026-09-13T13:46:22.280+08:00,RUN_20260913_121444,594,5592251,SESSION_005,0,0,8190,4,28.68,58.31,1006.21,43.3,1,LOW
2026-09-13T13:46:23.283+08:00,RUN_20260913_121444,595,5593254,SESSION_005,0,0,8190,4,28.68,58.3,1006.21,43.3,1,LOW
2026-09-13T13:46:24.286+08:00,RUN_20260913_121444,596,5594257,SESSION_005,0,0,8190,4,28.68,58.35,1006.21,43.3,1,LOW
2026-09-13T13:46:25.471+08:00,RUN_20260913_121444,597,5595442,SESSION_005,0,0,8190,4,28.68,58.25,1006.2,43.3,1,LOW
2026-09-13T13:46:26.294+08:00,RUN_20260913_121444,598,5596265,SESSION_005,0,0,8190,4,28.68,58.18,1006.2,43.3,1,LOW
2026-09-13T13:46:27.297+08:00,RUN_20260913_121444,599,5597268,SESSION_005,0,0,8190,4,28.68,58.23,1006.2,43.3,1,LOW
2026-09-13T13:46:28.300+08:00,RUN_20260913_121444,600,5598271,SESSION_005,0,0,8190,4,28.68,58.18,1006.2,43.3,1,LOW
2026-09-13T13:46:29.303+08:00,RUN_20260913_121444,601,5599274,SESSION_005,0,0,8190,4,28.68,58.19,1006.2,43.3,1,LOW
2026-09-13T13:46:30.306+08:00,RUN_20260913_121444,602,5600277,SESSION_005,0,0,8190,4,28.68,58.17,1006.2,43.3,1,LOW
2026-09-13T13:46:31.309+08:00,RUN_20260913_121444,603,5601280,SESSION_005,0,0,8190,4,28.68,58.12,1006.2,43.3,1,LOW
2026-09-13T13:46:32.312+08:00,RUN_20260913_121444,604,5602283,SESSION_005,0,1,8190,4,28.68,58.09,1006.2,43.3,1,LOW
2026-09-13T13:46:33.497+08:00,RUN_20260913_121444,605,5603468,SESSION_005,0,1,8190,4,28.68,58.19,1006.2,42.5,1,LOW
2026-09-13T13:46:34.502+08:00,RUN_20260913_121444,606,5604473,SESSION_005,0,1,8190,4,28.68,58.1,1006.2,43.3,1,LOW
2026-09-13T13:46:35.507+08:00,RUN_20260913_121444,607,5605478,SESSION_005,0,0,360,0,28.68,58.08,1006.2,43.3,1,LOW
2026-09-13T13:46:36.330+08:00,RUN_20260913_121444,608,5606301,SESSION_005,1,0,8190,4,28.68,58.02,1006.2,43.3,1,LOW
2026-09-13T13:46:37.333+08:00,RUN_20260913_121444,609,5607304,SESSION_005,1,0,8190,4,28.68,58.02,1006.2,43.3,1,LOW
2026-09-13T13:46:38.518+08:00,RUN_20260913_121444,610,5608489,SESSION_005,1,0,8190,4,28.68,58.02,1006.2,43.3,1,LOW
2026-09-13T13:46:39.341+08:00,RUN_20260913_121444,611,5609312,SESSION_005,0,0,8190,4,28.68,57.99,1006.2,43.3,1,LOW
2026-09-13T13:46:40.344+08:00,RUN_20260913_121444,612,5610315,SESSION_005,0,0,8190,4,28.68,57.98,1006.2,43.3,1,LOW
2026-09-13T13:46:41.347+08:00,RUN_20260913_121444,613,5611318,SESSION_005,1,0,8190,4,28.68,58.08,1006.2,43.3,1,LOW
2026-09-13T13:46:42.350+08:00,RUN_20260913_121444,614,5612321,SESSION_005,1,0,8190,4,28.68,57.98,1006.2,43.3,1,LOW
2026-09-13T13:46:43.353+08:00,RUN_20260913_121444,615,5613324,SESSION_005,1,0,8190,4,28.68,57.99,1006.2,43.3,1,LOW
2026-09-13T13:46:44.356+08:00,RUN_20260913_121444,616,5614327,SESSION_005,0,0,8190,4,28.68,57.98,1006.2,43.3,1,LOW
2026-09-13T13:46:45.541+08:00,RUN_20260913_121444,617,5615512,SESSION_005,0,0,8190,4,28.68,58,1006.2,43.3,1,LOW
2026-09-13T13:46:46.364+08:00,RUN_20260913_121444,618,5616335,SESSION_005,1,0,8190,4,28.68,57.99,1006.2,43.3,1,LOW
2026-09-13T13:46:47.367+08:00,RUN_20260913_121444,619,5617338,SESSION_005,0,0,8190,4,28.67,57.9,1006.2,43.3,1,LOW
2026-09-13T13:46:48.552+08:00,RUN_20260913_121444,620,5618523,SESSION_005,0,0,8190,4,28.67,57.87,1006.2,43.3,1,LOW
2026-09-13T13:46:49.375+08:00,RUN_20260913_121444,621,5619346,SESSION_005,0,0,8190,4,28.67,57.96,1006.2,43.3,1,LOW
2026-09-13T13:46:50.378+08:00,RUN_20260913_121444,622,5620349,SESSION_005,1,0,8190,4,28.67,57.85,1006.2,43.3,1,LOW
2026-09-13T13:46:51.381+08:00,RUN_20260913_121444,623,5621352,SESSION_005,1,0,8190,4,28.67,57.93,1006.2,43.3,1,LOW
2026-09-13T13:46:52.384+08:00,RUN_20260913_121444,624,5622355,SESSION_005,0,0,8190,4,28.67,57.94,1006.21,43.3,1,LOW
2026-09-13T13:46:53.387+08:00,RUN_20260913_121444,625,5623358,SESSION_005,0,0,8190,4,28.67,57.97,1006.21,43.3,1,LOW
2026-09-13T13:46:54.390+08:00,RUN_20260913_121444,626,5624361,SESSION_005,1,0,8190,4,28.67,57.93,1006.21,43.3,1,LOW
2026-09-13T13:46:55.575+08:00,RUN_20260913_121444,627,5625546,SESSION_005,1,0,36,0,28.67,58.02,1006.2,41.7,1,LOW
2026-09-13T13:46:56.580+08:00,RUN_20260913_121444,628,5626551,SESSION_005,0,0,31,0,28.67,58.17,1006.2,41.7,1,LOW
2026-09-13T13:46:57.585+08:00,RUN_20260913_121444,629,5627556,SESSION_005,0,0,34,0,28.67,59.38,1006.2,41.7,1,LOW
