2026-09-13T14:24:53.082+08:00,RUN_20260913_121444,1,7903053,SESSION_006,1,0,31,0,31.93,64.76,1005.79,40,1,LOW
2026-09-13T14:24:54.087+08:00,RUN_20260913_121444,2,7904058,SESSION_006,0,0,8190,4,31.94,65.75,1005.79,40.8,1,LOW
2026-09-13T14:24:55.092+08:00,RUN_20260913_121444,3,7905063,SESSION_006,0,0,8190,4,31.94,66.41,1005.8,42.5,1,LOW
2026-09-13T14:24:56.097+08:00,RUN_20260913_121444,4,7906068,SESSION_006,1,0,423,0,31.94,65.95,1005.79,42.5,1,LOW
2026-09-13T14:24:57.102+08:00,RUN_20260913_121444,5,7907073,SESSION_006,1,0,8190,4,31.94,65.22,1005.8,41.7,1,LOW
2026-09-13T14:24:57.925+08:00,RUN_20260913_121444,6,7907896,SESSION_006,0,0,8190,4,31.94,64.66,1005.79,42.5,1,LOW
2026-09-13T14:24:58.928+08:00,RUN_20260913_121444,7,7908899,SESSION_006,1,0,8190,4,31.94,64.05,1005.8,42.5,1,LOW
2026-09-13T14:24:59.931+08:00,RUN_20260913_121444,8,7909902,SESSION_006,1,0,8190,4,31.94,63.7,1005.79,42.5,1,LOW
2026-09-13T14:25:00.934+08:00,RUN_20260913_121444,9,7910905,SESSION_006,1,0,8190,4,31.94,63.52,1005.79,42.5,1,LOW
2026-09-13T14:25:01.937+08:00,RUN_20260913_121444,10,7911908,SESSION_006,1,0,8190,4,31.95,63.4,1005.8,43.3,1,LOW
2026-09-13T14:25:02.940+08:00,RUN_20260913_121444,11,7912911,SESSION_006,1,0,8190,4,31.95,63.29,1005.8,43.3,1,LOW
2026-09-13T14:25:03.943+08:00,RUN_20260913_121444,12,7913914,SESSION_006,0,0,8190,4,31.95,63.25,1005.79,43.3,1,LOW
2026-09-13T14:25:04.946+08:00,RUN_20260913_121444,13,7914917,SESSION_006,0,0,8190,4,31.95,63.22,1005.8,43.3,1,LOW
2026-09-13T14:25:05.949+08:00,RUN_20260913_121444,14,7915920,SESSION_006,1,0,8190,4,31.95,63.17,1005.8,43.3,1,LOW
2026-09-13T14:25:06.952+08:00,RUN_20260913_121444,15,7916923,SESSION_006,0,0,8190,4,31.95,63.08,1005.8,43.3,1,LOW
2026-09-13T14:25:07.955+08:00,RUN_20260913_121444,16,7917926,SESSION_006,0,0,8190,4,31.95,63.03,1005.8,43.3,1,LOW
2026-09-13T14:25:09.140+08:00,RUN_20260913_121444,17,7919111,SESSION_006,1,0,8190,4,31.95,63.09,1005.8,42.5,1,LOW
2026-09-13T14:25:09.963+08:00,RUN_20260913_121444,18,7919934,SESSION_006,0,0,8190,4,31.95,62.97,1005.8,43.3,1,LOW
2026-09-13T14:25:10.966+08:00,RUN_20260913_121444,19,7920937,SESSION_006,0,0,8190,4,31.95,62.96,1005.8,43.3,1,LOW
2026-09-13T14:25:11.969+08:00,RUN_20260913_121444,20,7921940,SESSION_006,1,0,8190,4,31.95,62.93,1005.8,43.3,1,LOW
2026-09-13T14:25:12.972+08:00,RUN_20260913_121444,21,7922943,SESSION_006,0,0,8190,4,31.96,62.91,1005.8,43.3,1,LOW
2026-09-13T14:25:13.975+08:00,RUN_20260913_121444,22,7923946,SESSION_006,0,0,8190,4,31.96,62.86,1005.8,42.5,1,LOW
2026-09-13T14:25:14.978+08:00,RUN_20260913_121444,23,7924949,SESSION_006,1,0,8190,4,31.96,62.85,1005.8,43.3,1,LOW
2026-09-13T14:25:16.163+08:00,RUN_20260913_121444,24,7926134,SESSION_006,0,0,8190,4,31.96,62.84,1005.8,42.5,1,LOW
2026-09-13T14:25:16.986+08:00,RUN_20260913_121444,25,7926957,SESSION_006,0,0,8190,4,31.96,62.81,1005.8,42.5,1,LOW
2026-09-13T14:25:17.989+08:00,RUN_20260913_121444,26,7927960,SESSION_006,1,0,8190,4,31.96,62.81,1005.8,42.5,1,LOW
2026-09-13T14:25:19.174+08:00,RUN_20260913_121444,27,7929145,SESSION_006,0,0,8190,4,31.96,62.87,1005.79,42.5,1,LOW
2026-09-13T14:25:19.997+08:00,RUN_20260913_121444,28,7929968,SESSION_006,0,0,8190,4,31.96,62.85,1005.79,42.5,1,LOW
2026-09-13T14:25:21.000+08:00,RUN_20260913_121444,29,7930971,SESSION_006,0,0,8190,4,31.96,62.84,1005.79,43.3,1,LOW
2026-09-13T14:25:22.003+08:00,RUN_20260913_121444,30,7931974,SESSION_006,0,0,8190,4,31.96,62.82,1005.79,42.5,1,LOW
2026-09-13T14:25:23.006+08:00,RUN_20260913_121444,31,7932977,SESSION_006,0,0,8190,4,31.96,62.74,1005.79,42.5,1,LOW
2026-09-13T14:25:24.009+08:00,RUN_20260913_121444,32,7933980,SESSION_006,1,0,8190,4,31.96,62.74,1005.79,43.3,1,LOW
2026-09-13T14:25:25.012+08:00,RUN_20260913_121444,33,7934983,SESSION_006,0,0,8190,4,31.96,62.81,1005.79,42.5,1,LOW
2026-09-13T14:25:26.015+08:00,RUN_20260913_121444,34,7935986,SESSION_006,0,0,8190,4,31.96,62.78,1005.79,43.3,1,LOW
2026-09-13T14:25:27.200+08:00,RUN_20260913_121444,35,7937171,SESSION_006,1,0,8190,4,31.96,62.78,1005.79,42.5,1,LOW
2026-09-13T14:25:28.023+08:00,RUN_20260913_121444,36,7937994,SESSION_006,0,0,8190,4,31.96,62.78,1005.79,42.5,1,LOW
2026-09-13T14:25:29.026+08:00,RUN_20260913_121444,37,7938997,SESSION_006,0,0,8190,4,31.96,62.67,1005.79,42.5,1,LOW
2026-09-13T14:25:30.211+08:00,RUN_20260913_121444,38,7940182,SESSION_006,0,0,8190,4,31.96,62.74,1005.79,42.5,1,LOW
2026-09-13T14:25:31.034+08:00,RUN_20260913_121444,39,7941005,SESSION_006,1,0,8190,4,31.96,62.74,1005.79,42.5,1,LOW
2026-09-13T14:25:32.219+08:00,RUN_20260913_121444,40,7942190,SESSION_006,0,0,8190,4,31.96,62.68,1005.79,42.5,1,LOW
2026-09-13T14:25:33.042+08:00,RUN_20260913_121444,41,7943013,SESSION_006,0,0,8190,4,31.96,62.74,1005.79,42.5,1,LOW
2026-09-13T14:25:34.045+08:00,RUN_20260913_121444,42,7944016,SESSION_006,0,0,8190,4,31.96,62.63,1005.79,43.3,1,LOW
2026-09-13T14:25:35.048+08:00,RUN_20260913_121444,43,7945019,SESSION_006,0,0,8190,4,31.96,62.65,1005.79,42.5,1,LOW
2026-09-13T14:25:36.051+08:00,RUN_20260913_121444,44,7946022,SESSION_006,0,0,8190,4,31.96,62.65,1005.78,42.5,1,LOW
2026-09-13T14:25:37.054+08:00,RUN_20260913_121444,45,7947025,SESSION_006,0,0,8190,4,31.97,62.63,1005.79,42.5,1,LOW
2026-09-13T14:25:38.057+08:00,RUN_20260913_121444,46,7948028,SESSION_006,0,0,8190,4,31.97,62.61,1005.79,42.5,1,LOW
2026-09-13T14:25:39.060+08:00,RUN_20260913_121444,47,7949031,SESSION_006,0,0,8190,4,31.97,62.6,1005.78,42.5,1,LOW
2026-09-13T14:25:40.063+08:00,RUN_20260913_121444,48,7950034,SESSION_006,0,0,8190,4,31.97,62.67,1005.78,42.5,1,LOW
2026-09-13T14:25:41.248+08:00,RUN_20260913_121444,49,7951219,SESSION_006,0,0,8190,4,31.97,62.69,1005.78,42.5,1,LOW
2026-09-13T14:25:42.071+08:00,RUN_20260913_121444,50,7952042,SESSION_006,0,0,8190,4,31.97,62.69,1005.78,43.3,1,LOW
2026-09-13T14:25:43.074+08:00,RUN_20260913_121444,51,7953045,SESSION_006,0,0,8190,4,31.97,62.61,1005.78,42.5,1,LOW
2026-09-13T14:25:44.077+08:00,RUN_20260913_121444,52,7954048,SESSION_006,0,0,8190,4,31.97,62.61,1005.78,42.5,1,LOW
2026-09-13T14:25:45.080+08:00,RUN_20260913_121444,53,7955051,SESSION_006,0,0,8190,4,31.97,62.69,1005.78,42.5,1,LOW
2026-09-13T14:25:46.083+08:00,RUN_20260913_121444,54,7956054,SESSION_006,0,0,8190,4,31.97,62.6,1005.78,42.5,1,LOW
2026-09-13T14:25:47.086+08:00,RUN_20260913_121444,55,7957057,SESSION_006,0,0,8190,4,31.97,62.66,1005.79,42.5,1,LOW
2026-09-13T14:25:48.089+08:00,RUN_20260913_121444,56,7958060,SESSION_006,0,0,8190,4,31.97,62.65,1005.79,42.5,1,LOW
2026-09-13T14:25:49.274+08:00,RUN_20260913_121444,57,7959245,SESSION_006,1,0,8190,4,31.97,62.65,1005.79,42.5,1,LOW
2026-09-13T14:25:50.097+08:00,RUN_20260913_121444,58,7960068,SESSION_006,0,0,8190,4,31.97,62.63,1005.79,42.5,1,LOW
2026-09-13T14:25:51.282+08:00,RUN_20260913_121444,59,7961253,SESSION_006,0,0,8190,4,31.97,62.59,1005.78,42.5,1,LOW
2026-09-13T14:25:52.105+08:00,RUN_20260913_121444,60,7962076,SESSION_006,1,0,8190,4,31.97,62.59,1005.78,42.5,1,LOW
2026-09-13T14:25:53.108+08:00,RUN_20260913_121444,61,7963079,SESSION_006,0,0,8190,4,31.97,62.59,1005.78,42.5,1,LOW
2026-09-13T14:25:54.111+08:00,RUN_20260913_121444,62,7964082,SESSION_006,0,0,8190,4,31.97,62.68,1005.78,42.5,1,LOW
2026-09-13T14:25:55.296+08:00,RUN_20260913_121444,63,7965267,SESSION_006,0,0,8190,4,31.97,62.67,1005.78,42.5,1,LOW
2026-09-13T14:25:56.119+08:00,RUN_20260913_121444,64,7966090,SESSION_006,0,0,8190,4,31.97,62.66,1005.78,42.5,1,LOW
2026-09-13T14:25:57.122+08:00,RUN_20260913_121444,65,7967093,SESSION_006,0,0,8190,4,31.97,62.66,1005.78,42.5,1,LOW
2026-09-13T14:25:58.307+08:00,RUN_20260913_121444,66,7968278,SESSION_006,1,0,8190,4,31.97,62.58,1005.78,42.5,1,LOW
2026-09-13T14:25:59.130+08:00,RUN_20260913_121444,67,7969101,SESSION_006,0,0,8190,4,31.97,62.56,1005.78,42.5,1,LOW
2026-09-13T14:26:00.133+08:00,RUN_20260913_121444,68,7970104,SESSION_006,0,0,8190,4,31.97,62.6,1005.78,42.5,1,LOW
2026-09-13T14:26:01.318+08:00,RUN_20260913_121444,69,7971289,SESSION_006,0,0,8190,4,31.97,62.63,1005.78,42.5,1,LOW
2026-09-13T14:26:02.323+08:00,RUN_20260913_121444,70,7972294,SESSION_006,0,0,8190,4,31.97,62.58,1005.78,42.5,1,LOW
2026-09-13T14:26:03.146+08:00,RUN_20260913_121444,71,7973117,SESSION_006,0,0,8190,4,31.97,62.56,1005.78,42.5,1,LOW
2026-09-13T14:26:04.149+08:00,RUN_20260913_121444,72,7974120,SESSION_006,0,0,8190,4,31.97,62.58,1005.78,42.5,1,LOW
2026-09-13T14:26:05.152+08:00,RUN_20260913_121444,73,7975123,SESSION_006,0,0,8190,4,31.97,62.54,1005.78,42.5,1,LOW
2026-09-13T14:26:06.155+08:00,RUN_20260913_121444,74,7976126,SESSION_006,0,0,8190,4,31.97,62.63,1005.77,42.5,1,LOW
2026-09-13T14:26:07.158+08:00,RUN_20260913_121444,75,7977129,SESSION_006,0,0,8190,4,31.97,62.5,1005.77,42.5,1,LOW
2026-09-13T14:26:08.161+08:00,RUN_20260913_121444,76,7978132,SESSION_006,0,0,8190,4,31.97,62.52,1005.77,42.5,1,LOW
2026-09-13T14:26:09.164+08:00,RUN_20260913_121444,77,7979135,SESSION_006,0,0,8190,4,31.97,62.62,1005.77,42.5,1,LOW
2026-09-13T14:26:10.349+08:00,RUN_20260913_121444,78,7980320,SESSION_006,0,0,8190,4,31.97,62.52,1005.77,42.5,1,LOW
2026-09-13T14:26:11.354+08:00,RUN_20260913_121444,79,7981325,SESSION_006,1,0,8190,4,31.97,62.54,1005.77,42.5,1,LOW
2026-09-13T14:26:12.177+08:00,RUN_20260913_121444,80,7982148,SESSION_006,0,0,8190,4,31.97,62.53,1005.77,42.5,1,LOW
2026-09-13T14:26:13.180+08:00,RUN_20260913_121444,81,7983151,SESSION_006,0,0,8190,4,31.97,62.63,1005.77,42.5,1,LOW
2026-09-13T14:26:14.183+08:00,RUN_20260913_121444,82,7984154,SESSION_006,0,0,8190,4,31.97,62.54,1005.77,42.5,1,LOW
2026-09-13T14:26:15.368+08:00,RUN_20260913_121444,83,7985339,SESSION_006,1,0,8190,4,31.97,62.54,1005.77,42.5,1,LOW
2026-09-13T14:26:16.373+08:00,RUN_20260913_121444,84,7986344,SESSION_006,0,0,8190,4,31.97,62.53,1005.77,42.5,1,LOW
2026-09-13T14:26:17.196+08:00,RUN_20260913_121444,85,7987167,SESSION_006,0,0,8190,4,31.97,62.53,1005.76,42.5,1,LOW
2026-09-13T14:26:18.199+08:00,RUN_20260913_121444,86,7988170,SESSION_006,1,0,8190,4,31.97,62.6,1005.76,42.5,1,LOW
2026-09-13T14:26:19.384+08:00,RUN_20260913_121444,87,7989355,SESSION_006,0,0,8190,4,31.97,62.52,1005.76,42.5,1,LOW
2026-09-13T14:26:20.207+08:00,RUN_20260913_121444,88,7990178,SESSION_006,0,0,8190,4,31.97,62.59,1005.76,42.5,1,LOW
2026-09-13T14:26:21.210+08:00,RUN_20260913_121444,89,7991181,SESSION_006,0,0,8190,4,31.97,62.61,1005.76,42.5,1,LOW
2026-09-13T14:26:22.213+08:00,RUN_20260913_121444,90,7992184,SESSION_006,0,0,8190,4,31.97,62.54,1005.76,42.5,1,LOW
2026-09-13T14:26:23.398+08:00,RUN_20260913_121444,91,7993369,SESSION_006,0,0,8190,4,31.97,62.62,1005.76,42.5,1,LOW
2026-09-13T14:26:24.221+08:00,RUN_20260913_121444,92,7994192,SESSION_006,0,0,8190,4,31.97,62.53,1005.76,42.5,1,LOW
2026-09-13T14:26:25.224+08:00,RUN_20260913_121444,93,7995195,SESSION_006,0,0,8190,4,31.97,62.52,1005.76,42.5,1,LOW
2026-09-13T14:26:26.227+08:00,RUN_20260913_121444,94,7996198,SESSION_006,0,0,8190,4,31.97,62.6,1005.76,42.5,1,LOW
2026-09-13T14:26:27.230+08:00,RUN_20260913_121444,95,7997201,SESSION_006,0,0,8190,4,31.97,62.5,1005.76,42.5,1,LOW
2026-09-13T14:26:28.233+08:00,RUN_20260913_121444,96,7998204,SESSION_006,0,0,8190,4,31.97,62.6,1005.76,42.5,1,LOW
2026-09-13T14:26:29.236+08:00,RUN_20260913_121444,97,7999207,SESSION_006,1,0,8190,4,31.97,62.56,1005.76,42.5,1,LOW
2026-09-13T14:26:30.239+08:00,RUN_20260913_121444,98,8000210,SESSION_006,0,0,8190,4,31.97,62.5,1005.76,42.5,1,LOW
2026-09-13T14:26:31.242+08:00,RUN_20260913_121444,99,8001213,SESSION_006,0,0,8190,4,31.97,62.53,1005.76,42.5,1,LOW
2026-09-13T14:26:32.245+08:00,RUN_20260913_121444,100,8002216,SESSION_006,1,0,8190,4,31.97,62.5,1005.76,42.5,1,LOW
2026-09-13T14:26:33.248+08:00,RUN_20260913_121444,101,8003219,SESSION_006,0,0,8190,4,31.97,62.49,1005.77,42.5,1,LOW
2026-09-13T14:26:34.433+08:00,RUN_20260913_121444,102,8004404,SESSION_006,0,0,8190,4,31.97,62.5,1005.77,42.5,1,LOW
2026-09-13T14:26:35.438+08:00,RUN_20260913_121444,103,8005409,SESSION_006,1,0,8190,4,31.97,62.52,1005.77,42.5,1,LOW
2026-09-13T14:26:36.261+08:00,RUN_20260913_121444,104,8006232,SESSION_006,1,0,8190,4,31.97,62.5,1005.77,42.5,1,LOW
2026-09-13T14:26:37.264+08:00,RUN_20260913_121444,105,8007235,SESSION_006,0,0,8190,4,31.97,62.6,1005.77,42.5,1,LOW
2026-09-13T14:26:38.267+08:00,RUN_20260913_121444,106,8008238,SESSION_006,0,0,8190,4,31.98,62.47,1005.78,42.5,1,LOW
2026-09-13T14:26:39.270+08:00,RUN_20260913_121444,107,8009241,SESSION_006,1,0,8190,4,31.98,62.56,1005.78,42.5,1,LOW
2026-09-13T14:26:40.273+08:00,RUN_20260913_121444,108,8010244,SESSION_006,0,0,8190,4,31.98,62.48,1005.78,42.5,1,LOW
2026-09-13T14:26:41.458+08:00,RUN_20260913_121444,109,8011429,SESSION_006,0,0,8190,4,31.98,62.48,1005.78,42.5,1,LOW
2026-09-13T14:26:42.463+08:00,RUN_20260913_121444,110,8012434,SESSION_006,0,0,8190,4,31.98,62.48,1005.78,42.5,1,LOW
2026-09-13T14:26:43.286+08:00,RUN_20260913_121444,111,8013257,SESSION_006,1,0,8190,4,31.98,62.59,1005.79,42.5,1,LOW
2026-09-13T14:26:44.289+08:00,RUN_20260913_121444,112,8014260,SESSION_006,0,0,8190,4,31.98,62.52,1005.79,42.5,1,LOW
2026-09-13T14:26:45.292+08:00,RUN_20260913_121444,113,8015263,SESSION_006,0,0,8190,4,31.98,62.59,1005.79,42.5,1,LOW
2026-09-13T14:26:46.295+08:00,RUN_20260913_121444,114,8016266,SESSION_006,1,0,8190,4,31.98,62.55,1005.79,42.5,1,LOW
2026-09-13T14:26:47.298+08:00,RUN_20260913_121444,115,8017269,SESSION_006,0,0,8190,4,31.98,62.52,1005.79,42.5,1,LOW
2026-09-13T14:26:48.301+08:00,RUN_20260913_121444,116,8018272,SESSION_006,0,0,8190,4,31.98,62.58,1005.79,42.5,1,LOW
2026-09-13T14:26:49.304+08:00,RUN_20260913_121444,117,8019275,SESSION_006,0,0,8190,4,31.98,62.49,1005.79,42.5,1,LOW
2026-09-13T14:26:50.307+08:00,RUN_20260913_121444,118,8020278,SESSION_006,0,0,8190,4,31.98,62.58,1005.79,42.5,1,LOW
2026-09-13T14:26:51.492+08:00,RUN_20260913_121444,119,8021463,SESSION_006,0,0,8190,4,31.98,62.49,1005.79,42.5,1,LOW
2026-09-13T14:26:52.315+08:00,RUN_20260913_121444,120,8022286,SESSION_006,0,0,8190,4,31.98,62.56,1005.79,42.5,1,LOW
2026-09-13T14:26:53.500+08:00,RUN_20260913_121444,121,8023471,SESSION_006,1,0,8190,4,31.98,62.56,1005.79,42.5,1,LOW
2026-09-13T14:26:54.323+08:00,RUN_20260913_121444,122,8024294,SESSION_006,1,0,8190,4,31.98,62.56,1005.79,42.5,1,LOW
2026-09-13T14:26:55.326+08:00,RUN_20260913_121444,123,8025297,SESSION_006,1,0,8190,4,31.98,62.46,1005.79,42.5,1,LOW
2026-09-13T14:26:56.329+08:00,RUN_20260913_121444,124,8026300,SESSION_006,1,0,8190,4,31.98,62.48,1005.79,42.5,1,LOW
2026-09-13T14:26:57.332+08:00,RUN_20260913_121444,125,8027303,SESSION_006,0,0,8190,4,31.98,62.55,1005.79,42.5,1,LOW
2026-09-13T14:26:58.335+08:00,RUN_20260913_121444,126,8028306,SESSION_006,0,0,8190,4,31.98,62.46,1005.79,42.5,1,LOW
2026-09-13T14:26:59.338+08:00,RUN_20260913_121444,127,8029309,SESSION_006,0,0,8190,4,31.98,62.47,1005.79,42.5,1,LOW
2026-09-13T14:27:00.523+08:00,RUN_20260913_121444,128,8030494,SESSION_006,1,0,8190,4,31.98,62.52,1005.8,42.5,1,LOW
2026-09-13T14:27:01.528+08:00,RUN_20260913_121444,129,8031499,SESSION_006,1,0,8190,4,31.98,62.53,1005.8,42.5,1,LOW
2026-09-13T14:27:02.351+08:00,RUN_20260913_121444,130,8032322,SESSION_006,1,0,8190,4,31.98,62.53,1005.8,42.5,1,LOW
2026-09-13T14:27:03.354+08:00,RUN_20260913_121444,131,8033325,SESSION_006,0,0,8190,4,31.98,62.47,1005.8,42.5,1,LOW
2026-09-13T14:27:04.357+08:00,RUN_20260913_121444,132,8034328,SESSION_006,0,0,8190,4,31.98,62.53,1005.79,42.5,1,LOW
2026-09-13T14:27:05.360+08:00,RUN_20260913_121444,133,8035331,SESSION_006,0,0,8190,4,31.98,62.54,1005.79,42.5,1,LOW
2026-09-13T14:27:06.545+08:00,RUN_20260913_121444,134,8036516,SESSION_006,0,0,8190,4,31.98,62.52,1005.79,42.5,1,LOW
2026-09-13T14:27:07.368+08:00,RUN_20260913_121444,135,8037339,SESSION_006,0,0,8190,4,31.98,62.5,1005.79,42.5,1,LOW
2026-09-13T14:27:08.371+08:00,RUN_20260913_121444,136,8038342,SESSION_006,0,0,8190,4,31.98,62.52,1005.79,42.5,1,LOW
2026-09-13T14:27:09.374+08:00,RUN_20260913_121444,137,8039345,SESSION_006,0,0,8190,4,31.98,62.42,1005.79,42.5,1,LOW
2026-09-13T14:27:10.377+08:00,RUN_20260913_121444,138,8040348,SESSION_006,0,0,8190,4,31.98,62.53,1005.79,42.5,1,LOW
2026-09-13T14:27:11.380+08:00,RUN_20260913_121444,139,8041351,SESSION_006,0,0,8190,4,31.98,62.49,1005.79,42.5,1,LOW
2026-09-13T14:27:12.383+08:00,RUN_20260913_121444,140,8042354,SESSION_006,0,0,8190,4,31.98,62.47,1005.79,42.5,1,LOW
2026-09-13T14:27:13.568+08:00,RUN_20260913_121444,141,8043539,SESSION_006,0,0,8190,4,31.98,62.48,1005.78,42.5,1,LOW
2026-09-13T14:27:14.391+08:00,RUN_20260913_121444,142,8044362,SESSION_006,0,0,8190,4,31.98,62.56,1005.78,42.5,1,LOW
2026-09-13T14:27:15.394+08:00,RUN_20260913_121444,143,8045365,SESSION_006,1,0,8190,4,31.98,62.53,1005.78,42.5,1,LOW
2026-09-13T14:27:16.579+08:00,RUN_20260913_121444,144,8046550,SESSION_006,1,0,8190,4,31.98,62.46,1005.78,42.5,1,LOW
2026-09-13T14:27:17.402+08:00,RUN_20260913_121444,145,8047373,SESSION_006,0,0,8190,4,31.98,62.47,1005.78,42.5,1,LOW
2026-09-13T14:27:18.405+08:00,RUN_20260913_121444,146,8048376,SESSION_006,1,0,8190,4,31.98,62.56,1005.78,42.5,1,LOW
2026-09-13T14:27:19.408+08:00,RUN_20260913_121444,147,8049379,SESSION_006,1,0,8190,4,31.98,62.54,1005.78,42.5,1,LOW
2026-09-13T14:27:20.411+08:00,RUN_20260913_121444,148,8050382,SESSION_006,0,0,8190,4,31.98,62.45,1005.78,42.5,1,LOW
2026-09-13T14:27:21.596+08:00,RUN_20260913_121444,149,8051567,SESSION_006,0,0,8190,4,31.98,62.53,1005.78,42.5,1,LOW
2026-09-13T14:27:22.419+08:00,RUN_20260913_121444,150,8052390,SESSION_006,1,0,8190,4,31.98,62.45,1005.78,42.5,1,LOW
2026-09-13T14:27:23.422+08:00,RUN_20260913_121444,151,8053393,SESSION_006,0,0,8190,4,31.98,62.53,1005.78,42.5,1,LOW
2026-09-13T14:27:24.425+08:00,RUN_20260913_121444,152,8054396,SESSION_006,0,0,8190,4,31.98,62.47,1005.78,42.5,1,LOW
2026-09-13T14:27:25.610+08:00,RUN_20260913_121444,153,8055581,SESSION_006,1,0,8190,4,31.98,62.46,1005.78,42.5,1,LOW
2026-09-13T14:27:26.433+08:00,RUN_20260913_121444,154,8056404,SESSION_006,0,0,8190,4,31.98,62.48,1005.78,42.5,1,LOW
2026-09-13T14:27:27.436+08:00,RUN_20260913_121444,155,8057407,SESSION_006,0,0,8190,4,31.98,62.56,1005.77,42.5,1,LOW
2026-09-13T14:27:28.439+08:00,RUN_20260913_121444,156,8058410,SESSION_006,1,0,8190,4,31.98,62.52,1005.77,42.5,1,LOW
2026-09-13T14:27:29.624+08:00,RUN_20260913_121444,157,8059595,SESSION_006,0,0,8190,4,31.98,62.49,1005.77,42.5,1,LOW
2026-09-13T14:27:30.447+08:00,RUN_20260913_121444,158,8060418,SESSION_006,0,0,8190,4,31.98,62.49,1005.77,42.5,1,LOW
2026-09-13T14:27:31.632+08:00,RUN_20260913_121444,159,8061603,SESSION_006,1,0,8190,4,31.98,62.6,1005.77,42.5,1,LOW
2026-09-13T14:27:32.455+08:00,RUN_20260913_121444,160,8062426,SESSION_006,0,0,8190,4,31.98,62.5,1005.77,42.5,1,LOW
2026-09-13T14:27:33.640+08:00,RUN_20260913_121444,161,8063611,SESSION_006,0,0,8190,4,31.98,62.59,1005.77,42.5,1,LOW
2026-09-13T14:27:34.645+08:00,RUN_20260913_121444,162,8064616,SESSION_006,1,0,8190,4,31.98,62.59,1005.77,42.5,1,LOW
2026-09-13T14:27:35.468+08:00,RUN_20260913_121444,163,8065439,SESSION_006,0,0,8190,4,31.98,62.49,1005.77,42.5,1,LOW
2026-09-13T14:27:36.471+08:00,RUN_20260913_121444,164,8066442,SESSION_006,0,0,8190,4,31.98,62.48,1005.77,42.5,1,LOW
2026-09-13T14:27:37.474+08:00,RUN_20260913_121444,165,8067445,SESSION_006,0,0,8190,4,31.98,62.59,1005.77,42.5,1,LOW
2026-09-13T14:27:38.477+08:00,RUN_20260913_121444,166,8068448,SESSION_006,1,0,8190,4,31.98,62.6,1005.77,42.5,1,LOW
2026-09-13T14:27:39.480+08:00,RUN_20260913_121444,167,8069451,SESSION_006,0,0,8190,4,31.98,62.54,1005.77,42.5,1,LOW
2026-09-13T14:27:40.483+08:00,RUN_20260913_121444,168,8070454,SESSION_006,0,0,8190,4,31.98,62.47,1005.77,42.5,1,LOW
2026-09-13T14:27:41.668+08:00,RUN_20260913_121444,169,8071639,SESSION_006,1,0,8190,4,31.98,62.5,1005.76,42.5,1,LOW
2026-09-13T14:27:42.491+08:00,RUN_20260913_121444,170,8072462,SESSION_006,1,0,8190,4,31.98,62.52,1005.76,42.5,1,LOW
2026-09-13T14:27:43.494+08:00,RUN_20260913_121444,171,8073465,SESSION_006,0,0,8190,4,31.98,62.59,1005.76,42.5,1,LOW
2026-09-13T14:27:44.497+08:00,RUN_20260913_121444,172,8074468,SESSION_006,0,0,8190,4,31.98,62.56,1005.76,42.5,1,LOW
2026-09-13T14:27:45.682+08:00,RUN_20260913_121444,173,8075653,SESSION_006,0,0,8190,4,31.98,62.56,1005.76,42.5,1,LOW
2026-09-13T14:27:46.505+08:00,RUN_20260913_121444,174,8076476,SESSION_006,0,0,8190,4,31.98,62.58,1005.76,42.5,1,LOW
2026-09-13T14:27:47.508+08:00,RUN_20260913_121444,175,8077479,SESSION_006,0,0,8190,4,31.98,62.59,1005.76,42.5,1,LOW
2026-09-13T14:27:48.511+08:00,RUN_20260913_121444,176,8078482,SESSION_006,0,0,8190,4,31.98,62.56,1005.76,42.5,1,LOW
2026-09-13T14:27:49.514+08:00,RUN_20260913_121444,177,8079485,SESSION_006,0,0,8190,4,31.98,62.58,1005.76,42.5,1,LOW
2026-09-13T14:27:50.699+08:00,RUN_20260913_121444,178,8080670,SESSION_006,0,0,8190,4,31.98,62.55,1005.76,42.5,1,LOW
2026-09-13T14:27:51.522+08:00,RUN_20260913_121444,179,8081493,SESSION_006,1,0,8190,4,31.98,62.43,1005.76,42.5,1,LOW
2026-09-13T14:27:52.707+08:00,RUN_20260913_121444,180,8082678,SESSION_006,0,0,8190,4,31.98,62.52,1005.76,42.5,1,LOW
2026-09-13T14:27:53.530+08:00,RUN_20260913_121444,181,8083501,SESSION_006,0,0,8190,4,31.98,62.52,1005.76,42.5,1,LOW
2026-09-13T14:27:54.715+08:00,RUN_20260913_121444,182,8084686,SESSION_006,1,0,8190,4,31.98,62.52,1005.77,42.5,1,LOW
2026-09-13T14:27:55.538+08:00,RUN_20260913_121444,183,8085509,SESSION_006,0,0,8190,4,31.98,62.5,1005.77,42.5,1,LOW
2026-09-13T14:27:56.723+08:00,RUN_20260913_121444,184,8086694,SESSION_006,0,0,8190,4,31.98,62.45,1005.77,42.5,1,LOW
2026-09-13T14:27:57.728+08:00,RUN_20260913_121444,185,8087699,SESSION_006,1,0,8190,4,31.98,62.53,1005.78,42.5,1,LOW
2026-09-13T14:27:58.733+08:00,RUN_20260913_121444,186,8088704,SESSION_006,0,0,8190,4,31.98,62.45,1005.78,42.5,1,LOW
2026-09-13T14:27:59.556+08:00,RUN_20260913_121444,187,8089527,SESSION_006,0,0,8190,4,31.98,62.45,1005.78,42.5,1,LOW
2026-09-13T14:28:00.559+08:00,RUN_20260913_121444,188,8090530,SESSION_006,0,0,8190,4,31.98,62.49,1005.78,42.5,1,LOW
2026-09-13T14:28:01.562+08:00,RUN_20260913_121444,189,8091533,SESSION_006,0,0,8190,4,31.98,62.52,1005.78,42.5,1,LOW
2026-09-13T14:28:02.565+08:00,RUN_20260913_121444,190,8092536,SESSION_006,1,0,8190,4,31.98,62.41,1005.77,42.5,1,LOW
2026-09-13T14:28:03.568+08:00,RUN_20260913_121444,191,8093539,SESSION_006,0,0,8190,4,31.98,62.46,1005.77,42.5,1,LOW
2026-09-13T14:28:04.571+08:00,RUN_20260913_121444,192,8094542,SESSION_006,0,0,8190,4,31.98,62.54,1005.76,42.5,1,LOW
2026-09-13T14:28:05.756+08:00,RUN_20260913_121444,193,8095727,SESSION_006,0,0,8190,4,31.98,62.48,1005.76,42.5,1,LOW
2026-09-13T14:28:06.761+08:00,RUN_20260913_121444,194,8096732,SESSION_006,1,0,8190,4,31.98,62.47,1005.76,42.5,1,LOW
2026-09-13T14:28:07.584+08:00,RUN_20260913_121444,195,8097555,SESSION_006,1,0,8190,4,31.98,62.46,1005.76,42.5,1,LOW
2026-09-13T14:28:08.587+08:00,RUN_20260913_121444,196,8098558,SESSION_006,0,0,8190,4,31.98,62.54,1005.76,42.5,1,LOW
2026-09-13T14:28:09.772+08:00,RUN_20260913_121444,197,8099743,SESSION_006,0,0,8190,4,31.98,62.48,1005.76,42.5,1,LOW
2026-09-13T14:28:10.595+08:00,RUN_20260913_121444,198,8100566,SESSION_006,0,0,8190,4,31.98,62.46,1005.76,42.5,1,LOW
2026-09-13T14:28:11.598+08:00,RUN_20260913_121444,199,8101569,SESSION_006,1,0,8190,4,31.98,62.58,1005.76,42.5,1,LOW
2026-09-13T14:28:12.601+08:00,RUN_20260913_121444,200,8102572,SESSION_006,1,0,8190,4,31.98,62.49,1005.76,42.5,1,LOW
2026-09-13T14:28:13.604+08:00,RUN_20260913_121444,201,8103575,SESSION_006,0,0,8190,4,31.98,62.56,1005.76,42.5,1,LOW
2026-09-13T14:28:14.789+08:00,RUN_20260913_121444,202,8104760,SESSION_006,0,0,8190,4,31.98,62.52,1005.76,42.5,1,LOW
2026-09-13T14:28:15.612+08:00,RUN_20260913_121444,203,8105583,SESSION_006,1,0,8190,4,31.98,62.47,1005.76,42.5,1,LOW
2026-09-13T14:28:16.615+08:00,RUN_20260913_121444,204,8106586,SESSION_006,0,0,8190,4,31.98,62.49,1005.77,42.5,1,LOW
2026-09-13T14:28:17.618+08:00,RUN_20260913_121444,205,8107589,SESSION_006,0,0,8190,4,31.98,62.56,1005.77,42.5,1,LOW
2026-09-13T14:28:18.621+08:00,RUN_20260913_121444,206,8108592,SESSION_006,0,0,8190,4,31.98,62.48,1005.77,42.5,1,LOW
2026-09-13T14:28:19.624+08:00,RUN_20260913_121444,207,8109595,SESSION_006,1,0,8190,4,31.98,62.54,1005.77,42.5,1,LOW
2026-09-13T14:28:20.809+08:00,RUN_20260913_121444,208,8110780,SESSION_006,0,0,8190,4,31.98,62.53,1005.77,42.5,1,LOW
2026-09-13T14:28:21.632+08:00,RUN_20260913_121444,209,8111603,SESSION_006,0,0,8190,4,31.98,62.55,1005.77,42.5,1,LOW
2026-09-13T14:28:22.635+08:00,RUN_20260913_121444,210,8112606,SESSION_006,0,0,8190,4,31.98,62.54,1005.77,42.5,1,LOW
2026-09-13T14:28:23.820+08:00,RUN_20260913_121444,211,8113791,SESSION_006,1,0,8190,4,31.98,62.56,1005.77,42.5,1,LOW
2026-09-13T14:28:24.643+08:00,RUN_20260913_121444,212,8114614,SESSION_006,0,0,8190,4,31.98,62.45,1005.77,42.5,1,LOW
2026-09-13T14:28:25.646+08:00,RUN_20260913_121444,213,8115617,SESSION_006,0,0,8190,4,31.98,62.55,1005.78,42.5,1,LOW
2026-09-13T14:28:26.649+08:00,RUN_20260913_121444,214,8116620,SESSION_006,1,0,8190,4,31.98,62.47,1005.78,42.5,1,LOW
2026-09-13T14:28:27.834+08:00,RUN_20260913_121444,215,8117805,SESSION_006,1,0,8190,4,31.98,62.45,1005.77,42.5,1,LOW
2026-09-13T14:28:28.657+08:00,RUN_20260913_121444,216,8118628,SESSION_006,0,0,8190,4,31.98,62.46,1005.77,42.5,1,LOW
2026-09-13T14:28:29.842+08:00,RUN_20260913_121444,217,8119813,SESSION_006,0,0,8190,4,31.98,62.42,1005.77,42.5,1,LOW
2026-09-13T14:28:30.665+08:00,RUN_20260913_121444,218,8120636,SESSION_006,1,0,8190,4,31.98,62.49,1005.77,42.5,1,LOW
2026-09-13T14:28:31.668+08:00,RUN_20260913_121444,219,8121639,SESSION_006,0,0,8190,4,31.98,62.47,1005.77,42.5,1,LOW
2026-09-13T14:28:32.671+08:00,RUN_20260913_121444,220,8122642,SESSION_006,0,0,8190,4,31.98,62.38,1005.77,42.5,1,LOW
2026-09-13T14:28:33.674+08:00,RUN_20260913_121444,221,8123645,SESSION_006,1,0,8190,4,31.98,62.4,1005.77,42.5,1,LOW
2026-09-13T14:28:34.677+08:00,RUN_20260913_121444,222,8124648,SESSION_006,1,0,8190,4,31.98,62.41,1005.77,42.5,1,LOW
2026-09-13T14:28:35.680+08:00,RUN_20260913_121444,223,8125651,SESSION_006,0,0,8190,4,31.98,62.5,1005.77,42.5,1,LOW
2026-09-13T14:28:36.683+08:00,RUN_20260913_121444,224,8126654,SESSION_006,1,0,8190,4,31.98,62.41,1005.77,42.5,1,LOW
2026-09-13T14:28:37.686+08:00,RUN_20260913_121444,225,8127657,SESSION_006,1,0,8190,4,31.98,62.43,1005.77,42.5,1,LOW
2026-09-13T14:28:38.871+08:00,RUN_20260913_121444,226,8128842,SESSION_006,0,0,8190,4,31.98,62.42,1005.77,42.5,1,LOW
2026-09-13T14:28:39.694+08:00,RUN_20260913_121444,227,8129665,SESSION_006,0,0,8190,4,31.98,62.53,1005.77,42.5,1,LOW
2026-09-13T14:28:40.697+08:00,RUN_20260913_121444,228,8130668,SESSION_006,1,0,8190,4,31.98,62.5,1005.77,42.5,1,LOW
2026-09-13T14:28:41.700+08:00,RUN_20260913_121444,229,8131671,SESSION_006,0,0,8190,4,31.98,62.54,1005.77,42.5,1,LOW
2026-09-13T14:28:42.703+08:00,RUN_20260913_121444,230,8132674,SESSION_006,0,0,8190,4,31.98,62.46,1005.77,42.5,1,LOW
2026-09-13T14:28:43.706+08:00,RUN_20260913_121444,231,8133677,SESSION_006,1,0,8190,4,31.98,62.54,1005.77,42.5,1,LOW
2026-09-13T14:28:44.709+08:00,RUN_20260913_121444,232,8134680,SESSION_006,0,0,8190,4,31.98,62.45,1005.77,42.5,1,LOW
2026-09-13T14:28:45.712+08:00,RUN_20260913_121444,233,8135683,SESSION_006,0,0,8190,4,31.98,62.47,1005.77,42.5,1,LOW
2026-09-13T14:28:46.897+08:00,RUN_20260913_121444,234,8136868,SESSION_006,0,0,8190,4,31.98,62.48,1005.76,42.5,1,LOW
2026-09-13T14:28:47.902+08:00,RUN_20260913_121444,235,8137873,SESSION_006,1,0,8190,4,31.98,62.56,1005.76,42.5,1,LOW
2026-09-13T14:28:48.725+08:00,RUN_20260913_121444,236,8138696,SESSION_006,0,0,8190,4,31.98,62.48,1005.76,42.5,1,LOW
2026-09-13T14:28:49.910+08:00,RUN_20260913_121444,237,8139881,SESSION_006,0,0,8190,4,31.98,62.46,1005.76,42.5,1,LOW
2026-09-13T14:28:50.733+08:00,RUN_20260913_121444,238,8140704,SESSION_006,1,0,8190,4,31.98,62.48,1005.76,42.5,1,LOW
2026-09-13T14:28:51.918+08:00,RUN_20260913_121444,239,8141889,SESSION_006,0,0,8190,4,31.98,62.54,1005.76,42.5,1,LOW
2026-09-13T14:28:52.923+08:00,RUN_20260913_121444,240,8142894,SESSION_006,0,0,8190,4,31.98,62.54,1005.76,42.5,1,LOW
2026-09-13T14:28:53.746+08:00,RUN_20260913_121444,241,8143717,SESSION_006,1,0,8190,4,31.98,62.54,1005.76,42.5,1,LOW
2026-09-13T14:28:54.931+08:00,RUN_20260913_121444,242,8144902,SESSION_006,1,0,8190,4,31.98,62.54,1005.76,41.7,1,LOW
2026-09-13T14:28:55.754+08:00,RUN_20260913_121444,243,8145725,SESSION_006,1,0,8190,4,31.98,62.46,1005.75,42.5,1,LOW
2026-09-13T14:28:56.939+08:00,RUN_20260913_121444,244,8146910,SESSION_006,0,0,582,0,31.98,62.43,1005.76,41.7,1,LOW
2026-09-13T14:28:57.944+08:00,RUN_20260913_121444,245,8147915,SESSION_006,1,1,8190,4,31.98,62.45,1005.75,41.7,1,LOW
2026-09-13T14:28:58.767+08:00,RUN_20260913_121444,246,8148738,SESSION_006,0,1,8190,4,31.98,62.47,1005.75,41.7,1,LOW
2026-09-13T14:28:59.952+08:00,RUN_20260913_121444,247,8149923,SESSION_006,0,1,8190,4,31.98,62.46,1005.75,41.7,1,LOW
2026-09-13T14:29:00.775+08:00,RUN_20260913_121444,248,8150746,SESSION_006,0,0,8190,4,31.98,62.46,1005.75,41.7,1,LOW
2026-09-13T14:29:01.778+08:00,RUN_20260913_121444,249,8151749,SESSION_006,0,0,8190,4,31.98,62.52,1005.75,41.7,1,LOW
2026-09-13T14:29:02.781+08:00,RUN_20260913_121444,250,8152752,SESSION_006,0,0,8190,4,31.98,62.52,1005.74,41.7,1,LOW
2026-09-13T14:29:03.784+08:00,RUN_20260913_121444,251,8153755,SESSION_006,0,1,8190,4,31.98,62.53,1005.74,41.7,1,LOW
2026-09-13T14:29:04.787+08:00,RUN_20260913_121444,252,8154758,SESSION_006,0,1,8190,4,31.98,62.45,1005.74,41.7,1,LOW
2026-09-13T14:29:05.972+08:00,RUN_20260913_121444,253,8155943,SESSION_006,0,0,558,0,31.98,62.46,1005.74,41.7,1,LOW
2026-09-13T14:29:06.977+08:00,RUN_20260913_121444,254,8156948,SESSION_006,0,0,665,0,31.98,62.52,1005.74,41.7,1,LOW
2026-09-13T14:29:07.982+08:00,RUN_20260913_121444,255,8157953,SESSION_006,1,0,8190,4,31.98,62.41,1005.74,41.7,1,LOW
2026-09-13T14:29:08.805+08:00,RUN_20260913_121444,256,8158776,SESSION_006,1,1,8190,4,31.98,62.52,1005.74,41.7,1,LOW
2026-09-13T14:29:09.808+08:00,RUN_20260913_121444,257,8159779,SESSION_006,1,1,8190,4,31.98,62.45,1005.74,41.7,1,LOW
2026-09-13T14:29:10.811+08:00,RUN_20260913_121444,258,8160782,SESSION_006,0,0,8190,4,31.98,62.47,1005.74,41.7,1,LOW
2026-09-13T14:29:11.814+08:00,RUN_20260913_121444,259,8161785,SESSION_006,0,0,8190,4,31.98,62.55,1005.74,41.7,1,LOW
2026-09-13T14:29:12.817+08:00,RUN_20260913_121444,260,8162788,SESSION_006,1,0,8190,4,31.98,62.46,1005.74,41.7,1,LOW
2026-09-13T14:29:14.002+08:00,RUN_20260913_121444,261,8163973,SESSION_006,0,0,8190,4,31.99,62.49,1005.75,41.7,1,LOW
2026-09-13T14:29:14.825+08:00,RUN_20260913_121444,262,8164796,SESSION_006,0,0,8190,4,31.98,62.54,1005.74,42.5,1,LOW
2026-09-13T14:29:16.010+08:00,RUN_20260913_121444,263,8165981,SESSION_006,0,0,8190,4,31.99,62.43,1005.74,41.7,1,LOW
2026-09-13T14:29:16.833+08:00,RUN_20260913_121444,264,8166804,SESSION_006,1,0,8190,4,31.99,62.46,1005.74,42.5,1,LOW
2026-09-13T14:29:18.018+08:00,RUN_20260913_121444,265,8167989,SESSION_006,0,0,8190,4,31.99,62.49,1005.74,41.7,1,LOW
2026-09-13T14:29:19.023+08:00,RUN_20260913_121444,266,8168994,SESSION_006,0,0,8190,4,31.99,62.49,1005.74,41.7,1,LOW
2026-09-13T14:29:20.028+08:00,RUN_20260913_121444,267,8169999,SESSION_006,0,0,8190,4,31.99,62.41,1005.74,41.7,1,LOW
2026-09-13T14:29:20.851+08:00,RUN_20260913_121444,268,8170822,SESSION_006,1,0,8190,4,31.99,62.42,1005.74,42.5,1,LOW
2026-09-13T14:29:22.036+08:00,RUN_20260913_121444,269,8172007,SESSION_006,1,0,8190,4,31.99,62.42,1005.74,41.7,1,LOW
2026-09-13T14:29:22.859+08:00,RUN_20260913_121444,270,8172830,SESSION_006,0,0,8190,4,31.99,62.52,1005.74,42.5,1,LOW
2026-09-13T14:29:23.862+08:00,RUN_20260913_121444,271,8173833,SESSION_006,0,0,8190,4,31.99,62.52,1005.73,42.5,1,LOW
2026-09-13T14:29:24.865+08:00,RUN_20260913_121444,272,8174836,SESSION_006,1,0,8190,4,31.99,62.45,1005.73,42.5,1,LOW
2026-09-13T14:29:26.050+08:00,RUN_20260913_121444,273,8176021,SESSION_006,0,0,8190,4,31.99,62.42,1005.73,41.7,1,LOW
2026-09-13T14:29:26.873+08:00,RUN_20260913_121444,274,8176844,SESSION_006,0,0,8190,4,31.99,62.45,1005.73,41.7,1,LOW
2026-09-13T14:29:27.876+08:00,RUN_20260913_121444,275,8177847,SESSION_006,0,0,8190,4,31.99,62.42,1005.73,41.7,1,LOW
2026-09-13T14:29:28.879+08:00,RUN_20260913_121444,276,8178850,SESSION_006,1,0,8190,4,31.99,62.45,1005.72,42.5,1,LOW
2026-09-13T14:29:29.882+08:00,RUN_20260913_121444,277,8179853,SESSION_006,0,0,8190,4,31.99,62.54,1005.72,42.5,1,LOW
2026-09-13T14:29:31.067+08:00,RUN_20260913_121444,278,8181038,SESSION_006,0,0,8190,4,31.99,62.55,1005.72,41.7,1,LOW
2026-09-13T14:29:31.890+08:00,RUN_20260913_121444,279,8181861,SESSION_006,0,0,8190,4,31.99,62.47,1005.72,42.5,1,LOW
2026-09-13T14:29:33.075+08:00,RUN_20260913_121444,280,8183046,SESSION_006,0,0,8190,4,31.99,62.55,1005.72,41.7,1,LOW
2026-09-13T14:29:34.080+08:00,RUN_20260913_121444,281,8184051,SESSION_006,0,0,434,0,31.99,62.51,1005.72,41.7,1,LOW
2026-09-13T14:29:35.085+08:00,RUN_20260913_121444,282,8185056,SESSION_006,1,1,8190,4,31.99,62.53,1005.72,41.7,1,LOW
2026-09-13T14:29:35.908+08:00,RUN_20260913_121444,283,8185879,SESSION_006,0,1,8190,4,31.99,62.54,1005.72,41.7,1,LOW
2026-09-13T14:29:36.911+08:00,RUN_20260913_121444,284,8186882,SESSION_006,0,1,8190,4,31.99,62.57,1005.72,41.7,1,LOW
2026-09-13T14:29:37.914+08:00,RUN_20260913_121444,285,8187885,SESSION_006,0,0,8190,4,31.99,62.57,1005.72,41.7,1,LOW
2026-09-13T14:29:38.917+08:00,RUN_20260913_121444,286,8188888,SESSION_006,0,0,8190,4,31.99,62.6,1005.72,40.8,1,LOW
2026-09-13T14:29:39.920+08:00,RUN_20260913_121444,287,8189891,SESSION_006,0,1,8190,4,31.99,62.66,1005.72,41.7,1,LOW
2026-09-13T14:29:40.923+08:00,RUN_20260913_121444,288,8190894,SESSION_006,0,0,8190,4,31.99,62.59,1005.72,40.8,1,LOW
2026-09-13T14:29:41.926+08:00,RUN_20260913_121444,289,8191897,SESSION_006,0,0,8190,4,31.99,62.66,1005.72,41.7,1,LOW
2026-09-13T14:29:43.111+08:00,RUN_20260913_121444,290,8193082,SESSION_006,0,1,8190,4,31.99,62.66,1005.72,40.8,1,LOW
2026-09-13T14:29:44.116+08:00,RUN_20260913_121444,291,8194087,SESSION_006,0,1,8190,4,31.99,62.64,1005.72,41.7,1,LOW
2026-09-13T14:29:44.939+08:00,RUN_20260913_121444,292,8194910,SESSION_006,0,0,8190,4,31.99,62.55,1005.72,41.7,1,LOW
2026-09-13T14:29:45.942+08:00,RUN_20260913_121444,293,8195913,SESSION_006,0,0,8190,4,31.99,62.52,1005.72,41.7,1,LOW
2026-09-13T14:29:47.127+08:00,RUN_20260913_121444,294,8197098,SESSION_006,0,0,8190,4,31.99,62.52,1005.72,41.7,1,LOW
2026-09-13T14:29:48.132+08:00,RUN_20260913_121444,295,8198103,SESSION_006,0,1,8190,4,31.99,62.52,1005.72,41.7,1,LOW
2026-09-13T14:29:49.137+08:00,RUN_20260913_121444,296,8199108,SESSION_006,0,1,8190,4,31.99,62.51,1005.72,41.7,1,LOW
2026-09-13T14:29:49.960+08:00,RUN_20260913_121444,297,8199931,SESSION_006,0,0,8190,4,31.99,62.49,1005.72,42.5,1,LOW
2026-09-13T14:29:50.963+08:00,RUN_20260913_121444,298,8200934,SESSION_006,0,0,8190,4,31.99,62.58,1005.72,42.5,1,LOW
2026-09-13T14:29:52.148+08:00,RUN_20260913_121444,299,8202119,SESSION_006,0,0,8190,4,31.99,62.6,1005.73,41.7,1,LOW
2026-09-13T14:29:52.971+08:00,RUN_20260913_121444,300,8202942,SESSION_006,0,0,8190,4,31.99,62.52,1005.73,42.5,1,LOW
2026-09-13T14:29:54.156+08:00,RUN_20260913_121444,301,8204127,SESSION_006,0,1,8190,4,31.99,62.53,1005.73,41.7,1,LOW
2026-09-13T14:29:54.979+08:00,RUN_20260913_121444,302,8204950,SESSION_006,0,0,8190,4,31.99,62.64,1005.73,41.7,1,LOW
2026-09-13T14:29:55.982+08:00,RUN_20260913_121444,303,8205953,SESSION_006,0,0,8190,4,31.99,62.58,1005.73,41.7,1,LOW
2026-09-13T14:29:56.985+08:00,RUN_20260913_121444,304,8206956,SESSION_006,0,1,8190,4,31.99,62.69,1005.73,41.7,1,LOW
2026-09-13T14:29:57.988+08:00,RUN_20260913_121444,305,8207959,SESSION_006,0,0,8190,4,31.99,62.62,1005.74,41.7,1,LOW
2026-09-13T14:29:59.173+08:00,RUN_20260913_121444,306,8209144,SESSION_006,0,0,8190,4,31.99,62.6,1005.74,40,1,LOW
2026-09-13T14:29:59.996+08:00,RUN_20260913_121444,307,8209967,SESSION_006,0,0,8190,4,31.99,62.59,1005.75,40,1,LOW
2026-09-13T14:30:01.181+08:00,RUN_20260913_121444,308,8211152,SESSION_006,0,1,8190,4,31.99,62.7,1005.75,40.8,1,LOW
2026-09-13T14:30:02.004+08:00,RUN_20260913_121444,309,8211975,SESSION_006,0,1,8190,4,31.99,62.6,1005.75,41.7,1,LOW
2026-09-13T14:30:03.007+08:00,RUN_20260913_121444,310,8212978,SESSION_006,0,1,8190,4,31.99,62.65,1005.75,41.7,1,LOW
2026-09-13T14:30:04.192+08:00,RUN_20260913_121444,311,8214163,SESSION_006,0,0,8190,4,31.99,62.61,1005.75,41.7,1,LOW
2026-09-13T14:30:05.197+08:00,RUN_20260913_121444,312,8215168,SESSION_006,0,0,591,0,31.99,62.67,1005.75,41.7,1,LOW
2026-09-13T14:30:06.202+08:00,RUN_20260913_121444,313,8216173,SESSION_006,0,0,556,0,32,62.69,1005.75,42.5,1,LOW
2026-09-13T14:30:07.207+08:00,RUN_20260913_121444,314,8217178,SESSION_006,0,0,8190,4,32,62.6,1005.75,42.5,1,LOW
2026-09-13T14:30:08.212+08:00,RUN_20260913_121444,315,8218183,SESSION_006,0,1,514,0,32,62.61,1005.75,42.5,1,LOW
2026-09-13T14:30:09.217+08:00,RUN_20260913_121444,316,8219188,SESSION_006,0,1,536,0,32,62.61,1005.75,42.5,1,LOW
2026-09-13T14:30:10.222+08:00,RUN_20260913_121444,317,8220193,SESSION_006,0,0,483,0,32,62.59,1005.75,42.5,1,LOW
2026-09-13T14:30:11.227+08:00,RUN_20260913_121444,318,8221198,SESSION_006,0,0,636,0,32,62.7,1005.75,42.5,1,LOW
2026-09-13T14:30:12.232+08:00,RUN_20260913_121444,319,8222203,SESSION_006,0,0,461,0,32,62.61,1005.75,41.7,1,LOW
2026-09-13T14:30:13.237+08:00,RUN_20260913_121444,320,8223208,SESSION_006,0,1,8190,4,32,62.67,1005.75,42.5,1,LOW
2026-09-13T14:30:14.060+08:00,RUN_20260913_121444,321,8224031,SESSION_006,1,1,8190,4,32,62.6,1005.75,42.5,1,LOW
2026-09-13T14:30:15.245+08:00,RUN_20260913_121444,322,8225216,SESSION_006,0,0,8190,4,32,62.6,1005.75,42.5,1,LOW
2026-09-13T14:30:16.068+08:00,RUN_20260913_121444,323,8226039,SESSION_006,0,0,8190,4,32,62.63,1005.75,42.5,1,LOW
2026-09-13T14:30:17.253+08:00,RUN_20260913_121444,324,8227224,SESSION_006,1,0,8190,4,32,62.63,1005.75,42.5,1,LOW
2026-09-13T14:30:18.258+08:00,RUN_20260913_121444,325,8228229,SESSION_006,1,0,8190,4,32,62.71,1005.75,42.5,1,LOW
2026-09-13T14:30:19.263+08:00,RUN_20260913_121444,326,8229234,SESSION_006,0,0,8190,4,32,62.6,1005.74,42.5,1,LOW
2026-09-13T14:30:20.086+08:00,RUN_20260913_121444,327,8230057,SESSION_006,0,0,8190,4,32,62.57,1005.74,42.5,1,LOW
2026-09-13T14:30:21.089+08:00,RUN_20260913_121444,328,8231060,SESSION_006,0,0,8190,4,32,62.59,1005.74,42.5,1,LOW
2026-09-13T14:30:22.274+08:00,RUN_20260913_121444,329,8232245,SESSION_006,1,0,8190,4,32,62.6,1005.74,41.7,1,LOW
2026-09-13T14:30:23.279+08:00,RUN_20260913_121444,330,8233250,SESSION_006,0,0,8190,4,32,62.56,1005.74,42.5,1,LOW
2026-09-13T14:30:24.284+08:00,RUN_20260913_121444,331,8234255,SESSION_006,0,0,438,0,32,62.68,1005.74,42.5,1,LOW
2026-09-13T14:30:25.289+08:00,RUN_20260913_121444,332,8235260,SESSION_006,1,0,498,0,32,62.77,1005.74,42.5,1,LOW
2026-09-13T14:30:26.112+08:00,RUN_20260913_121444,333,8236083,SESSION_006,0,1,8190,4,32,62.85,1005.74,42.5,1,LOW
2026-09-13T14:30:27.115+08:00,RUN_20260913_121444,334,8237086,SESSION_006,0,1,8190,4,32.01,62.74,1005.74,42.5,1,LOW
2026-09-13T14:30:28.118+08:00,RUN_20260913_121444,335,8238089,SESSION_006,0,0,8190,4,32.01,62.72,1005.74,40.8,1,LOW
2026-09-13T14:30:29.121+08:00,RUN_20260913_121444,336,8239092,SESSION_006,0,0,8190,4,32.01,62.74,1005.74,40.8,1,LOW
2026-09-13T14:30:30.306+08:00,RUN_20260913_121444,337,8240277,SESSION_006,0,1,8190,4,32.01,62.69,1005.74,41.7,1,LOW
2026-09-13T14:30:31.129+08:00,RUN_20260913_121444,338,8241100,SESSION_006,0,0,8190,4,32.01,62.7,1005.74,41.7,1,LOW
2026-09-13T14:30:32.132+08:00,RUN_20260913_121444,339,8242103,SESSION_006,0,0,8190,4,32.01,62.68,1005.74,41.7,1,LOW
2026-09-13T14:30:33.135+08:00,RUN_20260913_121444,340,8243106,SESSION_006,0,1,8190,4,32.01,62.69,1005.74,41.7,1,LOW
2026-09-13T14:30:34.138+08:00,RUN_20260913_121444,341,8244109,SESSION_006,0,0,8190,4,32.01,62.76,1005.74,41.7,1,LOW
2026-09-13T14:30:35.141+08:00,RUN_20260913_121444,342,8245112,SESSION_006,0,0,8190,4,32.01,62.68,1005.74,41.7,1,LOW
2026-09-13T14:30:36.144+08:00,RUN_20260913_121444,343,8246115,SESSION_006,0,0,8190,4,32.01,62.66,1005.73,41.7,1,LOW
2026-09-13T14:30:37.147+08:00,RUN_20260913_121444,344,8247118,SESSION_006,0,0,8190,4,32.01,62.62,1005.74,41.7,1,LOW
2026-09-13T14:30:38.332+08:00,RUN_20260913_121444,345,8248303,SESSION_006,0,0,8190,4,32.01,62.66,1005.74,41.7,1,LOW
2026-09-13T14:30:39.155+08:00,RUN_20260913_121444,346,8249126,SESSION_006,0,0,8190,4,32.01,62.59,1005.74,41.7,1,LOW
2026-09-13T14:30:40.158+08:00,RUN_20260913_121444,347,8250129,SESSION_006,0,0,8190,4,32.01,62.7,1005.74,41.7,1,LOW
2026-09-13T14:30:41.161+08:00,RUN_20260913_121444,348,8251132,SESSION_006,0,0,8190,4,32.01,62.58,1005.74,41.7,1,LOW
2026-09-13T14:30:42.346+08:00,RUN_20260913_121444,349,8252317,SESSION_006,0,1,8190,4,32.01,62.6,1005.73,41.7,1,LOW
2026-09-13T14:30:43.169+08:00,RUN_20260913_121444,350,8253140,SESSION_006,0,1,8190,4,32.01,62.65,1005.73,42.5,1,LOW
2026-09-13T14:30:44.354+08:00,RUN_20260913_121444,351,8254325,SESSION_006,0,1,676,0,32.01,62.63,1005.73,42.5,1,LOW
2026-09-13T14:30:45.359+08:00,RUN_20260913_121444,352,8255330,SESSION_006,0,0,409,0,32.01,62.6,1005.73,42.5,1,LOW
2026-09-13T14:30:46.364+08:00,RUN_20260913_121444,353,8256335,SESSION_006,1,0,8190,4,32.01,62.63,1005.73,42.5,1,LOW
2026-09-13T14:30:47.187+08:00,RUN_20260913_121444,354,8257158,SESSION_006,0,1,8190,4,32.01,62.75,1005.73,42.5,1,LOW
2026-09-13T14:30:48.190+08:00,RUN_20260913_121444,355,8258161,SESSION_006,0,1,8190,4,32.01,62.69,1005.73,42.5,1,LOW
2026-09-13T14:30:49.375+08:00,RUN_20260913_121444,356,8259346,SESSION_006,1,0,8190,4,32.01,62.68,1005.72,42.5,1,LOW
2026-09-13T14:30:50.198+08:00,RUN_20260913_121444,357,8260169,SESSION_006,1,0,8190,4,32.01,62.68,1005.73,42.5,1,LOW
2026-09-13T14:30:51.383+08:00,RUN_20260913_121444,358,8261354,SESSION_006,0,0,618,0,32.01,62.65,1005.73,42.5,1,LOW
2026-09-13T14:30:52.388+08:00,RUN_20260913_121444,359,8262359,SESSION_006,0,1,376,0,32.01,62.7,1005.73,42.5,1,LOW
2026-09-13T14:30:53.393+08:00,RUN_20260913_121444,360,8263364,SESSION_006,0,0,8190,4,32.01,62.57,1005.73,42.5,1,LOW
2026-09-13T14:30:54.216+08:00,RUN_20260913_121444,361,8264187,SESSION_006,0,0,8190,4,32.01,62.58,1005.72,42.5,1,LOW
2026-09-13T14:30:55.401+08:00,RUN_20260913_121444,362,8265372,SESSION_006,0,1,8190,4,32.01,62.6,1005.72,41.7,1,LOW
2026-09-13T14:30:56.224+08:00,RUN_20260913_121444,363,8266195,SESSION_006,0,1,8190,4,32.01,62.7,1005.72,41.7,1,LOW
2026-09-13T14:30:57.227+08:00,RUN_20260913_121444,364,8267198,SESSION_006,0,1,8190,4,32.01,62.6,1005.72,41.7,1,LOW
2026-09-13T14:30:58.412+08:00,RUN_20260913_121444,365,8268383,SESSION_006,0,0,8190,4,32.01,62.63,1005.72,41.7,1,LOW
2026-09-13T14:30:59.235+08:00,RUN_20260913_121444,366,8269206,SESSION_006,0,0,8190,4,32.01,62.62,1005.72,41.7,1,LOW
2026-09-13T14:31:00.238+08:00,RUN_20260913_121444,367,8270209,SESSION_006,0,0,8190,4,32.01,62.6,1005.73,42.5,1,LOW
2026-09-13T14:31:01.423+08:00,RUN_20260913_121444,368,8271394,SESSION_006,0,1,370,0,32.01,62.6,1005.73,42.5,1,LOW
2026-09-13T14:31:02.428+08:00,RUN_20260913_121444,369,8272399,SESSION_006,0,1,341,0,32.01,62.6,1005.73,42.5,1,LOW
2026-09-13T14:31:03.433+08:00,RUN_20260913_121444,370,8273404,SESSION_006,0,0,283,0,32.01,62.57,1005.73,42.5,1,LOW
2026-09-13T14:31:04.438+08:00,RUN_20260913_121444,371,8274409,SESSION_006,0,0,8190,4,32.01,62.66,1005.73,42.5,1,LOW
2026-09-13T14:31:05.261+08:00,RUN_20260913_121444,372,8275232,SESSION_006,1,1,8190,4,32.01,62.62,1005.73,42.5,1,LOW
2026-09-13T14:31:06.264+08:00,RUN_20260913_121444,373,8276235,SESSION_006,1,0,8190,4,32.01,62.74,1005.73,42.5,1,LOW
2026-09-13T14:31:07.267+08:00,RUN_20260913_121444,374,8277238,SESSION_006,0,0,8190,4,32.01,62.76,1005.73,42.5,1,LOW
2026-09-13T14:31:08.452+08:00,RUN_20260913_121444,375,8278423,SESSION_006,0,0,8190,4,32.02,62.78,1005.73,42.5,1,LOW
2026-09-13T14:31:09.275+08:00,RUN_20260913_121444,376,8279246,SESSION_006,1,0,8190,4,32.02,62.7,1005.73,42.5,1,LOW
2026-09-13T14:31:10.278+08:00,RUN_20260913_121444,377,8280249,SESSION_006,0,0,8190,4,32.02,62.76,1005.72,42.5,1,LOW
2026-09-13T14:31:11.281+08:00,RUN_20260913_121444,378,8281252,SESSION_006,0,0,8190,4,32.02,62.77,1005.72,42.5,1,LOW
2026-09-13T14:31:12.284+08:00,RUN_20260913_121444,379,8282255,SESSION_006,0,0,8190,4,32.02,62.75,1005.72,42.5,1,LOW
2026-09-13T14:31:13.287+08:00,RUN_20260913_121444,380,8283258,SESSION_006,1,0,8190,4,32.02,62.67,1005.72,42.5,1,LOW
2026-09-13T14:31:14.290+08:00,RUN_20260913_121444,381,8284261,SESSION_006,1,0,8190,4,32.02,62.65,1005.72,42.5,1,LOW
2026-09-13T14:31:15.475+08:00,RUN_20260913_121444,382,8285446,SESSION_006,0,0,8190,4,32.02,62.68,1005.72,42.5,1,LOW
2026-09-13T14:31:16.480+08:00,RUN_20260913_121444,383,8286451,SESSION_006,0,0,594,0,32.02,62.76,1005.72,42.5,1,LOW
2026-09-13T14:31:17.485+08:00,RUN_20260913_121444,384,8287456,SESSION_006,0,0,8190,4,32.02,62.74,1005.72,42.5,1,LOW
2026-09-13T14:31:18.308+08:00,RUN_20260913_121444,385,8288279,SESSION_006,0,1,8190,4,32.02,62.65,1005.72,42.5,1,LOW
2026-09-13T14:31:19.311+08:00,RUN_20260913_121444,386,8289282,SESSION_006,0,1,8190,4,32.02,62.71,1005.71,42.5,1,LOW
2026-09-13T14:31:20.314+08:00,RUN_20260913_121444,387,8290285,SESSION_006,0,0,8190,4,32.02,62.65,1005.71,42.5,1,LOW
2026-09-13T14:31:21.499+08:00,RUN_20260913_121444,388,8291470,SESSION_006,0,0,8190,4,32.02,62.73,1005.71,41.7,1,LOW
2026-09-13T14:31:22.322+08:00,RUN_20260913_121444,389,8292293,SESSION_006,0,0,8190,4,32.02,62.65,1005.71,41.7,1,LOW
2026-09-13T14:31:23.325+08:00,RUN_20260913_121444,390,8293296,SESSION_006,0,1,8190,4,32.02,62.63,1005.71,42.5,1,LOW
2026-09-13T14:31:24.510+08:00,RUN_20260913_121444,391,8294481,SESSION_006,0,0,8190,4,32.02,62.68,1005.7,41.7,1,LOW
2026-09-13T14:31:25.515+08:00,RUN_20260913_121444,392,8295486,SESSION_006,0,1,8190,4,32.02,62.75,1005.7,41.7,1,LOW
2026-09-13T14:31:26.520+08:00,RUN_20260913_121444,393,8296491,SESSION_006,0,1,8190,4,32.02,62.69,1005.69,42.5,1,LOW
2026-09-13T14:31:27.343+08:00,RUN_20260913_121444,394,8297314,SESSION_006,0,1,8190,4,32.02,62.76,1005.69,42.5,1,LOW
2026-09-13T14:31:28.346+08:00,RUN_20260913_121444,395,8298317,SESSION_006,0,1,8190,4,32.02,62.67,1005.7,42.5,1,LOW
2026-09-13T14:31:29.531+08:00,RUN_20260913_121444,396,8299502,SESSION_006,0,0,8190,4,32.02,62.64,1005.7,42.5,1,LOW
2026-09-13T14:31:30.536+08:00,RUN_20260913_121444,397,8300507,SESSION_006,0,0,8190,4,32.02,62.65,1005.7,42.5,1,LOW
2026-09-13T14:31:31.359+08:00,RUN_20260913_121444,398,8301330,SESSION_006,0,1,8190,4,32.02,62.75,1005.7,42.5,1,LOW
2026-09-13T14:31:32.544+08:00,RUN_20260913_121444,399,8302515,SESSION_006,0,1,8190,4,32.02,62.65,1005.7,42.5,1,LOW
2026-09-13T14:31:33.367+08:00,RUN_20260913_121444,400,8303338,SESSION_006,0,0,8190,4,32.02,62.75,1005.7,42.5,1,LOW
2026-09-13T14:31:34.370+08:00,RUN_20260913_121444,401,8304341,SESSION_006,0,0,8190,4,32.02,62.76,1005.7,42.5,1,LOW
2026-09-13T14:31:35.373+08:00,RUN_20260913_121444,402,8305344,SESSION_006,0,0,8190,4,32.03,62.65,1005.7,42.5,1,LOW
2026-09-13T14:31:36.376+08:00,RUN_20260913_121444,403,8306347,SESSION_006,0,0,8190,4,32.03,62.79,1005.7,42.5,1,LOW
2026-09-13T14:31:37.379+08:00,RUN_20260913_121444,404,8307350,SESSION_006,0,0,8190,4,32.03,62.68,1005.7,42.5,1,LOW
2026-09-13T14:31:38.382+08:00,RUN_20260913_121444,405,8308353,SESSION_006,0,0,8190,4,32.03,62.68,1005.7,42.5,1,LOW
2026-09-13T14:31:39.385+08:00,RUN_20260913_121444,406,8309356,SESSION_006,0,1,8190,4,32.03,62.67,1005.7,42.5,1,LOW
2026-09-13T14:31:40.388+08:00,RUN_20260913_121444,407,8310359,SESSION_006,0,1,8190,4,32.03,62.69,1005.7,42.5,1,LOW
2026-09-13T14:31:41.391+08:00,RUN_20260913_121444,408,8311362,SESSION_006,0,0,8190,4,32.03,62.79,1005.7,42.5,1,LOW
2026-09-13T14:31:42.576+08:00,RUN_20260913_121444,409,8312547,SESSION_006,0,0,8190,4,32.03,62.71,1005.7,42.5,1,LOW
2026-09-13T14:31:43.581+08:00,RUN_20260913_121444,410,8313552,SESSION_006,0,1,8190,4,32.03,62.7,1005.69,41.7,1,LOW
2026-09-13T14:31:44.404+08:00,RUN_20260913_121444,411,8314375,SESSION_006,0,1,8190,4,32.03,62.79,1005.69,42.5,1,LOW
2026-09-13T14:31:45.407+08:00,RUN_20260913_121444,412,8315378,SESSION_006,0,0,8190,4,32.03,62.78,1005.69,42.5,1,LOW
2026-09-13T14:31:46.592+08:00,RUN_20260913_121444,413,8316563,SESSION_006,0,0,8190,4,32.03,62.7,1005.69,42.5,1,LOW
2026-09-13T14:31:47.597+08:00,RUN_20260913_121444,414,8317568,SESSION_006,0,0,912,0,32.03,62.78,1005.69,42.5,1,LOW
2026-09-13T14:31:48.602+08:00,RUN_20260913_121444,415,8318573,SESSION_006,0,0,975,0,32.03,62.69,1005.69,42.5,1,LOW
2026-09-13T14:31:49.607+08:00,RUN_20260913_121444,416,8319578,SESSION_006,0,1,831,0,32.03,62.7,1005.69,42.5,1,LOW
2026-09-13T14:31:50.430+08:00,RUN_20260913_121444,417,8320401,SESSION_006,0,1,8190,4,32.03,62.71,1005.69,42.5,1,LOW
2026-09-13T14:31:51.615+08:00,RUN_20260913_121444,418,8321586,SESSION_006,0,0,8190,4,32.03,62.79,1005.69,42.5,1,LOW
2026-09-13T14:31:52.438+08:00,RUN_20260913_121444,419,8322409,SESSION_006,0,0,8190,4,32.03,62.82,1005.69,42.5,1,LOW
2026-09-13T14:31:53.441+08:00,RUN_20260913_121444,420,8323412,SESSION_006,0,1,8190,4,32.03,62.85,1005.69,42.5,1,LOW
2026-09-13T14:31:54.626+08:00,RUN_20260913_121444,421,8324597,SESSION_006,0,0,8190,4,32.03,62.89,1005.69,42.5,1,LOW
2026-09-13T14:31:55.449+08:00,RUN_20260913_121444,422,8325420,SESSION_006,0,0,8190,4,32.03,62.98,1005.69,42.5,1,LOW
2026-09-13T14:31:56.452+08:00,RUN_20260913_121444,423,8326423,SESSION_006,0,0,8190,4,32.03,62.99,1005.69,42.5,1,LOW
2026-09-13T14:31:57.455+08:00,RUN_20260913_121444,424,8327426,SESSION_006,0,1,8190,4,32.03,62.97,1005.7,42.5,1,LOW
2026-09-13T14:31:58.458+08:00,RUN_20260913_121444,425,8328429,SESSION_006,0,1,8190,4,32.03,62.98,1005.7,42.5,1,LOW
2026-09-13T14:31:59.461+08:00,RUN_20260913_121444,426,8329432,SESSION_006,0,0,8190,4,32.03,62.97,1005.7,42.5,1,LOW
2026-09-13T14:32:00.464+08:00,RUN_20260913_121444,427,8330435,SESSION_006,0,0,8190,4,32.04,62.93,1005.71,41.7,1,LOW
2026-09-13T14:32:01.467+08:00,RUN_20260913_121444,428,8331438,SESSION_006,0,1,8190,4,32.04,63,1005.71,41.7,1,LOW
2026-09-13T14:32:02.470+08:00,RUN_20260913_121444,429,8332441,SESSION_006,0,0,8190,4,32.04,62.88,1005.71,41.7,1,LOW
2026-09-13T14:32:03.473+08:00,RUN_20260913_121444,430,8333444,SESSION_006,0,0,8190,4,32.04,62.82,1005.71,41.7,1,LOW
2026-09-13T14:32:04.476+08:00,RUN_20260913_121444,431,8334447,SESSION_006,0,0,8190,4,32.04,62.91,1005.71,41.7,1,LOW
2026-09-13T14:32:05.479+08:00,RUN_20260913_121444,432,8335450,SESSION_006,0,0,8190,4,32.04,62.83,1005.71,41.7,1,LOW
2026-09-13T14:32:06.482+08:00,RUN_20260913_121444,433,8336453,SESSION_006,0,0,8190,4,32.04,62.85,1005.71,41.7,1,LOW
2026-09-13T14:32:07.485+08:00,RUN_20260913_121444,434,8337456,SESSION_006,0,0,8190,4,32.04,62.95,1005.71,41.7,1,LOW
2026-09-13T14:32:08.670+08:00,RUN_20260913_121444,435,8338641,SESSION_006,0,0,8190,4,32.04,62.88,1005.72,41.7,1,LOW
2026-09-13T14:32:09.493+08:00,RUN_20260913_121444,436,8339464,SESSION_006,0,0,8190,4,32.04,62.86,1005.72,41.7,1,LOW
2026-09-13T14:32:10.496+08:00,RUN_20260913_121444,437,8340467,SESSION_006,0,0,8190,4,32.04,62.89,1005.72,41.7,1,LOW
2026-09-13T14:32:11.499+08:00,RUN_20260913_121444,438,8341470,SESSION_006,0,0,8190,4,32.04,62.85,1005.71,41.7,1,LOW
2026-09-13T14:32:12.502+08:00,RUN_20260913_121444,439,8342473,SESSION_006,0,0,8190,4,32.04,62.85,1005.72,41.7,1,LOW
2026-09-13T14:32:13.505+08:00,RUN_20260913_121444,440,8343476,SESSION_006,0,0,8190,4,32.04,62.84,1005.72,41.7,1,LOW
2026-09-13T14:32:14.508+08:00,RUN_20260913_121444,441,8344479,SESSION_006,0,1,8190,4,32.04,62.82,1005.72,40.8,1,LOW
2026-09-13T14:32:15.511+08:00,RUN_20260913_121444,442,8345482,SESSION_006,0,1,8190,4,32.04,62.8,1005.72,41.7,1,LOW
2026-09-13T14:32:16.514+08:00,RUN_20260913_121444,443,8346485,SESSION_006,0,0,8190,4,32.04,62.81,1005.72,40.8,1,LOW
2026-09-13T14:32:17.699+08:00,RUN_20260913_121444,444,8347670,SESSION_006,0,1,8190,4,32.04,62.79,1005.71,41.7,1,LOW
2026-09-13T14:32:18.522+08:00,RUN_20260913_121444,445,8348493,SESSION_006,0,1,8190,4,32.04,62.8,1005.71,41.7,1,LOW
2026-09-13T14:32:19.707+08:00,RUN_20260913_121444,446,8349678,SESSION_006,0,1,428,0,32.04,62.78,1005.71,42.5,1,LOW
2026-09-13T14:32:20.712+08:00,RUN_20260913_121444,447,8350683,SESSION_006,0,0,532,0,32.04,62.75,1005.71,42.5,1,LOW
2026-09-13T14:32:21.535+08:00,RUN_20260913_121444,448,8351506,SESSION_006,1,0,8190,4,32.04,62.74,1005.71,42.5,1,LOW
2026-09-13T14:32:22.538+08:00,RUN_20260913_121444,449,8352509,SESSION_006,1,0,8190,4,32.04,62.81,1005.71,42.5,1,LOW
2026-09-13T14:32:23.723+08:00,RUN_20260913_121444,450,8353694,SESSION_006,1,1,8190,4,32.04,62.81,1005.71,42.5,1,LOW
2026-09-13T14:32:24.546+08:00,RUN_20260913_121444,451,8354517,SESSION_006,1,0,8190,4,32.04,62.73,1005.71,42.5,1,LOW
2026-09-13T14:32:25.731+08:00,RUN_20260913_121444,452,8355702,SESSION_006,1,0,8190,4,32.04,62.72,1005.7,42.5,1,LOW
2026-09-13T14:32:26.554+08:00,RUN_20260913_121444,453,8356525,SESSION_006,1,0,8190,4,32.04,62.74,1005.7,42.5,1,LOW
2026-09-13T14:32:27.557+08:00,RUN_20260913_121444,454,8357528,SESSION_006,1,0,8190,4,32.04,62.81,1005.7,42.5,1,LOW
2026-09-13T14:32:28.560+08:00,RUN_20260913_121444,455,8358531,SESSION_006,1,0,8190,4,32.04,62.73,1005.7,42.5,1,LOW
2026-09-13T14:32:29.563+08:00,RUN_20260913_121444,456,8359534,SESSION_006,1,0,8190,4,32.05,62.7,1005.7,42.5,1,LOW
2026-09-13T14:32:30.566+08:00,RUN_20260913_121444,457,8360537,SESSION_006,1,0,8190,4,32.05,62.82,1005.7,42.5,1,LOW
2026-09-13T14:32:31.751+08:00,RUN_20260913_121444,458,8361722,SESSION_006,0,0,8190,4,32.05,62.8,1005.7,43.3,1,LOW
2026-09-13T14:32:32.574+08:00,RUN_20260913_121444,459,8362545,SESSION_006,0,0,8190,4,32.05,62.7,1005.7,43.3,1,LOW
2026-09-13T14:32:33.759+08:00,RUN_20260913_121444,460,8363730,SESSION_006,0,0,8190,4,32.05,62.79,1005.7,43.3,1,LOW
2026-09-13T14:32:34.764+08:00,RUN_20260913_121444,461,8364735,SESSION_006,0,0,8190,4,32.05,62.81,1005.7,43.3,1,LOW
2026-09-13T14:32:35.587+08:00,RUN_20260913_121444,462,8365558,SESSION_006,0,0,8190,4,32.05,62.75,1005.7,43.3,1,LOW
2026-09-13T14:32:36.772+08:00,RUN_20260913_121444,463,8366743,SESSION_006,0,0,8190,4,32.05,62.73,1005.7,43.3,1,LOW
2026-09-13T14:32:37.595+08:00,RUN_20260913_121444,464,8367566,SESSION_006,0,0,8190,4,32.05,62.7,1005.7,43.3,1,LOW
2026-09-13T14:32:38.598+08:00,RUN_20260913_121444,465,8368569,SESSION_006,0,0,8190,4,32.05,62.75,1005.69,43.3,1,LOW
2026-09-13T14:32:39.601+08:00,RUN_20260913_121444,466,8369572,SESSION_006,0,0,8190,4,32.05,62.69,1005.69,43.3,1,LOW
2026-09-13T14:32:40.604+08:00,RUN_20260913_121444,467,8370575,SESSION_006,0,0,8190,4,32.05,62.76,1005.69,43.3,1,LOW
2026-09-13T14:32:41.607+08:00,RUN_20260913_121444,468,8371578,SESSION_006,0,0,8190,4,32.05,62.73,1005.69,43.3,1,LOW
2026-09-13T14:32:42.610+08:00,RUN_20260913_121444,469,8372581,SESSION_006,1,0,8190,4,32.05,62.65,1005.69,43.3,1,LOW
2026-09-13T14:32:43.613+08:00,RUN_20260913_121444,470,8373584,SESSION_006,1,0,8190,4,32.05,62.74,1005.69,43.3,1,LOW
2026-09-13T14:32:44.616+08:00,RUN_20260913_121444,471,8374587,SESSION_006,0,0,8190,4,32.05,62.65,1005.69,43.3,1,LOW
2026-09-13T14:32:45.619+08:00,RUN_20260913_121444,472,8375590,SESSION_006,0,0,8190,4,32.05,62.65,1005.69,43.3,1,LOW
2026-09-13T14:32:46.804+08:00,RUN_20260913_121444,473,8376775,SESSION_006,1,0,8190,4,32.05,62.66,1005.69,42.5,1,LOW
2026-09-13T14:32:47.809+08:00,RUN_20260913_121444,474,8377780,SESSION_006,0,0,555,0,32.05,62.67,1005.69,42.5,1,LOW
2026-09-13T14:32:48.632+08:00,RUN_20260913_121444,475,8378603,SESSION_006,0,1,8190,4,32.05,62.77,1005.69,43.3,1,LOW
2026-09-13T14:32:49.817+08:00,RUN_20260913_121444,476,8379788,SESSION_006,0,1,8190,4,32.05,62.68,1005.69,42.5,1,LOW
2026-09-13T14:32:50.640+08:00,RUN_20260913_121444,477,8380611,SESSION_006,0,0,8190,4,32.05,62.73,1005.7,43.3,1,LOW
2026-09-13T14:32:51.825+08:00,RUN_20260913_121444,478,8381796,SESSION_006,0,0,8190,4,32.05,62.65,1005.7,42.5,1,LOW
2026-09-13T14:32:52.830+08:00,RUN_20260913_121444,479,8382801,SESSION_006,0,1,8190,4,32.05,62.66,1005.69,42.5,1,LOW
2026-09-13T14:32:53.835+08:00,RUN_20260913_121444,480,8383806,SESSION_006,0,1,8190,4,32.05,62.72,1005.69,42.5,1,LOW
2026-09-13T14:32:54.658+08:00,RUN_20260913_121444,481,8384629,SESSION_006,0,0,8190,4,32.05,62.66,1005.69,43.3,1,LOW
2026-09-13T14:32:55.843+08:00,RUN_20260913_121444,482,8385814,SESSION_006,0,0,8190,4,32.05,62.68,1005.69,43.3,1,LOW
2026-09-13T14:32:56.848+08:00,RUN_20260913_121444,483,8386819,SESSION_006,0,1,664,0,32.05,62.67,1005.69,43.3,1,LOW
2026-09-13T14:32:57.853+08:00,RUN_20260913_121444,484,8387824,SESSION_006,0,0,427,0,32.05,62.68,1005.69,43.3,1,LOW
2026-09-13T14:32:58.858+08:00,RUN_20260913_121444,485,8388829,SESSION_006,1,0,8190,4,32.05,62.75,1005.69,43.3,1,LOW
2026-09-13T14:32:59.681+08:00,RUN_20260913_121444,486,8389652,SESSION_006,1,1,8190,4,32.05,62.79,1005.69,43.3,1,LOW
2026-09-13T14:33:00.866+08:00,RUN_20260913_121444,487,8390837,SESSION_006,1,1,8190,4,32.05,62.8,1005.69,43.3,1,LOW
2026-09-13T14:33:01.689+08:00,RUN_20260913_121444,488,8391660,SESSION_006,0,0,8190,4,32.05,62.77,1005.69,43.3,1,LOW
2026-09-13T14:33:02.874+08:00,RUN_20260913_121444,489,8392845,SESSION_006,0,0,8190,4,32.05,62.81,1005.69,43.3,1,LOW
2026-09-13T14:33:03.879+08:00,RUN_20260913_121444,490,8393850,SESSION_006,0,0,8190,4,32.05,62.78,1005.69,43.3,1,LOW
2026-09-13T14:33:04.884+08:00,RUN_20260913_121444,491,8394855,SESSION_006,1,0,8190,4,32.05,62.79,1005.69,43.3,1,LOW
2026-09-13T14:33:05.889+08:00,RUN_20260913_121444,492,8395860,SESSION_006,1,0,8190,4,32.05,62.93,1005.69,43.3,1,LOW
2026-09-13T14:33:06.894+08:00,RUN_20260913_121444,493,8396865,SESSION_006,0,0,437,0,32.05,62.86,1005.69,43.3,1,LOW
2026-09-13T14:33:07.899+08:00,RUN_20260913_121444,494,8397870,SESSION_006,0,1,8190,4,32.05,62.86,1005.69,43.3,1,LOW
2026-09-13T14:33:08.904+08:00,RUN_20260913_121444,495,8398875,SESSION_006,0,1,8190,4,32.05,62.93,1005.69,43.3,1,LOW
2026-09-13T14:33:09.909+08:00,RUN_20260913_121444,496,8399880,SESSION_006,0,1,8190,4,32.05,62.67,1005.69,43.3,1,LOW
2026-09-13T14:33:10.914+08:00,RUN_20260913_121444,497,8400885,SESSION_006,0,0,8190,4,32.05,62.62,1005.69,43.3,1,LOW
2026-09-13T14:33:11.737+08:00,RUN_20260913_121444,498,8401708,SESSION_006,0,0,8190,4,32.05,62.51,1005.69,43.3,1,LOW
2026-09-13T14:33:12.922+08:00,RUN_20260913_121444,499,8402893,SESSION_006,0,0,8190,4,32.05,62.61,1005.69,43.3,1,LOW
2026-09-13T14:33:13.927+08:00,RUN_20260913_121444,500,8403898,SESSION_006,0,0,8190,4,32.05,62.59,1005.68,42.5,1,LOW
2026-09-13T14:33:14.750+08:00,RUN_20260913_121444,501,8404721,SESSION_006,0,0,8190,4,32.05,62.48,1005.68,43.3,1,LOW
2026-09-13T14:33:15.935+08:00,RUN_20260913_121444,502,8405906,SESSION_006,0,1,8190,4,32.06,62.4,1005.69,42.5,1,LOW
2026-09-13T14:33:16.758+08:00,RUN_20260913_121444,503,8406729,SESSION_006,0,1,8190,4,32.06,62.46,1005.69,43.3,1,LOW
2026-09-13T14:33:17.761+08:00,RUN_20260913_121444,504,8407732,SESSION_006,0,0,8190,4,32.06,62.44,1005.69,43.3,1,LOW
2026-09-13T14:33:18.764+08:00,RUN_20260913_121444,505,8408735,SESSION_006,0,1,8190,4,32.06,62.34,1005.69,43.3,1,LOW
2026-09-13T14:33:19.767+08:00,RUN_20260913_121444,506,8409738,SESSION_006,0,1,8190,4,32.06,62.41,1005.69,43.3,1,LOW
2026-09-13T14:33:20.770+08:00,RUN_20260913_121444,507,8410741,SESSION_006,0,0,8190,4,32.06,62.35,1005.69,43.3,1,LOW
2026-09-13T14:33:21.773+08:00,RUN_20260913_121444,508,8411744,SESSION_006,0,0,8190,4,32.06,62.37,1005.69,43.3,1,LOW
2026-09-13T14:33:22.958+08:00,RUN_20260913_121444,509,8412929,SESSION_006,0,1,8190,4,32.06,62.36,1005.69,43.3,1,LOW
2026-09-13T14:33:23.963+08:00,RUN_20260913_121444,510,8413934,SESSION_006,0,0,8190,4,32.06,62.37,1005.7,43.3,1,LOW
2026-09-13T14:33:24.786+08:00,RUN_20260913_121444,511,8414757,SESSION_006,0,0,8190,4,32.06,62.4,1005.7,43.3,1,LOW
2026-09-13T14:33:25.789+08:00,RUN_20260913_121444,512,8415760,SESSION_006,0,1,8190,4,32.06,62.3,1005.7,43.3,1,LOW
2026-09-13T14:33:26.792+08:00,RUN_20260913_121444,513,8416763,SESSION_006,0,0,8190,4,32.06,62.23,1005.7,43.3,1,LOW
2026-09-13T14:33:27.795+08:00,RUN_20260913_121444,514,8417766,SESSION_006,0,0,8190,4,32.06,62.35,1005.7,43.3,1,LOW
2026-09-13T14:33:28.798+08:00,RUN_20260913_121444,515,8418769,SESSION_006,0,1,8190,4,32.06,62.37,1005.7,43.3,1,LOW
2026-09-13T14:33:29.801+08:00,RUN_20260913_121444,516,8419772,SESSION_006,0,1,8190,4,32.07,62.25,1005.71,43.3,1,LOW
2026-09-13T14:33:30.986+08:00,RUN_20260913_121444,517,8420957,SESSION_006,0,1,8190,4,32.07,62.29,1005.71,43.3,1,LOW
2026-09-13T14:33:31.991+08:00,RUN_20260913_121444,518,8421962,SESSION_006,0,0,8190,4,32.07,62.25,1005.7,43.3,1,LOW
2026-09-13T14:33:32.996+08:00,RUN_20260913_121444,519,8422967,SESSION_006,0,0,8190,4,32.07,62.28,1005.71,43.3,1,LOW
2026-09-13T14:33:34.001+08:00,RUN_20260913_121444,520,8423972,SESSION_006,0,1,8190,4,32.07,62.28,1005.71,43.3,1,LOW
2026-09-13T14:33:35.006+08:00,RUN_20260913_121444,521,8424977,SESSION_006,0,1,8190,4,32.07,62.41,1005.7,42.5,1,LOW
2026-09-13T14:33:36.011+08:00,RUN_20260913_121444,522,8425982,SESSION_006,0,0,8190,4,32.07,62.29,1005.71,42.5,1,LOW
2026-09-13T14:33:37.016+08:00,RUN_20260913_121444,523,8426987,SESSION_006,0,0,356,0,32.07,62.34,1005.7,43.3,1,LOW
2026-09-13T14:33:37.839+08:00,RUN_20260913_121444,524,8427810,SESSION_006,1,0,8190,4,32.07,62.25,1005.7,43.3,1,LOW
2026-09-13T14:33:39.024+08:00,RUN_20260913_121444,525,8428995,SESSION_006,0,0,8190,4,32.07,62.33,1005.7,43.3,1,LOW
2026-09-13T14:33:40.029+08:00,RUN_20260913_121444,526,8430000,SESSION_006,0,1,8190,4,32.07,62.24,1005.7,43.3,1,LOW
2026-09-13T14:33:40.852+08:00,RUN_20260913_121444,527,8430823,SESSION_006,1,0,8190,4,32.07,62.22,1005.7,44.2,1,LOW
2026-09-13T14:33:42.037+08:00,RUN_20260913_121444,528,8432008,SESSION_006,0,0,8190,4,32.07,62.08,1005.7,44.2,1,LOW
2026-09-13T14:33:43.042+08:00,RUN_20260913_121444,529,8433013,SESSION_006,0,0,8190,4,32.08,62.05,1005.7,43.3,1,LOW
2026-09-13T14:33:43.865+08:00,RUN_20260913_121444,530,8433836,SESSION_006,0,0,8190,4,32.08,62.15,1005.7,43.3,1,LOW
2026-09-13T14:33:44.868+08:00,RUN_20260913_121444,531,8434839,SESSION_006,0,0,8190,4,32.08,62.03,1005.7,43.3,1,LOW
2026-09-13T14:33:45.871+08:00,RUN_20260913_121444,532,8435842,SESSION_006,0,0,8190,4,32.08,61.98,1005.7,43.3,1,LOW
2026-09-13T14:33:46.874+08:00,RUN_20260913_121444,533,8436845,SESSION_006,0,0,8190,4,32.08,61.98,1005.7,43.3,1,LOW
2026-09-13T14:33:47.877+08:00,RUN_20260913_121444,534,8437848,SESSION_006,0,0,8190,4,32.08,61.96,1005.7,43.3,1,LOW
2026-09-13T14:33:48.880+08:00,RUN_20260913_121444,535,8438851,SESSION_006,0,0,8190,4,32.08,61.97,1005.69,43.3,1,LOW
2026-09-13T14:33:50.065+08:00,RUN_20260913_121444,536,8440036,SESSION_006,1,0,8190,4,32.09,61.91,1005.7,43.3,1,LOW
2026-09-13T14:33:51.070+08:00,RUN_20260913_121444,537,8441041,SESSION_006,1,0,8190,4,32.09,61.89,1005.7,43.3,1,LOW
2026-09-13T14:33:52.075+08:00,RUN_20260913_121444,538,8442046,SESSION_006,0,0,8190,4,32.09,61.9,1005.7,43.3,1,LOW
2026-09-13T14:33:53.080+08:00,RUN_20260913_121444,539,8443051,SESSION_006,0,0,493,0,32.09,61.98,1005.69,43.3,1,LOW
2026-09-13T14:33:54.085+08:00,RUN_20260913_121444,540,8444056,SESSION_006,1,0,8190,4,32.09,62.02,1005.69,43.3,1,LOW
2026-09-13T14:33:55.090+08:00,RUN_20260913_121444,541,8445061,SESSION_006,0,1,8190,4,32.09,61.98,1005.69,43.3,1,LOW
2026-09-13T14:33:55.913+08:00,RUN_20260913_121444,542,8445884,SESSION_006,0,0,8190,4,32.09,61.98,1005.69,43.3,1,LOW
2026-09-13T14:33:56.916+08:00,RUN_20260913_121444,543,8446887,SESSION_006,0,0,8190,4,32.09,61.89,1005.69,43.3,1,LOW
2026-09-13T14:33:57.919+08:00,RUN_20260913_121444,544,8447890,SESSION_006,0,0,8190,4,32.1,61.75,1005.69,43.3,1,LOW
2026-09-13T14:33:59.104+08:00,RUN_20260913_121444,545,8449075,SESSION_006,0,0,8190,4,32.1,61.7,1005.69,43.3,1,LOW
2026-09-13T14:33:59.927+08:00,RUN_20260913_121444,546,8449898,SESSION_006,0,0,8190,4,32.1,61.68,1005.69,43.3,1,LOW
2026-09-13T14:34:00.930+08:00,RUN_20260913_121444,547,8450901,SESSION_006,0,0,8190,4,32.1,61.8,1005.68,43.3,1,LOW
2026-09-13T14:34:01.933+08:00,RUN_20260913_121444,548,8451904,SESSION_006,0,0,8190,4,32.1,61.84,1005.68,43.3,1,LOW
2026-09-13T14:34:02.936+08:00,RUN_20260913_121444,549,8452907,SESSION_006,0,0,8190,4,32.1,61.8,1005.68,43.3,1,LOW
2026-09-13T14:34:04.121+08:00,RUN_20260913_121444,550,8454092,SESSION_006,0,0,8190,4,32.11,61.91,1005.68,43.3,1,LOW
2026-09-13T14:34:05.126+08:00,RUN_20260913_121444,551,8455097,SESSION_006,0,0,8190,4,32.11,61.84,1005.67,43.3,1,LOW
2026-09-13T14:34:05.949+08:00,RUN_20260913_121444,552,8455920,SESSION_006,0,0,8190,4,32.11,61.83,1005.67,43.3,1,LOW
2026-09-13T14:34:06.952+08:00,RUN_20260913_121444,553,8456923,SESSION_006,0,0,8190,4,32.11,61.94,1005.67,43.3,1,LOW
2026-09-13T14:34:07.955+08:00,RUN_20260913_121444,554,8457926,SESSION_006,0,0,8190,4,32.11,61.95,1005.67,43.3,1,LOW
2026-09-13T14:34:09.140+08:00,RUN_20260913_121444,555,8459111,SESSION_006,0,0,8190,4,32.11,62.01,1005.67,43.3,1,LOW
2026-09-13T14:34:09.963+08:00,RUN_20260913_121444,556,8459934,SESSION_006,0,0,8190,4,32.11,61.95,1005.67,43.3,1,LOW
2026-09-13T14:34:11.148+08:00,RUN_20260913_121444,557,8461119,SESSION_006,0,0,8190,4,32.11,61.92,1005.67,43.3,1,LOW
2026-09-13T14:34:11.971+08:00,RUN_20260913_121444,558,8461942,SESSION_006,0,0,8190,4,32.11,61.96,1005.67,43.3,1,LOW
2026-09-13T14:34:12.974+08:00,RUN_20260913_121444,559,8462945,SESSION_006,0,0,8190,4,32.12,61.96,1005.67,43.3,1,LOW
2026-09-13T14:34:13.977+08:00,RUN_20260913_121444,560,8463948,SESSION_006,0,0,8190,4,32.12,61.79,1005.67,43.3,1,LOW
2026-09-13T14:34:14.980+08:00,RUN_20260913_121444,561,8464951,SESSION_006,0,1,8190,4,32.12,61.75,1005.66,43.3,1,LOW
2026-09-13T14:34:16.165+08:00,RUN_20260913_121444,562,8466136,SESSION_006,0,1,8190,4,32.12,61.73,1005.66,43.3,1,LOW
2026-09-13T14:34:17.170+08:00,RUN_20260913_121444,563,8467141,SESSION_006,0,0,852,0,32.12,61.83,1005.66,43.3,1,LOW
2026-09-13T14:34:18.175+08:00,RUN_20260913_121444,564,8468146,SESSION_006,0,0,616,0,32.12,61.88,1005.66,43.3,1,LOW
2026-09-13T14:34:19.180+08:00,RUN_20260913_121444,565,8469151,SESSION_006,0,1,500,0,32.12,61.93,1005.66,43.3,1,LOW
2026-09-13T14:34:20.003+08:00,RUN_20260913_121444,566,8469974,SESSION_006,0,0,8190,4,32.12,61.88,1005.66,43.3,1,LOW
2026-09-13T14:34:21.006+08:00,RUN_20260913_121444,567,8470977,SESSION_006,1,0,8190,4,32.12,61.85,1005.66,43.3,1,LOW
2026-09-13T14:34:22.191+08:00,RUN_20260913_121444,568,8472162,SESSION_006,0,0,8190,4,32.12,61.85,1005.66,43.3,1,LOW
2026-09-13T14:34:23.196+08:00,RUN_20260913_121444,569,8473167,SESSION_006,0,0,8190,4,32.12,61.83,1005.66,43.3,1,LOW
2026-09-13T14:34:24.019+08:00,RUN_20260913_121444,570,8473990,SESSION_006,1,0,8190,4,32.12,61.75,1005.66,43.3,1,LOW
2026-09-13T14:34:25.204+08:00,RUN_20260913_121444,571,8475175,SESSION_006,0,0,8190,4,32.12,61.65,1005.66,43.3,1,LOW
2026-09-13T14:34:26.209+08:00,RUN_20260913_121444,572,8476180,SESSION_006,0,0,8190,4,32.12,61.64,1005.65,43.3,1,LOW
2026-09-13T14:34:27.214+08:00,RUN_20260913_121444,573,8477185,SESSION_006,0,0,762,0,32.12,61.66,1005.65,43.3,1,LOW
2026-09-13T14:34:28.219+08:00,RUN_20260913_121444,574,8478190,SESSION_006,1,0,8190,4,32.13,61.8,1005.66,43.3,1,LOW
2026-09-13T14:34:29.224+08:00,RUN_20260913_121444,575,8479195,SESSION_006,1,0,8190,4,32.13,61.71,1005.65,43.3,1,LOW
2026-09-13T14:34:30.047+08:00,RUN_20260913_121444,576,8480018,SESSION_006,0,1,8190,4,32.13,61.69,1005.65,43.3,1,LOW
2026-09-13T14:34:31.232+08:00,RUN_20260913_121444,577,8481203,SESSION_006,0,1,769,0,32.13,61.82,1005.65,43.3,1,LOW
2026-09-13T14:34:32.237+08:00,RUN_20260913_121444,578,8482208,SESSION_006,0,0,454,0,32.13,61.76,1005.65,43.3,1,LOW
2026-09-13T14:34:33.242+08:00,RUN_20260913_121444,579,8483213,SESSION_006,0,0,8190,4,32.13,61.77,1005.65,43.3,1,LOW
2026-09-13T14:34:34.065+08:00,RUN_20260913_121444,580,8484036,SESSION_006,1,0,8190,4,32.13,61.78,1005.65,43.3,1,LOW
2026-09-13T14:34:35.250+08:00,RUN_20260913_121444,581,8485221,SESSION_006,0,0,8190,4,32.13,61.83,1005.65,43.3,1,LOW
2026-09-13T14:34:36.073+08:00,RUN_20260913_121444,582,8486044,SESSION_006,0,0,8190,4,32.13,61.76,1005.65,43.3,1,LOW
2026-09-13T14:34:37.258+08:00,RUN_20260913_121444,583,8487229,SESSION_006,0,0,8190,4,32.13,61.82,1005.65,43.3,1,LOW
2026-09-13T14:34:38.263+08:00,RUN_20260913_121444,584,8488234,SESSION_006,1,0,8190,4,32.13,61.84,1005.65,43.3,1,LOW
2026-09-13T14:34:39.086+08:00,RUN_20260913_121444,585,8489057,SESSION_006,0,0,8190,4,32.13,61.93,1005.65,43.3,1,LOW
2026-09-13T14:34:40.089+08:00,RUN_20260913_121444,586,8490060,SESSION_006,0,0,8190,4,32.13,61.82,1005.65,43.3,1,LOW
2026-09-13T14:34:41.092+08:00,RUN_20260913_121444,587,8491063,SESSION_006,0,0,8190,4,32.13,61.89,1005.65,43.3,1,LOW
2026-09-13T14:34:42.095+08:00,RUN_20260913_121444,588,8492066,SESSION_006,0,0,8190,4,32.13,61.82,1005.65,43.3,1,LOW
2026-09-13T14:34:43.098+08:00,RUN_20260913_121444,589,8493069,SESSION_006,0,0,8190,4,32.13,61.8,1005.65,43.3,1,LOW
2026-09-13T14:34:44.283+08:00,RUN_20260913_121444,590,8494254,SESSION_006,0,0,8190,4,32.13,61.78,1005.65,43.3,1,LOW
2026-09-13T14:34:45.106+08:00,RUN_20260913_121444,591,8495077,SESSION_006,0,0,8190,4,32.13,61.8,1005.65,44.2,1,LOW
2026-09-13T14:34:46.109+08:00,RUN_20260913_121444,592,8496080,SESSION_006,0,0,8190,4,32.13,61.82,1005.65,44.2,1,LOW
2026-09-13T14:34:47.294+08:00,RUN_20260913_121444,593,8497265,SESSION_006,0,0,8190,4,32.13,61.84,1005.65,43.3,1,LOW
2026-09-13T14:34:48.299+08:00,RUN_20260913_121444,594,8498270,SESSION_006,0,0,8190,4,32.13,61.88,1005.65,43.3,1,LOW
2026-09-13T14:34:49.122+08:00,RUN_20260913_121444,595,8499093,SESSION_006,0,0,8190,4,32.13,61.87,1005.65,44.2,1,LOW
