2026-09-13T14:44:07.106+08:00,RUN_20260913_121444,1,9057077,SESSION_007,0,0,23,0,32.35,64.41,1005.37,2.5,1,LOW
2026-09-13T14:44:08.111+08:00,RUN_20260913_121444,2,9058082,SESSION_007,0,0,8190,4,32.35,65.58,1005.37,2.5,1,LOW
2026-09-13T14:44:09.116+08:00,RUN_20260913_121444,3,9059087,SESSION_007,1,0,171,0,32.35,66.27,1005.37,4.2,1,LOW
2026-09-13T14:44:10.121+08:00,RUN_20260913_121444,4,9060092,SESSION_007,1,0,8190,4,32.36,65.44,1005.37,4.2,1,LOW
2026-09-13T14:44:11.126+08:00,RUN_20260913_121444,5,9061097,SESSION_007,0,0,345,0,32.36,64.84,1005.37,4.2,1,LOW
2026-09-13T14:44:12.131+08:00,RUN_20260913_121444,6,9062102,SESSION_007,0,0,357,0,32.36,64.61,1005.37,4.2,1,LOW
2026-09-13T14:44:13.136+08:00,RUN_20260913_121444,7,9063107,SESSION_007,0,0,298,0,32.36,64.29,1005.37,4.2,1,LOW
2026-09-13T14:44:14.141+08:00,RUN_20260913_121444,8,9064112,SESSION_007,0,0,8190,4,32.36,63.78,1005.37,4.2,1,LOW
2026-09-13T14:44:14.964+08:00,RUN_20260913_121444,9,9064935,SESSION_007,0,0,8190,4,32.37,63.65,1005.37,4.2,1,LOW
2026-09-13T14:44:15.967+08:00,RUN_20260913_121444,10,9065938,SESSION_007,0,0,8190,4,32.37,63.55,1005.37,4.2,1,LOW
2026-09-13T14:44:17.152+08:00,RUN_20260913_121444,11,9067123,SESSION_007,1,0,8190,4,32.37,63.4,1005.36,4.2,1,LOW
2026-09-13T14:44:17.975+08:00,RUN_20260913_121444,12,9067946,SESSION_007,1,0,8190,4,32.37,63.28,1005.37,4.2,1,LOW
2026-09-13T14:44:18.978+08:00,RUN_20260913_121444,13,9068949,SESSION_007,1,0,8190,4,32.37,63.3,1005.36,4.2,1,LOW
2026-09-13T14:44:19.981+08:00,RUN_20260913_121444,14,9069952,SESSION_007,1,0,8190,4,32.37,63.16,1005.37,4.2,1,LOW
2026-09-13T14:44:20.984+08:00,RUN_20260913_121444,15,9070955,SESSION_007,1,0,8190,4,32.37,63.17,1005.36,4.2,1,LOW
2026-09-13T14:44:21.987+08:00,RUN_20260913_121444,16,9071958,SESSION_007,0,0,8190,4,32.38,63.07,1005.36,4.2,1,LOW
2026-09-13T14:44:23.172+08:00,RUN_20260913_121444,17,9073143,SESSION_007,1,0,8190,4,32.38,62.95,1005.36,4.2,1,LOW
2026-09-13T14:44:23.995+08:00,RUN_20260913_121444,18,9073966,SESSION_007,1,0,8190,4,32.38,62.85,1005.37,4.2,1,LOW
2026-09-13T14:44:25.180+08:00,RUN_20260913_121444,19,9075151,SESSION_007,0,0,8190,4,32.38,62.8,1005.36,4.2,1,LOW
2026-09-13T14:44:26.003+08:00,RUN_20260913_121444,20,9075974,SESSION_007,0,0,8190,4,32.38,62.8,1005.37,4.2,1,LOW
2026-09-13T14:44:27.188+08:00,RUN_20260913_121444,21,9077159,SESSION_007,0,0,8190,4,32.38,62.7,1005.37,4.2,1,LOW
2026-09-13T14:44:28.011+08:00,RUN_20260913_121444,22,9077982,SESSION_007,0,0,8190,4,32.38,62.68,1005.36,4.2,1,LOW
2026-09-13T14:44:29.014+08:00,RUN_20260913_121444,23,9078985,SESSION_007,1,0,8190,4,32.38,62.61,1005.37,4.2,1,LOW
2026-09-13T14:44:30.017+08:00,RUN_20260913_121444,24,9079988,SESSION_007,1,0,8190,4,32.38,62.69,1005.36,4.2,1,LOW
2026-09-13T14:44:31.020+08:00,RUN_20260913_121444,25,9080991,SESSION_007,0,0,8190,4,32.38,62.61,1005.36,4.2,1,LOW
2026-09-13T14:44:32.023+08:00,RUN_20260913_121444,26,9081994,SESSION_007,0,0,8190,4,32.38,62.62,1005.36,4.2,1,LOW
2026-09-13T14:44:33.026+08:00,RUN_20260913_121444,27,9082997,SESSION_007,1,0,8190,4,32.39,62.68,1005.36,4.2,1,LOW
2026-09-13T14:44:34.211+08:00,RUN_20260913_121444,28,9084182,SESSION_007,1,0,8190,4,32.39,62.7,1005.36,4.2,1,LOW
2026-09-13T14:44:35.034+08:00,RUN_20260913_121444,29,9085005,SESSION_007,0,0,8190,4,32.39,62.69,1005.36,4.2,1,LOW
2026-09-13T14:44:36.037+08:00,RUN_20260913_121444,30,9086008,SESSION_007,0,0,8190,4,32.39,62.7,1005.36,4.2,1,LOW
2026-09-13T14:44:37.040+08:00,RUN_20260913_121444,31,9087011,SESSION_007,1,0,8190,4,32.39,62.7,1005.36,4.2,1,LOW
2026-09-13T14:44:38.043+08:00,RUN_20260913_121444,32,9088014,SESSION_007,0,0,8190,4,32.39,62.7,1005.35,4.2,1,LOW
2026-09-13T14:44:39.046+08:00,RUN_20260913_121444,33,9089017,SESSION_007,0,0,8190,4,32.39,62.62,1005.35,4.2,1,LOW
2026-09-13T14:44:40.049+08:00,RUN_20260913_121444,34,9090020,SESSION_007,1,0,8190,4,32.39,62.68,1005.35,4.2,1,LOW
2026-09-13T14:44:41.052+08:00,RUN_20260913_121444,35,9091023,SESSION_007,1,0,8190,4,32.39,62.69,1005.35,4.2,1,LOW
2026-09-13T14:44:42.055+08:00,RUN_20260913_121444,36,9092026,SESSION_007,0,0,8190,4,32.39,62.68,1005.35,4.2,1,LOW
2026-09-13T14:44:43.058+08:00,RUN_20260913_121444,37,9093029,SESSION_007,0,0,8190,4,32.39,62.6,1005.35,4.2,1,LOW
2026-09-13T14:44:44.061+08:00,RUN_20260913_121444,38,9094032,SESSION_007,1,0,8190,4,32.39,62.67,1005.34,4.2,1,LOW
2026-09-13T14:44:45.246+08:00,RUN_20260913_121444,39,9095217,SESSION_007,1,0,8190,4,32.39,62.66,1005.34,4.2,1,LOW
2026-09-13T14:44:46.069+08:00,RUN_20260913_121444,40,9096040,SESSION_007,1,0,8190,4,32.39,62.55,1005.34,4.2,1,LOW
2026-09-13T14:44:47.072+08:00,RUN_20260913_121444,41,9097043,SESSION_007,0,0,8190,4,32.39,62.6,1005.34,4.2,1,LOW
2026-09-13T14:44:48.075+08:00,RUN_20260913_121444,42,9098046,SESSION_007,0,0,8190,4,32.39,62.52,1005.34,4.2,1,LOW
2026-09-13T14:44:49.078+08:00,RUN_20260913_121444,43,9099049,SESSION_007,0,0,8190,4,32.39,62.55,1005.34,4.2,1,LOW
2026-09-13T14:44:50.081+08:00,RUN_20260913_121444,44,9100052,SESSION_007,1,0,8190,4,32.39,62.5,1005.33,4.2,1,LOW
2026-09-13T14:44:51.084+08:00,RUN_20260913_121444,45,9101055,SESSION_007,1,0,8190,4,32.4,62.59,1005.33,4.2,1,LOW
2026-09-13T14:44:52.087+08:00,RUN_20260913_121444,46,9102058,SESSION_007,0,0,8190,4,32.4,62.57,1005.33,4.2,1,LOW
2026-09-13T14:44:53.090+08:00,RUN_20260913_121444,47,9103061,SESSION_007,0,0,8190,4,32.4,62.5,1005.33,4.2,1,LOW
2026-09-13T14:44:54.093+08:00,RUN_20260913_121444,48,9104064,SESSION_007,1,0,8190,4,32.4,62.5,1005.33,4.2,1,LOW
2026-09-13T14:44:55.096+08:00,RUN_20260913_121444,49,9105067,SESSION_007,1,0,8190,4,32.4,62.48,1005.33,4.2,1,LOW
2026-09-13T14:44:56.281+08:00,RUN_20260913_121444,50,9106252,SESSION_007,0,0,8190,4,32.4,62.47,1005.33,4.2,1,LOW
2026-09-13T14:44:57.286+08:00,RUN_20260913_121444,51,9107257,SESSION_007,0,0,8190,4,32.4,62.45,1005.32,4.2,1,LOW
2026-09-13T14:44:58.109+08:00,RUN_20260913_121444,52,9108080,SESSION_007,1,0,8190,4,32.4,62.53,1005.33,4.2,1,LOW
2026-09-13T14:44:59.112+08:00,RUN_20260913_121444,53,9109083,SESSION_007,1,0,8190,4,32.4,62.5,1005.33,4.2,1,LOW
2026-09-13T14:45:00.115+08:00,RUN_20260913_121444,54,9110086,SESSION_007,1,0,8190,4,32.4,62.54,1005.32,4.2,1,LOW
2026-09-13T14:45:01.300+08:00,RUN_20260913_121444,55,9111271,SESSION_007,1,0,8190,4,32.4,62.48,1005.32,4.2,1,LOW
2026-09-13T14:45:02.305+08:00,RUN_20260913_121444,56,9112276,SESSION_007,0,0,8190,4,32.4,62.47,1005.32,4.2,1,LOW
2026-09-13T14:45:03.128+08:00,RUN_20260913_121444,57,9113099,SESSION_007,0,0,8190,4,32.4,62.43,1005.32,4.2,1,LOW
2026-09-13T14:45:04.131+08:00,RUN_20260913_121444,58,9114102,SESSION_007,0,0,8190,4,32.4,62.45,1005.32,4.2,1,LOW
2026-09-13T14:45:05.134+08:00,RUN_20260913_121444,59,9115105,SESSION_007,1,0,8190,4,32.4,62.45,1005.32,4.2,1,LOW
2026-09-13T14:45:06.319+08:00,RUN_20260913_121444,60,9116290,SESSION_007,0,0,8190,4,32.4,62.43,1005.32,4.2,1,LOW
2026-09-13T14:45:07.142+08:00,RUN_20260913_121444,61,9117113,SESSION_007,0,0,8190,4,32.4,62.43,1005.32,4.2,1,LOW
2026-09-13T14:45:08.145+08:00,RUN_20260913_121444,62,9118116,SESSION_007,1,0,8190,4,32.4,62.51,1005.32,4.2,1,LOW
2026-09-13T14:45:09.148+08:00,RUN_20260913_121444,63,9119119,SESSION_007,0,0,8190,4,32.4,62.43,1005.32,4.2,1,LOW
2026-09-13T14:45:10.333+08:00,RUN_20260913_121444,64,9120304,SESSION_007,0,0,8190,4,32.4,62.49,1005.32,4.2,1,LOW
2026-09-13T14:45:11.156+08:00,RUN_20260913_121444,65,9121127,SESSION_007,1,0,8190,4,32.4,62.38,1005.32,4.2,1,LOW
2026-09-13T14:45:12.159+08:00,RUN_20260913_121444,66,9122130,SESSION_007,0,0,8190,4,32.4,62.47,1005.31,4.2,1,LOW
2026-09-13T14:45:13.162+08:00,RUN_20260913_121444,67,9123133,SESSION_007,0,0,8190,4,32.4,62.46,1005.32,4.2,1,LOW
2026-09-13T14:45:14.165+08:00,RUN_20260913_121444,68,9124136,SESSION_007,0,0,8190,4,32.4,62.41,1005.32,4.2,1,LOW
2026-09-13T14:45:15.168+08:00,RUN_20260913_121444,69,9125139,SESSION_007,1,0,8190,4,32.4,62.49,1005.32,4.2,1,LOW
2026-09-13T14:45:16.171+08:00,RUN_20260913_121444,70,9126142,SESSION_007,0,0,8190,4,32.4,62.47,1005.32,4.2,1,LOW
2026-09-13T14:45:17.174+08:00,RUN_20260913_121444,71,9127145,SESSION_007,0,0,8190,4,32.4,62.37,1005.32,4.2,1,LOW
2026-09-13T14:45:18.359+08:00,RUN_20260913_121444,72,9128330,SESSION_007,0,0,8190,4,32.4,62.36,1005.32,4.2,1,LOW
2026-09-13T14:45:19.182+08:00,RUN_20260913_121444,73,9129153,SESSION_007,1,0,8190,4,32.4,62.42,1005.32,4.2,1,LOW
2026-09-13T14:45:20.185+08:00,RUN_20260913_121444,74,9130156,SESSION_007,0,0,8190,4,32.4,62.46,1005.32,4.2,1,LOW
2026-09-13T14:45:21.370+08:00,RUN_20260913_121444,75,9131341,SESSION_007,0,0,8190,4,32.4,62.36,1005.32,4.2,1,LOW
2026-09-13T14:45:22.375+08:00,RUN_20260913_121444,76,9132346,SESSION_007,0,0,8190,4,32.4,62.37,1005.32,4.2,1,LOW
2026-09-13T14:45:23.198+08:00,RUN_20260913_121444,77,9133169,SESSION_007,1,0,8190,4,32.4,62.4,1005.32,4.2,1,LOW
2026-09-13T14:45:24.383+08:00,RUN_20260913_121444,78,9134354,SESSION_007,1,0,8190,4,32.4,62.38,1005.32,4.2,1,LOW
2026-09-13T14:45:25.206+08:00,RUN_20260913_121444,79,9135177,SESSION_007,0,0,8190,4,32.4,62.43,1005.32,4.2,1,LOW
2026-09-13T14:45:26.391+08:00,RUN_20260913_121444,80,9136362,SESSION_007,0,0,8190,4,32.4,62.35,1005.32,4.2,1,LOW
2026-09-13T14:45:27.214+08:00,RUN_20260913_121444,81,9137185,SESSION_007,0,0,8190,4,32.4,62.36,1005.31,4.2,1,LOW
2026-09-13T14:45:28.217+08:00,RUN_20260913_121444,82,9138188,SESSION_007,1,0,8190,4,32.4,62.32,1005.31,4.2,1,LOW
2026-09-13T14:45:29.220+08:00,RUN_20260913_121444,83,9139191,SESSION_007,1,0,8190,4,32.4,62.35,1005.31,4.2,1,LOW
2026-09-13T14:45:30.223+08:00,RUN_20260913_121444,84,9140194,SESSION_007,0,0,8190,4,32.4,62.42,1005.32,4.2,1,LOW
2026-09-13T14:45:31.408+08:00,RUN_20260913_121444,85,9141379,SESSION_007,0,0,8190,4,32.4,62.41,1005.32,4.2,1,LOW
2026-09-13T14:45:32.231+08:00,RUN_20260913_121444,86,9142202,SESSION_007,0,0,8190,4,32.4,62.32,1005.32,4.2,1,LOW
2026-09-13T14:45:33.234+08:00,RUN_20260913_121444,87,9143205,SESSION_007,0,0,8190,4,32.4,62.41,1005.32,4.2,1,LOW
2026-09-13T14:45:34.237+08:00,RUN_20260913_121444,88,9144208,SESSION_007,1,0,8190,4,32.4,62.31,1005.32,4.2,1,LOW
2026-09-13T14:45:35.240+08:00,RUN_20260913_121444,89,9145211,SESSION_007,0,0,8190,4,32.4,62.41,1005.32,4.2,1,LOW
2026-09-13T14:45:36.243+08:00,RUN_20260913_121444,90,9146214,SESSION_007,1,0,8190,4,32.4,62.4,1005.32,4.2,1,LOW
2026-09-13T14:45:37.246+08:00,RUN_20260913_121444,91,9147217,SESSION_007,0,0,8190,4,32.4,62.4,1005.32,4.2,1,LOW
2026-09-13T14:45:38.431+08:00,RUN_20260913_121444,92,9148402,SESSION_007,0,0,8190,4,32.4,62.41,1005.32,4.2,1,LOW
2026-09-13T14:45:39.254+08:00,RUN_20260913_121444,93,9149225,SESSION_007,1,0,8190,4,32.4,62.34,1005.32,4.2,1,LOW
2026-09-13T14:45:40.257+08:00,RUN_20260913_121444,94,9150228,SESSION_007,1,0,8190,4,32.4,62.32,1005.32,4.2,1,LOW
2026-09-13T14:45:41.260+08:00,RUN_20260913_121444,95,9151231,SESSION_007,0,0,8190,4,32.4,62.35,1005.32,4.2,1,LOW
2026-09-13T14:45:42.263+08:00,RUN_20260913_121444,96,9152234,SESSION_007,1,0,8190,4,32.4,62.35,1005.32,4.2,1,LOW
2026-09-13T14:45:43.266+08:00,RUN_20260913_121444,97,9153237,SESSION_007,1,0,8190,4,32.4,62.35,1005.32,4.2,1,LOW
2026-09-13T14:45:44.269+08:00,RUN_20260913_121444,98,9154240,SESSION_007,0,0,8190,4,32.41,62.36,1005.33,4.2,1,LOW
2026-09-13T14:45:45.272+08:00,RUN_20260913_121444,99,9155243,SESSION_007,0,0,8190,4,32.41,62.43,1005.32,4.2,1,LOW
2026-09-13T14:45:46.457+08:00,RUN_20260913_121444,100,9156428,SESSION_007,0,0,8190,4,32.41,62.44,1005.33,4.2,1,LOW
2026-09-13T14:45:47.280+08:00,RUN_20260913_121444,101,9157251,SESSION_007,1,0,8190,4,32.41,62.42,1005.33,4.2,1,LOW
2026-09-13T14:45:48.283+08:00,RUN_20260913_121444,102,9158254,SESSION_007,0,0,8190,4,32.41,62.34,1005.33,4.2,1,LOW
2026-09-13T14:45:49.286+08:00,RUN_20260913_121444,103,9159257,SESSION_007,0,0,8190,4,32.41,62.42,1005.33,4.2,1,LOW
2026-09-13T14:45:50.289+08:00,RUN_20260913_121444,104,9160260,SESSION_007,0,0,8190,4,32.41,62.44,1005.33,4.2,1,LOW
2026-09-13T14:45:51.474+08:00,RUN_20260913_121444,105,9161445,SESSION_007,0,0,8190,4,32.41,62.44,1005.33,4.2,1,LOW
2026-09-13T14:45:52.297+08:00,RUN_20260913_121444,106,9162268,SESSION_007,0,0,8190,4,32.41,62.42,1005.33,4.2,1,LOW
2026-09-13T14:45:53.300+08:00,RUN_20260913_121444,107,9163271,SESSION_007,0,0,8190,4,32.41,62.36,1005.33,4.2,1,LOW
2026-09-13T14:45:54.485+08:00,RUN_20260913_121444,108,9164456,SESSION_007,0,0,8190,4,32.41,62.37,1005.33,4.2,1,LOW
2026-09-13T14:45:55.308+08:00,RUN_20260913_121444,109,9165279,SESSION_007,0,0,8190,4,32.41,62.47,1005.33,4.2,1,LOW
2026-09-13T14:45:56.311+08:00,RUN_20260913_121444,110,9166282,SESSION_007,0,0,8190,4,32.41,62.35,1005.33,4.2,1,LOW
2026-09-13T14:45:57.496+08:00,RUN_20260913_121444,111,9167467,SESSION_007,1,0,8190,4,32.41,62.37,1005.33,4.2,1,LOW
2026-09-13T14:45:58.319+08:00,RUN_20260913_121444,112,9168290,SESSION_007,0,0,8190,4,32.41,62.38,1005.34,4.2,1,LOW
2026-09-13T14:45:59.322+08:00,RUN_20260913_121444,113,9169293,SESSION_007,0,0,8190,4,32.41,62.35,1005.34,4.2,1,LOW
2026-09-13T14:46:00.507+08:00,RUN_20260913_121444,114,9170478,SESSION_007,0,0,8190,4,32.41,62.37,1005.33,4.2,1,LOW
2026-09-13T14:46:01.330+08:00,RUN_20260913_121444,115,9171301,SESSION_007,1,0,8190,4,32.41,62.32,1005.34,4.2,1,LOW
2026-09-13T14:46:02.515+08:00,RUN_20260913_121444,116,9172486,SESSION_007,1,0,8190,4,32.41,62.31,1005.34,4.2,1,LOW
2026-09-13T14:46:03.338+08:00,RUN_20260913_121444,117,9173309,SESSION_007,0,0,8190,4,32.41,62.31,1005.34,4.2,1,LOW
2026-09-13T14:46:04.341+08:00,RUN_20260913_121444,118,9174312,SESSION_007,0,0,8190,4,32.41,62.32,1005.33,4.2,1,LOW
2026-09-13T14:46:05.344+08:00,RUN_20260913_121444,119,9175315,SESSION_007,1,0,8190,4,32.41,62.4,1005.33,4.2,1,LOW
2026-09-13T14:46:06.529+08:00,RUN_20260913_121444,120,9176500,SESSION_007,0,0,8190,4,32.41,62.34,1005.34,4.2,1,LOW
2026-09-13T14:46:07.534+08:00,RUN_20260913_121444,121,9177505,SESSION_007,0,0,8190,4,32.41,62.31,1005.34,4.2,1,LOW
2026-09-13T14:46:08.357+08:00,RUN_20260913_121444,122,9178328,SESSION_007,0,0,8190,4,32.41,62.32,1005.34,4.2,1,LOW
2026-09-13T14:46:09.542+08:00,RUN_20260913_121444,123,9179513,SESSION_007,0,0,8190,4,32.41,62.35,1005.34,4.2,1,LOW
2026-09-13T14:46:10.547+08:00,RUN_20260913_121444,124,9180518,SESSION_007,0,0,8190,4,32.41,62.32,1005.35,4.2,1,LOW
2026-09-13T14:46:11.370+08:00,RUN_20260913_121444,125,9181341,SESSION_007,0,0,8190,4,32.41,62.32,1005.35,4.2,1,LOW
2026-09-13T14:46:12.373+08:00,RUN_20260913_121444,126,9182344,SESSION_007,1,0,8190,4,32.41,62.38,1005.35,4.2,1,LOW
2026-09-13T14:46:13.376+08:00,RUN_20260913_121444,127,9183347,SESSION_007,0,0,8190,4,32.41,62.35,1005.35,4.2,1,LOW
2026-09-13T14:46:14.379+08:00,RUN_20260913_121444,128,9184350,SESSION_007,0,0,8190,4,32.41,62.41,1005.35,4.2,1,LOW
2026-09-13T14:46:15.382+08:00,RUN_20260913_121444,129,9185353,SESSION_007,0,0,8190,4,32.41,62.31,1005.35,4.2,1,LOW
2026-09-13T14:46:16.385+08:00,RUN_20260913_121444,130,9186356,SESSION_007,1,0,8190,4,32.41,62.32,1005.35,4.2,1,LOW
2026-09-13T14:46:17.570+08:00,RUN_20260913_121444,131,9187541,SESSION_007,1,0,8190,4,32.41,62.38,1005.35,4.2,1,LOW
2026-09-13T14:46:18.393+08:00,RUN_20260913_121444,132,9188364,SESSION_007,0,0,8190,4,32.41,62.3,1005.35,4.2,1,LOW
2026-09-13T14:46:19.396+08:00,RUN_20260913_121444,133,9189367,SESSION_007,0,0,8190,4,32.41,62.35,1005.35,4.2,1,LOW
2026-09-13T14:46:20.399+08:00,RUN_20260913_121444,134,9190370,SESSION_007,1,0,8190,4,32.41,62.24,1005.35,4.2,1,LOW
2026-09-13T14:46:21.402+08:00,RUN_20260913_121444,135,9191373,SESSION_007,1,0,8190,4,32.41,62.25,1005.35,4.2,1,LOW
2026-09-13T14:46:22.405+08:00,RUN_20260913_121444,136,9192376,SESSION_007,0,0,8190,4,32.41,62.32,1005.34,4.2,1,LOW
2026-09-13T14:46:23.408+08:00,RUN_20260913_121444,137,9193379,SESSION_007,0,0,8190,4,32.41,62.37,1005.34,4.2,1,LOW
2026-09-13T14:46:24.411+08:00,RUN_20260913_121444,138,9194382,SESSION_007,0,0,8190,4,32.41,62.29,1005.34,4.2,1,LOW
2026-09-13T14:46:25.414+08:00,RUN_20260913_121444,139,9195385,SESSION_007,0,0,8190,4,32.41,62.28,1005.33,4.2,1,LOW
2026-09-13T14:46:26.417+08:00,RUN_20260913_121444,140,9196388,SESSION_007,0,0,8190,4,32.4,62.25,1005.33,4.2,1,LOW
2026-09-13T14:46:27.420+08:00,RUN_20260913_121444,141,9197391,SESSION_007,0,0,8190,4,32.4,62.26,1005.33,4.2,1,LOW
2026-09-13T14:46:28.605+08:00,RUN_20260913_121444,142,9198576,SESSION_007,0,0,8190,4,32.41,62.24,1005.33,4.2,1,LOW
2026-09-13T14:46:29.610+08:00,RUN_20260913_121444,143,9199581,SESSION_007,0,0,8190,4,32.41,62.3,1005.34,4.2,1,LOW
2026-09-13T14:46:30.433+08:00,RUN_20260913_121444,144,9200404,SESSION_007,0,0,8190,4,32.41,62.26,1005.34,4.2,1,LOW
2026-09-13T14:46:31.436+08:00,RUN_20260913_121444,145,9201407,SESSION_007,0,0,8190,4,32.4,62.32,1005.34,4.2,1,LOW
2026-09-13T14:46:32.621+08:00,RUN_20260913_121444,146,9202592,SESSION_007,0,0,8190,4,32.4,62.26,1005.34,4.2,1,LOW
2026-09-13T14:46:33.626+08:00,RUN_20260913_121444,147,9203597,SESSION_007,0,0,8190,4,32.41,62.26,1005.35,4.2,1,LOW
2026-09-13T14:46:34.631+08:00,RUN_20260913_121444,148,9204602,SESSION_007,0,0,8190,4,32.4,62.3,1005.34,4.2,1,LOW
2026-09-13T14:46:35.454+08:00,RUN_20260913_121444,149,9205425,SESSION_007,1,0,8190,4,32.4,62.29,1005.34,4.2,1,LOW
2026-09-13T14:46:36.457+08:00,RUN_20260913_121444,150,9206428,SESSION_007,0,0,8190,4,32.4,62.25,1005.34,4.2,1,LOW
2026-09-13T14:46:37.460+08:00,RUN_20260913_121444,151,9207431,SESSION_007,0,0,8190,4,32.4,62.38,1005.34,4.2,1,LOW
2026-09-13T14:46:38.463+08:00,RUN_20260913_121444,152,9208434,SESSION_007,0,0,8190,4,32.4,62.3,1005.35,4.2,1,LOW
2026-09-13T14:46:39.466+08:00,RUN_20260913_121444,153,9209437,SESSION_007,0,0,8190,4,32.4,62.4,1005.35,4.2,1,LOW
2026-09-13T14:46:40.651+08:00,RUN_20260913_121444,154,9210622,SESSION_007,0,0,8190,4,32.4,62.41,1005.35,4.2,1,LOW
2026-09-13T14:46:41.656+08:00,RUN_20260913_121444,155,9211627,SESSION_007,0,0,8190,4,32.4,62.42,1005.35,4.2,1,LOW
2026-09-13T14:46:42.479+08:00,RUN_20260913_121444,156,9212450,SESSION_007,0,0,8190,4,32.4,62.42,1005.35,4.2,1,LOW
2026-09-13T14:46:43.664+08:00,RUN_20260913_121444,157,9213635,SESSION_007,0,0,8190,4,32.4,62.4,1005.35,4.2,1,LOW
2026-09-13T14:46:44.487+08:00,RUN_20260913_121444,158,9214458,SESSION_007,0,0,8190,4,32.4,62.41,1005.34,4.2,1,LOW
2026-09-13T14:46:45.490+08:00,RUN_20260913_121444,159,9215461,SESSION_007,0,0,8190,4,32.41,62.44,1005.35,4.2,1,LOW
2026-09-13T14:46:46.675+08:00,RUN_20260913_121444,160,9216646,SESSION_007,0,0,8190,4,32.41,62.38,1005.35,4.2,1,LOW
2026-09-13T14:46:47.680+08:00,RUN_20260913_121444,161,9217651,SESSION_007,0,0,8190,4,32.41,62.37,1005.34,4.2,1,LOW
2026-09-13T14:46:48.503+08:00,RUN_20260913_121444,162,9218474,SESSION_007,0,0,8190,4,32.41,62.44,1005.34,4.2,1,LOW
2026-09-13T14:46:49.688+08:00,RUN_20260913_121444,163,9219659,SESSION_007,0,0,8191,2,32.41,62.44,1005.34,4.2,1,LOW
2026-09-13T14:46:50.693+08:00,RUN_20260913_121444,164,9220664,SESSION_007,0,0,8190,4,32.41,62.4,1005.34,4.2,1,LOW
2026-09-13T14:46:51.698+08:00,RUN_20260913_121444,165,9221669,SESSION_007,1,0,8190,4,32.4,62.4,1005.33,4.2,1,LOW
2026-09-13T14:46:52.703+08:00,RUN_20260913_121444,166,9222674,SESSION_007,0,0,8190,4,32.4,62.49,1005.33,4.2,1,LOW
2026-09-13T14:46:53.708+08:00,RUN_20260913_121444,167,9223679,SESSION_007,0,0,499,0,32.41,62.5,1005.33,4.2,1,LOW
2026-09-13T14:46:54.713+08:00,RUN_20260913_121444,168,9224684,SESSION_007,0,1,598,0,32.41,62.49,1005.33,4.2,1,LOW
2026-09-13T14:46:55.718+08:00,RUN_20260913_121444,169,9225689,SESSION_007,0,1,8191,2,32.41,62.4,1005.33,4.2,1,LOW
2026-09-13T14:46:56.723+08:00,RUN_20260913_121444,170,9226694,SESSION_007,0,0,8191,2,32.41,62.48,1005.33,4.2,1,LOW
2026-09-13T14:46:57.728+08:00,RUN_20260913_121444,171,9227699,SESSION_007,0,0,8191,2,32.41,62.49,1005.33,4.2,1,LOW
2026-09-13T14:46:58.733+08:00,RUN_20260913_121444,172,9228704,SESSION_007,0,0,8191,2,32.41,62.53,1005.33,4.2,1,LOW
2026-09-13T14:46:59.738+08:00,RUN_20260913_121444,173,9229709,SESSION_007,0,1,8191,2,32.41,62.49,1005.33,4.2,1,LOW
2026-09-13T14:47:00.743+08:00,RUN_20260913_121444,174,9230714,SESSION_007,0,1,634,0,32.41,62.66,1005.33,4.2,1,LOW
2026-09-13T14:47:01.748+08:00,RUN_20260913_121444,175,9231719,SESSION_007,0,0,636,0,32.41,62.92,1005.33,4.2,1,LOW
2026-09-13T14:47:02.753+08:00,RUN_20260913_121444,176,9232724,SESSION_007,0,0,8191,2,32.41,62.84,1005.33,4.2,1,LOW
2026-09-13T14:47:03.758+08:00,RUN_20260913_121444,177,9233729,SESSION_007,0,0,8191,2,32.41,62.93,1005.33,4.2,1,LOW
2026-09-13T14:47:04.763+08:00,RUN_20260913_121444,178,9234734,SESSION_007,0,1,322,0,32.41,62.98,1005.33,4.2,1,LOW
2026-09-13T14:47:05.768+08:00,RUN_20260913_121444,179,9235739,SESSION_007,0,0,430,0,32.41,62.89,1005.33,4.2,1,LOW
2026-09-13T14:47:06.773+08:00,RUN_20260913_121444,180,9236744,SESSION_007,0,0,8190,4,32.41,62.91,1005.34,4.2,1,LOW
2026-09-13T14:47:07.778+08:00,RUN_20260913_121444,181,9237749,SESSION_007,0,1,283,0,32.41,62.9,1005.34,4.2,1,LOW
2026-09-13T14:47:08.783+08:00,RUN_20260913_121444,182,9238754,SESSION_007,0,0,301,0,32.41,62.85,1005.34,4.2,1,LOW
2026-09-13T14:47:09.788+08:00,RUN_20260913_121444,183,9239759,SESSION_007,0,0,502,0,32.41,62.77,1005.34,4.2,1,LOW
2026-09-13T14:47:10.793+08:00,RUN_20260913_121444,184,9240764,SESSION_007,0,1,394,0,32.41,62.86,1005.34,4.2,1,LOW
2026-09-13T14:47:11.798+08:00,RUN_20260913_121444,185,9241769,SESSION_007,0,1,851,0,32.41,62.79,1005.34,4.2,1,LOW
2026-09-13T14:47:12.803+08:00,RUN_20260913_121444,186,9242774,SESSION_007,0,0,737,0,32.41,62.75,1005.34,4.2,1,LOW
2026-09-13T14:47:13.808+08:00,RUN_20260913_121444,187,9243779,SESSION_007,0,0,757,1,32.41,62.75,1005.34,4.2,1,LOW
2026-09-13T14:47:14.813+08:00,RUN_20260913_121444,188,9244784,SESSION_007,0,1,8190,4,32.41,62.77,1005.34,4.2,1,LOW
2026-09-13T14:47:15.818+08:00,RUN_20260913_121444,189,9245789,SESSION_007,0,0,8191,2,32.41,62.85,1005.34,4.2,1,LOW
2026-09-13T14:47:16.823+08:00,RUN_20260913_121444,190,9246794,SESSION_007,0,0,8191,2,32.41,62.86,1005.34,4.2,1,LOW
2026-09-13T14:47:17.828+08:00,RUN_20260913_121444,191,9247799,SESSION_007,0,0,8191,2,32.41,62.9,1005.35,4.2,1,LOW
2026-09-13T14:47:18.833+08:00,RUN_20260913_121444,192,9248804,SESSION_007,0,0,8191,2,32.41,62.92,1005.35,4.2,1,LOW
2026-09-13T14:47:19.838+08:00,RUN_20260913_121444,193,9249809,SESSION_007,0,0,8191,2,32.41,62.97,1005.34,4.2,1,LOW
2026-09-13T14:47:20.843+08:00,RUN_20260913_121444,194,9250814,SESSION_007,0,0,8191,2,32.41,63.03,1005.35,4.2,1,LOW
2026-09-13T14:47:21.848+08:00,RUN_20260913_121444,195,9251819,SESSION_007,0,0,973,0,32.42,62.96,1005.35,4.2,1,LOW
2026-09-13T14:47:22.853+08:00,RUN_20260913_121444,196,9252824,SESSION_007,0,0,8190,4,32.42,62.93,1005.35,4.2,1,LOW
2026-09-13T14:47:23.858+08:00,RUN_20260913_121444,197,9253829,SESSION_007,0,0,8191,2,32.42,62.92,1005.35,4.2,1,LOW
2026-09-13T14:47:24.863+08:00,RUN_20260913_121444,198,9254834,SESSION_007,0,0,8191,2,32.42,62.96,1005.35,4.2,1,LOW
2026-09-13T14:47:25.868+08:00,RUN_20260913_121444,199,9255839,SESSION_007,0,0,584,0,32.42,62.84,1005.35,4.2,1,LOW
2026-09-13T14:47:26.873+08:00,RUN_20260913_121444,200,9256844,SESSION_007,0,0,577,0,32.42,62.91,1005.35,4.2,1,LOW
2026-09-13T14:47:27.878+08:00,RUN_20260913_121444,201,9257849,SESSION_007,0,0,551,0,32.42,62.88,1005.35,4.2,1,LOW
2026-09-13T14:47:28.883+08:00,RUN_20260913_121444,202,9258854,SESSION_007,0,0,561,0,32.42,62.79,1005.36,4.2,1,LOW
2026-09-13T14:47:29.888+08:00,RUN_20260913_121444,203,9259859,SESSION_007,0,0,572,0,32.42,62.84,1005.35,4.2,1,LOW
2026-09-13T14:47:30.893+08:00,RUN_20260913_121444,204,9260864,SESSION_007,0,0,572,0,32.42,62.74,1005.35,4.2,1,LOW
2026-09-13T14:47:31.898+08:00,RUN_20260913_121444,205,9261869,SESSION_007,0,0,613,0,32.42,62.79,1005.35,4.2,1,LOW
2026-09-13T14:47:32.903+08:00,RUN_20260913_121444,206,9262874,SESSION_007,0,0,714,0,32.42,62.77,1005.35,4.2,1,LOW
2026-09-13T14:47:33.908+08:00,RUN_20260913_121444,207,9263879,SESSION_007,0,0,813,0,32.42,62.66,1005.36,4.2,1,LOW
2026-09-13T14:47:34.913+08:00,RUN_20260913_121444,208,9264884,SESSION_007,0,0,753,0,32.42,62.67,1005.36,4.2,1,LOW
2026-09-13T14:47:35.918+08:00,RUN_20260913_121444,209,9265889,SESSION_007,0,1,674,0,32.42,62.65,1005.36,4.2,1,LOW
2026-09-13T14:47:36.923+08:00,RUN_20260913_121444,210,9266894,SESSION_007,0,1,710,0,32.42,62.65,1005.36,4.2,1,LOW
2026-09-13T14:47:37.928+08:00,RUN_20260913_121444,211,9267899,SESSION_007,0,1,677,0,32.42,62.7,1005.36,4.2,1,LOW
2026-09-13T14:47:38.933+08:00,RUN_20260913_121444,212,9268904,SESSION_007,0,1,645,0,32.42,62.65,1005.35,4.2,1,LOW
2026-09-13T14:47:39.938+08:00,RUN_20260913_121444,213,9269909,SESSION_007,0,0,530,0,32.42,62.7,1005.35,4.2,1,LOW
2026-09-13T14:47:40.943+08:00,RUN_20260913_121444,214,9270914,SESSION_007,0,0,536,0,32.42,62.62,1005.35,4.2,1,LOW
2026-09-13T14:47:41.948+08:00,RUN_20260913_121444,215,9271919,SESSION_007,0,0,575,0,32.42,62.7,1005.35,4.2,1,LOW
2026-09-13T14:47:42.953+08:00,RUN_20260913_121444,216,9272924,SESSION_007,0,1,8190,4,32.42,62.77,1005.36,4.2,1,LOW
2026-09-13T14:47:43.776+08:00,RUN_20260913_121444,217,9273747,SESSION_007,0,1,8190,4,32.42,62.8,1005.36,4.2,1,LOW
2026-09-13T14:47:44.779+08:00,RUN_20260913_121444,218,9274750,SESSION_007,0,1,8190,4,32.42,62.97,1005.37,4.2,1,LOW
2026-09-13T14:47:45.782+08:00,RUN_20260913_121444,219,9275753,SESSION_007,0,1,8190,4,32.42,63.03,1005.37,4.2,1,LOW
2026-09-13T14:47:46.785+08:00,RUN_20260913_121444,220,9276756,SESSION_007,0,1,8190,4,32.42,63,1005.36,4.2,1,LOW
2026-09-13T14:47:47.788+08:00,RUN_20260913_121444,221,9277759,SESSION_007,0,0,8190,4,32.42,62.97,1005.36,4.2,1,LOW
2026-09-13T14:47:48.791+08:00,RUN_20260913_121444,222,9278762,SESSION_007,0,0,8190,4,32.43,62.92,1005.37,4.2,1,LOW
2026-09-13T14:47:49.794+08:00,RUN_20260913_121444,223,9279765,SESSION_007,0,0,8190,4,32.43,62.92,1005.37,4.2,1,LOW
2026-09-13T14:47:50.797+08:00,RUN_20260913_121444,224,9280768,SESSION_007,0,0,8190,4,32.43,62.96,1005.37,4.2,1,LOW
2026-09-13T14:47:51.800+08:00,RUN_20260913_121444,225,9281771,SESSION_007,0,0,8190,4,32.43,62.85,1005.37,4.2,1,LOW
2026-09-13T14:47:52.803+08:00,RUN_20260913_121444,226,9282774,SESSION_007,0,0,8190,4,32.43,62.84,1005.37,4.2,1,LOW
2026-09-13T14:47:53.988+08:00,RUN_20260913_121444,227,9283959,SESSION_007,0,0,8190,4,32.43,62.79,1005.37,4.2,1,LOW
2026-09-13T14:47:54.811+08:00,RUN_20260913_121444,228,9284782,SESSION_007,0,0,8190,4,32.43,62.82,1005.37,4.2,1,LOW
2026-09-13T14:47:55.814+08:00,RUN_20260913_121444,229,9285785,SESSION_007,0,0,8190,4,32.43,62.79,1005.37,4.2,1,LOW
2026-09-13T14:47:56.817+08:00,RUN_20260913_121444,230,9286788,SESSION_007,0,0,8190,4,32.43,62.71,1005.37,4.2,1,LOW
2026-09-13T14:47:57.820+08:00,RUN_20260913_121444,231,9287791,SESSION_007,0,0,8190,4,32.43,62.67,1005.37,4.2,1,LOW
2026-09-13T14:47:59.005+08:00,RUN_20260913_121444,232,9288976,SESSION_007,0,0,8190,4,32.43,62.76,1005.37,4.2,1,LOW
2026-09-13T14:47:59.828+08:00,RUN_20260913_121444,233,9289799,SESSION_007,0,1,8190,4,32.43,62.65,1005.37,4.2,1,LOW
2026-09-13T14:48:00.831+08:00,RUN_20260913_121444,234,9290802,SESSION_007,0,0,8190,4,32.43,62.64,1005.37,4.2,1,LOW
2026-09-13T14:48:02.016+08:00,RUN_20260913_121444,235,9291987,SESSION_007,0,0,8190,4,32.43,62.64,1005.37,4.2,1,LOW
2026-09-13T14:48:02.839+08:00,RUN_20260913_121444,236,9292810,SESSION_007,0,0,8190,4,32.43,62.66,1005.36,4.2,1,LOW
2026-09-13T14:48:03.842+08:00,RUN_20260913_121444,237,9293813,SESSION_007,0,1,8190,4,32.43,62.68,1005.36,4.2,1,LOW
2026-09-13T14:48:04.845+08:00,RUN_20260913_121444,238,9294816,SESSION_007,0,1,8190,4,32.43,62.6,1005.36,4.2,1,LOW
2026-09-13T14:48:05.848+08:00,RUN_20260913_121444,239,9295819,SESSION_007,0,1,8190,4,32.43,62.61,1005.36,4.2,1,LOW
2026-09-13T14:48:07.033+08:00,RUN_20260913_121444,240,9297004,SESSION_007,0,1,8190,4,32.43,62.62,1005.36,4.2,1,LOW
2026-09-13T14:48:08.038+08:00,RUN_20260913_121444,241,9298009,SESSION_007,0,0,392,0,32.43,62.61,1005.36,4.2,1,LOW
2026-09-13T14:48:09.043+08:00,RUN_20260913_121444,242,9299014,SESSION_007,0,0,729,0,32.43,62.57,1005.36,4.2,1,LOW
2026-09-13T14:48:09.866+08:00,RUN_20260913_121444,243,9299837,SESSION_007,0,0,8190,4,32.43,62.68,1005.35,4.2,1,LOW
2026-09-13T14:48:10.869+08:00,RUN_20260913_121444,244,9300840,SESSION_007,1,1,8190,4,32.43,62.66,1005.35,4.2,1,LOW
2026-09-13T14:48:11.872+08:00,RUN_20260913_121444,245,9301843,SESSION_007,1,0,8190,4,32.43,62.66,1005.35,4.2,1,LOW
2026-09-13T14:48:12.875+08:00,RUN_20260913_121444,246,9302846,SESSION_007,0,0,8190,4,32.43,62.65,1005.35,4.2,1,LOW
2026-09-13T14:48:13.878+08:00,RUN_20260913_121444,247,9303849,SESSION_007,0,0,8190,4,32.43,62.57,1005.35,4.2,1,LOW
2026-09-13T14:48:14.881+08:00,RUN_20260913_121444,248,9304852,SESSION_007,0,0,8190,4,32.43,62.55,1005.35,4.2,1,LOW
2026-09-13T14:48:15.884+08:00,RUN_20260913_121444,249,9305855,SESSION_007,1,0,8190,4,32.43,62.64,1005.35,4.2,1,LOW
2026-09-13T14:48:16.887+08:00,RUN_20260913_121444,250,9306858,SESSION_007,0,0,8190,4,32.43,62.54,1005.35,4.2,1,LOW
2026-09-13T14:48:18.072+08:00,RUN_20260913_121444,251,9308043,SESSION_007,0,0,8190,4,32.43,62.49,1005.35,4.2,1,LOW
2026-09-13T14:48:18.895+08:00,RUN_20260913_121444,252,9308866,SESSION_007,1,0,8190,4,32.43,62.59,1005.34,4.2,1,LOW
2026-09-13T14:48:19.898+08:00,RUN_20260913_121444,253,9309869,SESSION_007,1,0,8190,4,32.43,62.52,1005.34,4.2,1,LOW
2026-09-13T14:48:21.083+08:00,RUN_20260913_121444,254,9311054,SESSION_007,0,0,484,0,32.43,62.52,1005.34,4.2,1,LOW
2026-09-13T14:48:21.906+08:00,RUN_20260913_121444,255,9311877,SESSION_007,0,1,8190,4,32.43,62.58,1005.34,4.2,1,LOW
2026-09-13T14:48:22.909+08:00,RUN_20260913_121444,256,9312880,SESSION_007,1,1,8190,4,32.43,62.65,1005.34,4.2,1,LOW
2026-09-13T14:48:23.912+08:00,RUN_20260913_121444,257,9313883,SESSION_007,0,1,8190,4,32.43,62.76,1005.34,4.2,1,LOW
2026-09-13T14:48:24.915+08:00,RUN_20260913_121444,258,9314886,SESSION_007,0,0,8190,4,32.43,62.77,1005.34,4.2,1,LOW
2026-09-13T14:48:25.918+08:00,RUN_20260913_121444,259,9315889,SESSION_007,0,0,8190,4,32.43,62.86,1005.34,4.2,1,LOW
2026-09-13T14:48:26.921+08:00,RUN_20260913_121444,260,9316892,SESSION_007,0,1,8190,4,32.43,62.78,1005.33,4.2,1,LOW
2026-09-13T14:48:27.924+08:00,RUN_20260913_121444,261,9317895,SESSION_007,0,0,8190,4,32.43,62.78,1005.33,4.2,1,LOW
2026-09-13T14:48:28.927+08:00,RUN_20260913_121444,262,9318898,SESSION_007,0,0,8190,4,32.43,62.77,1005.33,4.2,1,LOW
2026-09-13T14:48:30.112+08:00,RUN_20260913_121444,263,9320083,SESSION_007,0,1,8190,4,32.43,62.75,1005.33,4.2,1,LOW
2026-09-13T14:48:30.935+08:00,RUN_20260913_121444,264,9320906,SESSION_007,0,1,8190,4,32.43,62.72,1005.33,4.2,1,LOW
2026-09-13T14:48:32.120+08:00,RUN_20260913_121444,265,9322091,SESSION_007,0,0,8190,4,32.43,62.76,1005.33,4.2,1,LOW
2026-09-13T14:48:32.943+08:00,RUN_20260913_121444,266,9322914,SESSION_007,0,0,8190,4,32.43,62.68,1005.32,4.2,1,LOW
2026-09-13T14:48:34.128+08:00,RUN_20260913_121444,267,9324099,SESSION_007,1,0,8190,4,32.43,62.76,1005.32,4.2,1,LOW
2026-09-13T14:48:34.951+08:00,RUN_20260913_121444,268,9324922,SESSION_007,0,1,8190,4,32.43,62.72,1005.32,4.2,1,LOW
2026-09-13T14:48:35.954+08:00,RUN_20260913_121444,269,9325925,SESSION_007,0,0,8190,4,32.43,62.7,1005.32,4.2,1,LOW
2026-09-13T14:48:37.139+08:00,RUN_20260913_121444,270,9327110,SESSION_007,1,0,8190,4,32.43,62.61,1005.32,4.2,1,LOW
2026-09-13T14:48:37.962+08:00,RUN_20260913_121444,271,9327933,SESSION_007,0,0,8190,4,32.43,62.67,1005.32,4.2,1,LOW
2026-09-13T14:48:39.147+08:00,RUN_20260913_121444,272,9329118,SESSION_007,0,0,8190,4,32.43,62.57,1005.32,4.2,1,LOW
2026-09-13T14:48:39.970+08:00,RUN_20260913_121444,273,9329941,SESSION_007,0,0,8190,4,32.43,62.55,1005.32,4.2,1,LOW
2026-09-13T14:48:40.973+08:00,RUN_20260913_121444,274,9330944,SESSION_007,1,1,8190,4,32.43,62.54,1005.32,4.2,1,LOW
2026-09-13T14:48:41.976+08:00,RUN_20260913_121444,275,9331947,SESSION_007,0,1,8190,4,32.43,62.64,1005.32,4.2,1,LOW
2026-09-13T14:48:42.979+08:00,RUN_20260913_121444,276,9332950,SESSION_007,0,1,8190,4,32.43,62.63,1005.32,4.2,1,LOW
2026-09-13T14:48:44.164+08:00,RUN_20260913_121444,277,9334135,SESSION_007,0,0,8190,4,32.43,62.55,1005.31,4.2,1,LOW
2026-09-13T14:48:44.987+08:00,RUN_20260913_121444,278,9334958,SESSION_007,0,0,8190,4,32.43,62.58,1005.31,4.2,1,LOW
2026-09-13T14:48:45.990+08:00,RUN_20260913_121444,279,9335961,SESSION_007,0,1,8190,4,32.43,62.58,1005.31,4.2,1,LOW
2026-09-13T14:48:46.993+08:00,RUN_20260913_121444,280,9336964,SESSION_007,0,1,8190,4,32.43,62.67,1005.31,4.2,1,LOW
2026-09-13T14:48:47.996+08:00,RUN_20260913_121444,281,9337967,SESSION_007,0,0,8190,4,32.43,62.62,1005.31,4.2,1,LOW
2026-09-13T14:48:48.999+08:00,RUN_20260913_121444,282,9338970,SESSION_007,0,0,8190,4,32.43,62.54,1005.31,4.2,1,LOW
2026-09-13T14:48:50.184+08:00,RUN_20260913_121444,283,9340155,SESSION_007,0,0,8190,4,32.43,62.54,1005.31,4.2,1,LOW
2026-09-13T14:48:51.007+08:00,RUN_20260913_121444,284,9340978,SESSION_007,0,1,8190,4,32.43,62.59,1005.3,4.2,1,LOW
2026-09-13T14:48:52.010+08:00,RUN_20260913_121444,285,9341981,SESSION_007,0,1,8190,4,32.43,62.57,1005.3,4.2,1,LOW
2026-09-13T14:48:53.195+08:00,RUN_20260913_121444,286,9343166,SESSION_007,0,0,8190,4,32.43,62.6,1005.3,4.2,1,LOW
2026-09-13T14:48:54.200+08:00,RUN_20260913_121444,287,9344171,SESSION_007,0,0,498,0,32.43,62.68,1005.3,4.2,1,LOW
2026-09-13T14:48:55.023+08:00,RUN_20260913_121444,288,9344994,SESSION_007,0,0,8190,4,32.43,62.7,1005.3,4.2,1,LOW
2026-09-13T14:48:56.026+08:00,RUN_20260913_121444,289,9345997,SESSION_007,0,1,8190,4,32.43,62.62,1005.3,4.2,1,LOW
2026-09-13T14:48:57.029+08:00,RUN_20260913_121444,290,9347000,SESSION_007,1,1,8190,4,32.43,62.58,1005.3,4.2,1,LOW
2026-09-13T14:48:58.032+08:00,RUN_20260913_121444,291,9348003,SESSION_007,0,0,8190,4,32.43,62.55,1005.3,4.2,1,LOW
2026-09-13T14:48:59.035+08:00,RUN_20260913_121444,292,9349006,SESSION_007,1,0,8190,4,32.43,62.58,1005.3,4.2,1,LOW
2026-09-13T14:49:00.038+08:00,RUN_20260913_121444,293,9350009,SESSION_007,1,0,8190,4,32.43,62.58,1005.31,4.2,1,LOW
2026-09-13T14:49:01.041+08:00,RUN_20260913_121444,294,9351012,SESSION_007,0,0,8190,4,32.43,62.6,1005.31,4.2,1,LOW
2026-09-13T14:49:02.044+08:00,RUN_20260913_121444,295,9352015,SESSION_007,1,0,8190,4,32.43,62.7,1005.3,4.2,1,LOW
2026-09-13T14:49:03.047+08:00,RUN_20260913_121444,296,9353018,SESSION_007,0,0,8190,4,32.43,62.77,1005.3,4.2,1,LOW
2026-09-13T14:49:04.050+08:00,RUN_20260913_121444,297,9354021,SESSION_007,0,0,8190,4,32.43,62.76,1005.3,4.2,1,LOW
2026-09-13T14:49:05.053+08:00,RUN_20260913_121444,298,9355024,SESSION_007,1,0,8190,4,32.43,62.67,1005.3,4.2,1,LOW
2026-09-13T14:49:06.056+08:00,RUN_20260913_121444,299,9356027,SESSION_007,1,0,8190,4,32.43,62.66,1005.3,4.2,1,LOW
2026-09-13T14:49:07.059+08:00,RUN_20260913_121444,300,9357030,SESSION_007,0,0,8190,4,32.43,62.71,1005.3,4.2,1,LOW
2026-09-13T14:49:08.062+08:00,RUN_20260913_121444,301,9358033,SESSION_007,0,0,8190,4,32.43,62.77,1005.3,4.2,1,LOW
2026-09-13T14:49:09.065+08:00,RUN_20260913_121444,302,9359036,SESSION_007,1,0,8190,4,32.43,62.81,1005.3,4.2,1,LOW
2026-09-13T14:49:10.250+08:00,RUN_20260913_121444,303,9360221,SESSION_007,1,0,633,0,32.43,62.81,1005.3,4.2,1,LOW
2026-09-13T14:49:11.255+08:00,RUN_20260913_121444,304,9361226,SESSION_007,0,0,545,0,32.43,62.88,1005.3,4.2,1,LOW
2026-09-13T14:49:12.078+08:00,RUN_20260913_121444,305,9362049,SESSION_007,0,1,8190,4,32.43,62.76,1005.3,4.2,1,LOW
2026-09-13T14:49:13.081+08:00,RUN_20260913_121444,306,9363052,SESSION_007,0,1,8190,4,32.43,62.84,1005.29,4.2,1,LOW
2026-09-13T14:49:14.084+08:00,RUN_20260913_121444,307,9364055,SESSION_007,0,0,8190,4,32.43,62.85,1005.29,4.2,1,LOW
2026-09-13T14:49:15.087+08:00,RUN_20260913_121444,308,9365058,SESSION_007,0,0,8190,4,32.43,62.78,1005.29,4.2,1,LOW
2026-09-13T14:49:16.272+08:00,RUN_20260913_121444,309,9366243,SESSION_007,0,1,8190,4,32.43,62.81,1005.29,4.2,1,LOW
2026-09-13T14:49:17.095+08:00,RUN_20260913_121444,310,9367066,SESSION_007,0,1,8190,4,32.43,62.75,1005.29,4.2,1,LOW
2026-09-13T14:49:18.098+08:00,RUN_20260913_121444,311,9368069,SESSION_007,0,1,8190,4,32.43,62.69,1005.28,4.2,1,LOW
2026-09-13T14:49:19.283+08:00,RUN_20260913_121444,312,9369254,SESSION_007,0,0,528,0,32.43,62.71,1005.28,4.2,1,LOW
2026-09-13T14:49:20.288+08:00,RUN_20260913_121444,313,9370259,SESSION_007,0,0,569,0,32.43,62.7,1005.28,4.2,1,LOW
2026-09-13T14:49:21.293+08:00,RUN_20260913_121444,314,9371264,SESSION_007,0,0,8190,4,32.43,62.7,1005.28,4.2,1,LOW
2026-09-13T14:49:22.116+08:00,RUN_20260913_121444,315,9372087,SESSION_007,0,1,8190,4,32.43,62.63,1005.28,4.2,1,LOW
2026-09-13T14:49:23.119+08:00,RUN_20260913_121444,316,9373090,SESSION_007,1,1,8190,4,32.43,62.65,1005.28,4.2,1,LOW
2026-09-13T14:49:24.122+08:00,RUN_20260913_121444,317,9374093,SESSION_007,0,0,8190,4,32.43,62.71,1005.27,4.2,1,LOW
2026-09-13T14:49:25.125+08:00,RUN_20260913_121444,318,9375096,SESSION_007,0,0,8190,4,32.43,62.7,1005.27,4.2,1,LOW
2026-09-13T14:49:26.128+08:00,RUN_20260913_121444,319,9376099,SESSION_007,0,0,8190,4,32.43,62.7,1005.27,4.2,1,LOW
2026-09-13T14:49:27.131+08:00,RUN_20260913_121444,320,9377102,SESSION_007,0,0,8190,4,32.43,62.69,1005.27,4.2,1,LOW
2026-09-13T14:49:28.134+08:00,RUN_20260913_121444,321,9378105,SESSION_007,1,0,8190,4,32.43,62.67,1005.27,4.2,1,LOW
2026-09-13T14:49:29.137+08:00,RUN_20260913_121444,322,9379108,SESSION_007,1,0,8190,4,32.43,62.66,1005.26,4.2,1,LOW
2026-09-13T14:49:30.140+08:00,RUN_20260913_121444,323,9380111,SESSION_007,1,0,8190,4,32.43,62.71,1005.26,4.2,1,LOW
2026-09-13T14:49:31.143+08:00,RUN_20260913_121444,324,9381114,SESSION_007,0,0,8190,4,32.43,62.65,1005.26,4.2,1,LOW
2026-09-13T14:49:32.328+08:00,RUN_20260913_121444,325,9382299,SESSION_007,0,0,8190,4,32.43,62.65,1005.26,4.2,1,LOW
2026-09-13T14:49:33.333+08:00,RUN_20260913_121444,326,9383304,SESSION_007,0,0,929,0,32.43,62.66,1005.26,4.2,1,LOW
2026-09-13T14:49:34.156+08:00,RUN_20260913_121444,327,9384127,SESSION_007,0,0,8190,4,32.43,62.69,1005.26,4.2,1,LOW
2026-09-13T14:49:35.159+08:00,RUN_20260913_121444,328,9385130,SESSION_007,0,0,8190,4,32.43,62.73,1005.26,4.2,1,LOW
2026-09-13T14:49:36.162+08:00,RUN_20260913_121444,329,9386133,SESSION_007,0,1,8190,4,32.43,62.71,1005.26,4.2,1,LOW
2026-09-13T14:49:37.165+08:00,RUN_20260913_121444,330,9387136,SESSION_007,0,0,8190,4,32.43,62.71,1005.26,4.2,1,LOW
2026-09-13T14:49:38.168+08:00,RUN_20260913_121444,331,9388139,SESSION_007,0,0,8190,4,32.43,62.72,1005.26,4.2,1,LOW
2026-09-13T14:49:39.171+08:00,RUN_20260913_121444,332,9389142,SESSION_007,0,0,8190,4,32.43,62.72,1005.25,4.2,1,LOW
2026-09-13T14:49:40.174+08:00,RUN_20260913_121444,333,9390145,SESSION_007,0,0,8190,4,32.43,62.82,1005.26,4.2,1,LOW
2026-09-13T14:49:41.177+08:00,RUN_20260913_121444,334,9391148,SESSION_007,0,0,8190,4,32.43,62.73,1005.26,4.2,1,LOW
2026-09-13T14:49:42.362+08:00,RUN_20260913_121444,335,9392333,SESSION_007,0,0,8190,4,32.43,62.76,1005.26,4.2,1,LOW
2026-09-13T14:49:43.185+08:00,RUN_20260913_121444,336,9393156,SESSION_007,0,0,8190,4,32.43,62.75,1005.25,4.2,1,LOW
2026-09-13T14:49:44.188+08:00,RUN_20260913_121444,337,9394159,SESSION_007,0,0,8190,4,32.43,62.73,1005.25,4.2,1,LOW
2026-09-13T14:49:45.191+08:00,RUN_20260913_121444,338,9395162,SESSION_007,0,0,8190,4,32.43,62.79,1005.25,4.2,1,LOW
2026-09-13T14:49:46.194+08:00,RUN_20260913_121444,339,9396165,SESSION_007,0,0,8190,4,32.43,62.7,1005.25,4.2,1,LOW
2026-09-13T14:49:47.379+08:00,RUN_20260913_121444,340,9397350,SESSION_007,0,0,8190,4,32.43,62.72,1005.25,4.2,1,LOW
2026-09-13T14:49:48.384+08:00,RUN_20260913_121444,341,9398355,SESSION_007,0,0,8190,4,32.43,62.7,1005.25,4.2,1,LOW
2026-09-13T14:49:49.389+08:00,RUN_20260913_121444,342,9399360,SESSION_007,0,0,8190,4,32.43,62.72,1005.25,4.2,1,LOW
2026-09-13T14:49:50.394+08:00,RUN_20260913_121444,343,9400365,SESSION_007,0,0,8190,4,32.43,62.71,1005.25,4.2,1,LOW
2026-09-13T14:49:51.399+08:00,RUN_20260913_121444,344,9401370,SESSION_007,0,0,8190,4,32.43,62.7,1005.25,4.2,1,LOW
2026-09-13T14:49:52.404+08:00,RUN_20260913_121444,345,9402375,SESSION_007,0,0,8190,4,32.43,62.71,1005.25,4.2,1,LOW
2026-09-13T14:49:53.227+08:00,RUN_20260913_121444,346,9403198,SESSION_007,0,0,8190,4,32.43,62.78,1005.24,4.2,1,LOW
2026-09-13T14:49:54.230+08:00,RUN_20260913_121444,347,9404201,SESSION_007,0,0,8190,4,32.43,62.72,1005.24,4.2,1,LOW
2026-09-13T14:49:55.233+08:00,RUN_20260913_121444,348,9405204,SESSION_007,0,0,8190,4,32.43,62.82,1005.25,4.2,1,LOW
2026-09-13T14:49:56.418+08:00,RUN_20260913_121444,349,9406389,SESSION_007,0,1,8190,4,32.43,62.71,1005.25,4.2,1,LOW
2026-09-13T14:49:57.423+08:00,RUN_20260913_121444,350,9407394,SESSION_007,0,0,8190,4,32.43,62.73,1005.25,4.2,1,LOW
2026-09-13T14:49:58.428+08:00,RUN_20260913_121444,351,9408399,SESSION_007,0,0,8190,4,32.43,62.75,1005.24,4.2,1,LOW
2026-09-13T14:49:59.251+08:00,RUN_20260913_121444,352,9409222,SESSION_007,0,1,8190,4,32.43,62.81,1005.24,4.2,1,LOW
2026-09-13T14:50:00.254+08:00,RUN_20260913_121444,353,9410225,SESSION_007,0,1,8190,4,32.43,62.75,1005.24,4.2,1,LOW
2026-09-13T14:50:01.257+08:00,RUN_20260913_121444,354,9411228,SESSION_007,0,1,8190,4,32.43,62.71,1005.24,4.2,1,LOW
2026-09-13T14:50:02.260+08:00,RUN_20260913_121444,355,9412231,SESSION_007,0,1,8190,4,32.43,62.79,1005.24,4.2,1,LOW
2026-09-13T14:50:03.263+08:00,RUN_20260913_121444,356,9413234,SESSION_007,0,0,8190,4,32.43,62.72,1005.24,4.2,1,LOW
2026-09-13T14:50:04.266+08:00,RUN_20260913_121444,357,9414237,SESSION_007,0,0,8190,4,32.44,62.72,1005.25,4.2,1,LOW
2026-09-13T14:50:05.269+08:00,RUN_20260913_121444,358,9415240,SESSION_007,0,1,8190,4,32.44,62.83,1005.25,4.2,1,LOW
2026-09-13T14:50:06.272+08:00,RUN_20260913_121444,359,9416243,SESSION_007,0,1,8190,4,32.44,62.73,1005.25,4.2,1,LOW
2026-09-13T14:50:07.275+08:00,RUN_20260913_121444,360,9417246,SESSION_007,0,1,8190,4,32.44,62.78,1005.25,4.2,1,LOW
2026-09-13T14:50:08.460+08:00,RUN_20260913_121444,361,9418431,SESSION_007,0,1,486,0,32.44,62.78,1005.25,4.2,1,LOW
2026-09-13T14:50:09.465+08:00,RUN_20260913_121444,362,9419436,SESSION_007,0,0,8190,4,32.44,62.71,1005.25,4.2,1,LOW
2026-09-13T14:50:10.288+08:00,RUN_20260913_121444,363,9420259,SESSION_007,0,0,8190,4,32.44,62.76,1005.24,4.2,1,LOW
2026-09-13T14:50:11.291+08:00,RUN_20260913_121444,364,9421262,SESSION_007,0,1,8190,4,32.44,62.79,1005.24,4.2,1,LOW
2026-09-13T14:50:12.294+08:00,RUN_20260913_121444,365,9422265,SESSION_007,0,1,8190,4,32.44,62.9,1005.24,4.2,1,LOW
2026-09-13T14:50:13.297+08:00,RUN_20260913_121444,366,9423268,SESSION_007,0,0,8190,4,32.44,62.84,1005.24,4.2,1,LOW
2026-09-13T14:50:14.300+08:00,RUN_20260913_121444,367,9424271,SESSION_007,0,0,8190,4,32.44,62.83,1005.24,4.2,1,LOW
2026-09-13T14:50:15.303+08:00,RUN_20260913_121444,368,9425274,SESSION_007,0,0,8190,4,32.44,62.9,1005.24,4.2,1,LOW
2026-09-13T14:50:16.306+08:00,RUN_20260913_121444,369,9426277,SESSION_007,1,0,8190,4,32.44,62.84,1005.24,4.2,1,LOW
2026-09-13T14:50:17.309+08:00,RUN_20260913_121444,370,9427280,SESSION_007,0,0,8190,4,32.44,62.76,1005.24,4.2,1,LOW
2026-09-13T14:50:18.312+08:00,RUN_20260913_121444,371,9428283,SESSION_007,0,0,8190,4,32.44,62.75,1005.24,4.2,1,LOW
2026-09-13T14:50:19.315+08:00,RUN_20260913_121444,372,9429286,SESSION_007,0,0,8190,4,32.44,62.72,1005.24,4.2,1,LOW
2026-09-13T14:50:20.318+08:00,RUN_20260913_121444,373,9430289,SESSION_007,0,0,8190,4,32.44,62.72,1005.24,4.2,1,LOW
2026-09-13T14:50:21.503+08:00,RUN_20260913_121444,374,9431474,SESSION_007,0,0,8190,4,32.44,62.71,1005.24,4.2,1,LOW
2026-09-13T14:50:22.508+08:00,RUN_20260913_121444,375,9432479,SESSION_007,0,0,8190,4,32.44,62.75,1005.24,4.2,1,LOW
2026-09-13T14:50:23.331+08:00,RUN_20260913_121444,376,9433302,SESSION_007,1,0,8190,4,32.44,62.84,1005.24,4.2,1,LOW
2026-09-13T14:50:24.334+08:00,RUN_20260913_121444,377,9434305,SESSION_007,0,0,8190,4,32.44,62.77,1005.24,4.2,1,LOW
2026-09-13T14:50:25.337+08:00,RUN_20260913_121444,378,9435308,SESSION_007,0,0,8190,4,32.44,62.77,1005.23,4.2,1,LOW
2026-09-13T14:50:26.340+08:00,RUN_20260913_121444,379,9436311,SESSION_007,1,0,8190,4,32.44,62.88,1005.24,4.2,1,LOW
2026-09-13T14:50:27.343+08:00,RUN_20260913_121444,380,9437314,SESSION_007,0,0,8190,4,32.44,62.84,1005.24,4.2,1,LOW
2026-09-13T14:50:28.346+08:00,RUN_20260913_121444,381,9438317,SESSION_007,0,0,8190,4,32.44,62.9,1005.24,4.2,1,LOW
2026-09-13T14:50:29.531+08:00,RUN_20260913_121444,382,9439502,SESSION_007,1,0,563,0,32.44,62.9,1005.23,4.2,1,LOW
2026-09-13T14:50:30.354+08:00,RUN_20260913_121444,383,9440325,SESSION_007,1,0,8190,4,32.44,62.94,1005.23,4.2,1,LOW
2026-09-13T14:50:31.357+08:00,RUN_20260913_121444,384,9441328,SESSION_007,0,1,8190,4,32.44,62.89,1005.23,4.2,1,LOW
2026-09-13T14:50:32.360+08:00,RUN_20260913_121444,385,9442331,SESSION_007,0,0,8190,4,32.44,62.97,1005.23,4.2,1,LOW
2026-09-13T14:50:33.363+08:00,RUN_20260913_121444,386,9443334,SESSION_007,0,0,8190,4,32.44,62.82,1005.23,4.2,1,LOW
2026-09-13T14:50:34.366+08:00,RUN_20260913_121444,387,9444337,SESSION_007,0,1,8190,4,32.44,62.82,1005.23,4.2,1,LOW
2026-09-13T14:50:35.551+08:00,RUN_20260913_121444,388,9445522,SESSION_007,0,1,8190,4,32.44,62.82,1005.23,4.2,1,LOW
2026-09-13T14:50:36.374+08:00,RUN_20260913_121444,389,9446345,SESSION_007,0,0,8190,4,32.44,62.83,1005.23,4.2,1,LOW
2026-09-13T14:50:37.377+08:00,RUN_20260913_121444,390,9447348,SESSION_007,0,0,8190,4,32.44,62.94,1005.23,4.2,1,LOW
2026-09-13T14:50:38.380+08:00,RUN_20260913_121444,391,9448351,SESSION_007,0,1,8190,4,32.44,62.83,1005.24,4.2,1,LOW
2026-09-13T14:50:39.565+08:00,RUN_20260913_121444,392,9449536,SESSION_007,0,1,455,0,32.44,62.79,1005.23,4.2,1,LOW
2026-09-13T14:50:40.570+08:00,RUN_20260913_121444,393,9450541,SESSION_007,0,1,649,0,32.44,62.84,1005.23,4.2,1,LOW
2026-09-13T14:50:41.393+08:00,RUN_20260913_121444,394,9451364,SESSION_007,0,0,8190,4,32.44,62.87,1005.23,4.2,1,LOW
2026-09-13T14:50:42.396+08:00,RUN_20260913_121444,395,9452367,SESSION_007,1,0,8190,4,32.44,62.9,1005.23,4.2,1,LOW
2026-09-13T14:50:43.399+08:00,RUN_20260913_121444,396,9453370,SESSION_007,0,1,8190,4,32.44,62.91,1005.23,4.2,1,LOW
2026-09-13T14:50:44.402+08:00,RUN_20260913_121444,397,9454373,SESSION_007,0,0,8190,4,32.44,62.84,1005.23,4.2,1,LOW
2026-09-13T14:50:45.405+08:00,RUN_20260913_121444,398,9455376,SESSION_007,1,0,8190,4,32.44,62.83,1005.23,4.2,1,LOW
2026-09-13T14:50:46.408+08:00,RUN_20260913_121444,399,9456379,SESSION_007,0,0,8190,4,32.44,62.79,1005.23,4.2,1,LOW
2026-09-13T14:50:47.593+08:00,RUN_20260913_121444,400,9457564,SESSION_007,0,0,509,0,32.44,62.79,1005.23,4.2,1,LOW
2026-09-13T14:50:48.598+08:00,RUN_20260913_121444,401,9458569,SESSION_007,1,0,363,0,32.44,62.84,1005.23,4.2,1,LOW
2026-09-13T14:50:49.603+08:00,RUN_20260913_121444,402,9459574,SESSION_007,1,0,369,0,32.44,62.79,1005.23,4.2,1,LOW
2026-09-13T14:50:50.608+08:00,RUN_20260913_121444,403,9460579,SESSION_007,0,0,457,0,32.44,62.76,1005.23,4.2,1,LOW
2026-09-13T14:50:51.613+08:00,RUN_20260913_121444,404,9461584,SESSION_007,0,0,490,0,32.44,62.76,1005.23,4.2,1,LOW
2026-09-13T14:50:52.618+08:00,RUN_20260913_121444,405,9462589,SESSION_007,0,1,436,0,32.44,62.83,1005.23,4.2,1,LOW
2026-09-13T14:50:53.623+08:00,RUN_20260913_121444,406,9463594,SESSION_007,0,0,450,0,32.44,62.89,1005.23,4.2,1,LOW
2026-09-13T14:50:54.628+08:00,RUN_20260913_121444,407,9464599,SESSION_007,0,0,448,0,32.44,62.82,1005.23,4.2,1,LOW
2026-09-13T14:50:55.633+08:00,RUN_20260913_121444,408,9465604,SESSION_007,0,0,449,0,32.44,62.84,1005.23,4.2,1,LOW
2026-09-13T14:50:56.638+08:00,RUN_20260913_121444,409,9466609,SESSION_007,0,0,443,0,32.44,62.94,1005.23,4.2,1,LOW
2026-09-13T14:50:57.643+08:00,RUN_20260913_121444,410,9467614,SESSION_007,0,0,458,0,32.44,62.84,1005.23,4.2,1,LOW
2026-09-13T14:50:58.648+08:00,RUN_20260913_121444,411,9468619,SESSION_007,0,0,460,0,32.44,62.83,1005.23,4.2,1,LOW
2026-09-13T14:50:59.653+08:00,RUN_20260913_121444,412,9469624,SESSION_007,0,0,454,0,32.44,62.87,1005.23,4.2,1,LOW
2026-09-13T14:51:00.658+08:00,RUN_20260913_121444,413,9470629,SESSION_007,0,0,466,0,32.44,62.82,1005.23,4.2,1,LOW
2026-09-13T14:51:01.663+08:00,RUN_20260913_121444,414,9471634,SESSION_007,0,0,429,0,32.44,62.88,1005.23,4.2,1,LOW
2026-09-13T14:51:02.668+08:00,RUN_20260913_121444,415,9472639,SESSION_007,0,0,463,0,32.44,62.84,1005.23,4.2,1,LOW
2026-09-13T14:51:03.673+08:00,RUN_20260913_121444,416,9473644,SESSION_007,0,0,610,0,32.44,62.85,1005.23,4.2,1,LOW
2026-09-13T14:51:04.678+08:00,RUN_20260913_121444,417,9474649,SESSION_007,0,0,591,0,32.44,62.88,1005.23,4.2,1,LOW
2026-09-13T14:51:05.683+08:00,RUN_20260913_121444,418,9475654,SESSION_007,0,0,588,0,32.44,62.97,1005.22,4.2,1,LOW
2026-09-13T14:51:06.688+08:00,RUN_20260913_121444,419,9476659,SESSION_007,0,0,586,0,32.44,62.89,1005.22,4.2,1,LOW
2026-09-13T14:51:07.693+08:00,RUN_20260913_121444,420,9477664,SESSION_007,0,0,583,0,32.44,62.89,1005.22,4.2,1,LOW
2026-09-13T14:51:08.698+08:00,RUN_20260913_121444,421,9478669,SESSION_007,0,0,588,0,32.44,62.92,1005.23,4.2,1,LOW
2026-09-13T14:51:09.703+08:00,RUN_20260913_121444,422,9479674,SESSION_007,0,0,588,0,32.44,63,1005.23,4.2,1,LOW
2026-09-13T14:51:10.708+08:00,RUN_20260913_121444,423,9480679,SESSION_007,0,0,594,0,32.44,62.89,1005.23,4.2,1,LOW
2026-09-13T14:51:11.713+08:00,RUN_20260913_121444,424,9481684,SESSION_007,0,0,590,0,32.44,62.93,1005.23,4.2,1,LOW
2026-09-13T14:51:12.718+08:00,RUN_20260913_121444,425,9482689,SESSION_007,0,0,596,0,32.44,62.87,1005.23,4.2,1,LOW
2026-09-13T14:51:13.723+08:00,RUN_20260913_121444,426,9483694,SESSION_007,0,0,598,0,32.44,62.89,1005.23,4.2,1,LOW
2026-09-13T14:51:14.728+08:00,RUN_20260913_121444,427,9484699,SESSION_007,0,0,600,0,32.44,62.96,1005.23,4.2,1,LOW
2026-09-13T14:51:15.733+08:00,RUN_20260913_121444,428,9485704,SESSION_007,0,0,600,0,32.44,62.85,1005.23,4.2,1,LOW
2026-09-13T14:51:16.738+08:00,RUN_20260913_121444,429,9486709,SESSION_007,0,0,605,0,32.44,62.92,1005.23,4.2,1,LOW
2026-09-13T14:51:17.743+08:00,RUN_20260913_121444,430,9487714,SESSION_007,0,0,607,0,32.45,62.94,1005.24,4.2,1,LOW
2026-09-13T14:51:18.748+08:00,RUN_20260913_121444,431,9488719,SESSION_007,0,0,609,0,32.44,62.84,1005.23,4.2,1,LOW
2026-09-13T14:51:19.753+08:00,RUN_20260913_121444,432,9489724,SESSION_007,0,0,603,0,32.45,62.85,1005.24,4.2,1,LOW
2026-09-13T14:51:20.758+08:00,RUN_20260913_121444,433,9490729,SESSION_007,0,0,554,0,32.45,62.87,1005.23,4.2,1,LOW
2026-09-13T14:51:21.763+08:00,RUN_20260913_121444,434,9491734,SESSION_007,0,1,584,0,32.45,62.87,1005.23,4.2,1,LOW
2026-09-13T14:51:22.768+08:00,RUN_20260913_121444,435,9492739,SESSION_007,0,0,501,0,32.45,62.88,1005.23,4.2,1,LOW
2026-09-13T14:51:23.591+08:00,RUN_20260913_121444,436,9493562,SESSION_007,0,0,8190,4,32.45,62.88,1005.23,4.2,1,LOW
2026-09-13T14:51:24.594+08:00,RUN_20260913_121444,437,9494565,SESSION_007,0,1,8190,4,32.45,62.88,1005.23,4.2,1,LOW
2026-09-13T14:51:25.597+08:00,RUN_20260913_121444,438,9495568,SESSION_007,0,1,8190,4,32.45,62.9,1005.23,4.2,1,LOW
2026-09-13T14:51:26.600+08:00,RUN_20260913_121444,439,9496571,SESSION_007,0,1,8190,4,32.45,62.9,1005.23,4.2,1,LOW
2026-09-13T14:51:27.603+08:00,RUN_20260913_121444,440,9497574,SESSION_007,0,1,8190,4,32.45,62.88,1005.23,4.2,1,LOW
2026-09-13T14:51:28.788+08:00,RUN_20260913_121444,441,9498759,SESSION_007,0,1,8190,4,32.45,62.88,1005.24,4.2,1,LOW
2026-09-13T14:51:29.611+08:00,RUN_20260913_121444,442,9499582,SESSION_007,0,1,8190,4,32.45,62.88,1005.23,4.2,1,LOW
2026-09-13T14:51:30.614+08:00,RUN_20260913_121444,443,9500585,SESSION_007,0,1,8190,4,32.45,62.88,1005.24,4.2,1,LOW
2026-09-13T14:51:31.617+08:00,RUN_20260913_121444,444,9501588,SESSION_007,0,0,8190,4,32.45,62.87,1005.23,4.2,1,LOW
2026-09-13T14:51:32.802+08:00,RUN_20260913_121444,445,9502773,SESSION_007,0,0,8190,4,32.45,62.88,1005.23,4.2,1,LOW
2026-09-13T14:51:33.625+08:00,RUN_20260913_121444,446,9503596,SESSION_007,0,1,8190,4,32.45,62.86,1005.23,4.2,1,LOW
2026-09-13T14:51:34.628+08:00,RUN_20260913_121444,447,9504599,SESSION_007,0,1,8190,4,32.45,62.88,1005.23,4.2,1,LOW
2026-09-13T14:51:35.631+08:00,RUN_20260913_121444,448,9505602,SESSION_007,0,0,8190,4,32.45,62.82,1005.23,4.2,1,LOW
2026-09-13T14:51:36.634+08:00,RUN_20260913_121444,449,9506605,SESSION_007,0,0,8190,4,32.45,62.82,1005.23,4.2,1,LOW
2026-09-13T14:51:37.637+08:00,RUN_20260913_121444,450,9507608,SESSION_007,0,1,8190,4,32.45,62.83,1005.23,4.2,1,LOW
2026-09-13T14:51:38.640+08:00,RUN_20260913_121444,451,9508611,SESSION_007,0,1,8190,4,32.45,62.88,1005.23,4.2,1,LOW
2026-09-13T14:51:39.643+08:00,RUN_20260913_121444,452,9509614,SESSION_007,0,1,8190,4,32.45,62.89,1005.23,4.2,1,LOW
2026-09-13T14:51:40.828+08:00,RUN_20260913_121444,453,9510799,SESSION_007,0,0,383,0,32.45,62.84,1005.23,4.2,1,LOW
2026-09-13T14:51:41.833+08:00,RUN_20260913_121444,454,9511804,SESSION_007,0,0,8190,4,32.45,62.87,1005.23,4.2,1,LOW
2026-09-13T14:51:42.656+08:00,RUN_20260913_121444,455,9512627,SESSION_007,1,0,8190,4,32.45,62.99,1005.23,4.2,1,LOW
2026-09-13T14:51:43.659+08:00,RUN_20260913_121444,456,9513630,SESSION_007,1,1,8190,4,32.45,62.95,1005.23,4.2,1,LOW
2026-09-13T14:51:44.662+08:00,RUN_20260913_121444,457,9514633,SESSION_007,1,0,8190,4,32.45,62.96,1005.23,4.2,1,LOW
2026-09-13T14:51:45.665+08:00,RUN_20260913_121444,458,9515636,SESSION_007,1,0,8190,4,32.45,62.88,1005.23,4.2,1,LOW
2026-09-13T14:51:46.668+08:00,RUN_20260913_121444,459,9516639,SESSION_007,0,0,8190,4,32.45,62.95,1005.23,4.2,1,LOW
2026-09-13T14:51:47.671+08:00,RUN_20260913_121444,460,9517642,SESSION_007,0,0,8190,4,32.45,62.84,1005.23,4.2,1,LOW
2026-09-13T14:51:48.674+08:00,RUN_20260913_121444,461,9518645,SESSION_007,1,0,8190,4,32.45,62.84,1005.23,4.2,1,LOW
2026-09-13T14:51:49.677+08:00,RUN_20260913_121444,462,9519648,SESSION_007,0,0,8190,4,32.45,62.86,1005.23,4.2,1,LOW
2026-09-13T14:51:50.680+08:00,RUN_20260913_121444,463,9520651,SESSION_007,0,0,8190,4,32.45,62.82,1005.24,4.2,1,LOW
2026-09-13T14:51:51.683+08:00,RUN_20260913_121444,464,9521654,SESSION_007,1,0,8190,4,32.45,62.81,1005.24,4.2,1,LOW
2026-09-13T14:51:52.686+08:00,RUN_20260913_121444,465,9522657,SESSION_007,0,0,8190,4,32.45,62.83,1005.24,4.2,1,LOW
2026-09-13T14:51:53.871+08:00,RUN_20260913_121444,466,9523842,SESSION_007,0,0,512,0,32.45,62.95,1005.24,4.2,1,LOW
2026-09-13T14:51:54.694+08:00,RUN_20260913_121444,467,9524665,SESSION_007,1,0,8190,4,32.45,62.87,1005.24,4.2,1,LOW
2026-09-13T14:51:55.879+08:00,RUN_20260913_121444,468,9525850,SESSION_007,0,1,707,0,32.45,62.94,1005.24,4.2,1,LOW
2026-09-13T14:51:56.884+08:00,RUN_20260913_121444,469,9526855,SESSION_007,0,0,950,0,32.45,62.84,1005.24,4.2,1,LOW
2026-09-13T14:51:57.889+08:00,RUN_20260913_121444,470,9527860,SESSION_007,0,0,672,0,32.45,62.84,1005.24,4.2,1,LOW
2026-09-13T14:51:58.894+08:00,RUN_20260913_121444,471,9528865,SESSION_007,0,1,8190,4,32.45,62.96,1005.24,4.2,1,LOW
2026-09-13T14:51:59.899+08:00,RUN_20260913_121444,472,9529870,SESSION_007,0,1,8190,4,32.45,62.9,1005.24,4.2,1,LOW
2026-09-13T14:52:00.722+08:00,RUN_20260913_121444,473,9530693,SESSION_007,0,1,8190,4,32.45,62.95,1005.23,4.2,1,LOW
2026-09-13T14:52:01.725+08:00,RUN_20260913_121444,474,9531696,SESSION_007,0,0,8190,4,32.45,63.06,1005.23,4.2,1,LOW
2026-09-13T14:52:02.728+08:00,RUN_20260913_121444,475,9532699,SESSION_007,0,0,8190,4,32.45,63.08,1005.23,4.2,1,LOW
2026-09-13T14:52:03.731+08:00,RUN_20260913_121444,476,9533702,SESSION_007,0,0,8190,4,32.45,63.12,1005.23,4.2,1,LOW
2026-09-13T14:52:04.734+08:00,RUN_20260913_121444,477,9534705,SESSION_007,0,1,8190,4,32.45,63.01,1005.23,4.2,1,LOW
2026-09-13T14:52:05.737+08:00,RUN_20260913_121444,478,9535708,SESSION_007,0,1,8190,4,32.45,63.1,1005.23,4.2,1,LOW
2026-09-13T14:52:06.740+08:00,RUN_20260913_121444,479,9536711,SESSION_007,0,0,8190,4,32.45,63.05,1005.23,4.2,1,LOW
2026-09-13T14:52:07.743+08:00,RUN_20260913_121444,480,9537714,SESSION_007,0,0,8190,4,32.45,63.04,1005.24,4.2,1,LOW
2026-09-13T14:52:08.746+08:00,RUN_20260913_121444,481,9538717,SESSION_007,0,0,8190,4,32.45,62.99,1005.24,4.2,1,LOW
2026-09-13T14:52:09.749+08:00,RUN_20260913_121444,482,9539720,SESSION_007,0,0,8190,4,32.45,62.98,1005.24,4.2,1,LOW
2026-09-13T14:52:10.752+08:00,RUN_20260913_121444,483,9540723,SESSION_007,0,0,8190,4,32.45,63.04,1005.24,4.2,1,LOW
2026-09-13T14:52:11.755+08:00,RUN_20260913_121444,484,9541726,SESSION_007,0,0,8190,4,32.45,62.9,1005.24,4.2,1,LOW
2026-09-13T14:52:12.758+08:00,RUN_20260913_121444,485,9542729,SESSION_007,0,1,8190,4,32.45,62.94,1005.25,4.2,1,LOW
2026-09-13T14:52:13.761+08:00,RUN_20260913_121444,486,9543732,SESSION_007,0,0,8190,4,32.45,62.94,1005.25,4.2,1,LOW
2026-09-13T14:52:14.764+08:00,RUN_20260913_121444,487,9544735,SESSION_007,0,0,8190,4,32.45,62.92,1005.25,4.2,1,LOW
2026-09-13T14:52:15.767+08:00,RUN_20260913_121444,488,9545738,SESSION_007,0,0,8190,4,32.45,63,1005.25,4.2,1,LOW
2026-09-13T14:52:16.770+08:00,RUN_20260913_121444,489,9546741,SESSION_007,0,1,8190,4,32.45,62.88,1005.25,4.2,1,LOW
2026-09-13T14:52:17.955+08:00,RUN_20260913_121444,490,9547926,SESSION_007,0,0,8190,4,32.45,62.98,1005.25,4.2,1,LOW
2026-09-13T14:52:18.778+08:00,RUN_20260913_121444,491,9548749,SESSION_007,0,0,8190,4,32.45,62.86,1005.25,4.2,1,LOW
2026-09-13T14:52:19.781+08:00,RUN_20260913_121444,492,9549752,SESSION_007,0,0,8190,4,32.45,62.94,1005.25,4.2,1,LOW
2026-09-13T14:52:20.966+08:00,RUN_20260913_121444,493,9550937,SESSION_007,0,0,8190,4,32.45,62.87,1005.25,4.2,1,LOW
2026-09-13T14:52:21.789+08:00,RUN_20260913_121444,494,9551760,SESSION_007,0,0,8190,4,32.45,62.98,1005.25,4.2,1,LOW
2026-09-13T14:52:22.792+08:00,RUN_20260913_121444,495,9552763,SESSION_007,0,0,8190,4,32.45,62.88,1005.25,4.2,1,LOW
2026-09-13T14:52:23.795+08:00,RUN_20260913_121444,496,9553766,SESSION_007,0,0,8190,4,32.45,62.99,1005.25,4.2,1,LOW
2026-09-13T14:52:24.798+08:00,RUN_20260913_121444,497,9554769,SESSION_007,0,0,8190,4,32.45,62.92,1005.24,4.2,1,LOW
2026-09-13T14:52:25.801+08:00,RUN_20260913_121444,498,9555772,SESSION_007,0,0,8190,4,32.45,62.94,1005.25,4.2,1,LOW
2026-09-13T14:52:26.804+08:00,RUN_20260913_121444,499,9556775,SESSION_007,0,0,8190,4,32.45,62.94,1005.24,4.2,1,LOW
2026-09-13T14:52:27.807+08:00,RUN_20260913_121444,500,9557778,SESSION_007,0,1,8190,4,32.45,62.93,1005.24,4.2,1,LOW
2026-09-13T14:52:28.810+08:00,RUN_20260913_121444,501,9558781,SESSION_007,0,0,8190,4,32.45,63.01,1005.24,4.2,1,LOW
2026-09-13T14:52:29.813+08:00,RUN_20260913_121444,502,9559784,SESSION_007,0,0,8190,4,32.45,62.92,1005.24,4.2,1,LOW
2026-09-13T14:52:30.816+08:00,RUN_20260913_121444,503,9560787,SESSION_007,0,1,8190,4,32.45,63.01,1005.24,4.2,1,LOW
2026-09-13T14:52:31.819+08:00,RUN_20260913_121444,504,9561790,SESSION_007,0,0,8190,4,32.45,62.93,1005.24,4.2,1,LOW
2026-09-13T14:52:33.004+08:00,RUN_20260913_121444,505,9562975,SESSION_007,0,0,8190,4,32.45,62.98,1005.24,4.2,1,LOW
2026-09-13T14:52:33.827+08:00,RUN_20260913_121444,506,9563798,SESSION_007,0,0,8190,4,32.45,62.88,1005.24,4.2,1,LOW
2026-09-13T14:52:35.012+08:00,RUN_20260913_121444,507,9564983,SESSION_007,0,1,8190,4,32.45,62.88,1005.24,4.2,1,LOW
2026-09-13T14:52:35.835+08:00,RUN_20260913_121444,508,9565806,SESSION_007,0,1,8190,4,32.45,62.87,1005.24,4.2,1,LOW
2026-09-13T14:52:36.838+08:00,RUN_20260913_121444,509,9566809,SESSION_007,0,0,8190,4,32.45,62.87,1005.23,4.2,1,LOW
2026-09-13T14:52:37.841+08:00,RUN_20260913_121444,510,9567812,SESSION_007,0,0,8190,4,32.45,62.87,1005.23,4.2,1,LOW
2026-09-13T14:52:38.844+08:00,RUN_20260913_121444,511,9568815,SESSION_007,0,1,8190,4,32.45,62.88,1005.23,4.2,1,LOW
2026-09-13T14:52:40.029+08:00,RUN_20260913_121444,512,9570000,SESSION_007,0,0,449,0,32.45,62.93,1005.23,4.2,1,LOW
2026-09-13T14:52:40.852+08:00,RUN_20260913_121444,513,9570823,SESSION_007,0,0,8190,4,32.45,62.94,1005.23,4.2,1,LOW
2026-09-13T14:52:41.855+08:00,RUN_20260913_121444,514,9571826,SESSION_007,0,1,8190,4,32.45,62.92,1005.23,4.2,1,LOW
2026-09-13T14:52:43.040+08:00,RUN_20260913_121444,515,9573011,SESSION_007,1,0,8190,4,32.45,62.9,1005.23,4.2,1,LOW
2026-09-13T14:52:43.863+08:00,RUN_20260913_121444,516,9573834,SESSION_007,0,0,8190,4,32.45,63.01,1005.24,4.2,1,LOW
2026-09-13T14:52:44.866+08:00,RUN_20260913_121444,517,9574837,SESSION_007,0,0,8190,4,32.45,62.98,1005.24,4.2,1,LOW
2026-09-13T14:52:46.051+08:00,RUN_20260913_121444,518,9576022,SESSION_007,1,0,8190,4,32.45,63.06,1005.24,4.2,1,LOW
2026-09-13T14:52:46.874+08:00,RUN_20260913_121444,519,9576845,SESSION_007,0,0,8190,4,32.45,62.98,1005.24,4.2,1,LOW
2026-09-13T14:52:47.877+08:00,RUN_20260913_121444,520,9577848,SESSION_007,0,0,8190,4,32.45,63.02,1005.24,4.2,1,LOW
2026-09-13T14:52:48.880+08:00,RUN_20260913_121444,521,9578851,SESSION_007,0,0,8190,4,32.45,62.9,1005.24,4.2,1,LOW
2026-09-13T14:52:49.883+08:00,RUN_20260913_121444,522,9579854,SESSION_007,1,0,8190,4,32.45,62.88,1005.24,4.2,1,LOW
2026-09-13T14:52:50.886+08:00,RUN_20260913_121444,523,9580857,SESSION_007,0,0,8190,4,32.45,62.89,1005.24,4.2,1,LOW
2026-09-13T14:52:51.889+08:00,RUN_20260913_121444,524,9581860,SESSION_007,0,0,8190,4,32.45,62.94,1005.24,4.2,1,LOW
2026-09-13T14:52:52.892+08:00,RUN_20260913_121444,525,9582863,SESSION_007,1,0,8190,4,32.45,62.93,1005.24,4.2,1,LOW
2026-09-13T14:52:54.077+08:00,RUN_20260913_121444,526,9584048,SESSION_007,0,0,544,0,32.45,62.95,1005.24,4.2,1,LOW
2026-09-13T14:52:55.082+08:00,RUN_20260913_121444,527,9585053,SESSION_007,0,0,8190,4,32.45,62.95,1005.25,4.2,1,LOW
2026-09-13T14:52:55.905+08:00,RUN_20260913_121444,528,9585876,SESSION_007,0,1,8190,4,32.45,62.94,1005.25,4.2,1,LOW
2026-09-13T14:52:56.908+08:00,RUN_20260913_121444,529,9586879,SESSION_007,0,1,8190,4,32.45,62.94,1005.25,4.2,1,LOW
2026-09-13T14:52:57.911+08:00,RUN_20260913_121444,530,9587882,SESSION_007,0,1,8190,4,32.45,62.98,1005.25,4.2,1,LOW
2026-09-13T14:52:58.914+08:00,RUN_20260913_121444,531,9588885,SESSION_007,0,1,8190,4,32.45,62.89,1005.25,4.2,1,LOW
2026-09-13T14:53:00.099+08:00,RUN_20260913_121444,532,9590070,SESSION_007,0,0,8190,4,32.45,62.92,1005.25,4.2,1,LOW
2026-09-13T14:53:00.922+08:00,RUN_20260913_121444,533,9590893,SESSION_007,0,0,8190,4,32.45,62.99,1005.25,4.2,1,LOW
2026-09-13T14:53:01.925+08:00,RUN_20260913_121444,534,9591896,SESSION_007,0,1,8190,4,32.45,62.94,1005.25,4.2,1,LOW
2026-09-13T14:53:02.928+08:00,RUN_20260913_121444,535,9592899,SESSION_007,0,1,8190,4,32.45,62.9,1005.25,4.2,1,LOW
2026-09-13T14:53:03.931+08:00,RUN_20260913_121444,536,9593902,SESSION_007,0,0,8190,4,32.45,63,1005.25,4.2,1,LOW
2026-09-13T14:53:04.934+08:00,RUN_20260913_121444,537,9594905,SESSION_007,0,0,8190,4,32.45,62.93,1005.25,4.2,1,LOW
2026-09-13T14:53:05.937+08:00,RUN_20260913_121444,538,9595908,SESSION_007,0,0,8190,4,32.45,62.9,1005.26,4.2,1,LOW
2026-09-13T14:53:06.940+08:00,RUN_20260913_121444,539,9596911,SESSION_007,0,0,8190,4,32.45,62.93,1005.26,4.2,1,LOW
2026-09-13T14:53:07.943+08:00,RUN_20260913_121444,540,9597914,SESSION_007,0,0,8190,4,32.45,63,1005.26,4.2,1,LOW
2026-09-13T14:53:08.946+08:00,RUN_20260913_121444,541,9598917,SESSION_007,0,0,8190,4,32.45,62.94,1005.26,4.2,1,LOW
2026-09-13T14:53:09.949+08:00,RUN_20260913_121444,542,9599920,SESSION_007,0,0,8190,4,32.45,63.02,1005.26,4.2,1,LOW
2026-09-13T14:53:10.952+08:00,RUN_20260913_121444,543,9600923,SESSION_007,0,0,8190,4,32.45,62.95,1005.26,4.2,1,LOW
2026-09-13T14:53:11.955+08:00,RUN_20260913_121444,544,9601926,SESSION_007,0,0,8190,4,32.45,62.95,1005.26,4.2,1,LOW
2026-09-13T14:53:12.958+08:00,RUN_20260913_121444,545,9602929,SESSION_007,0,0,8190,4,32.45,62.94,1005.27,4.2,1,LOW
2026-09-13T14:53:14.143+08:00,RUN_20260913_121444,546,9604114,SESSION_007,0,0,8190,4,32.45,63.01,1005.27,4.2,1,LOW
2026-09-13T14:53:14.966+08:00,RUN_20260913_121444,547,9604937,SESSION_007,0,0,8190,4,32.45,62.99,1005.27,4.2,1,LOW
2026-09-13T14:53:16.151+08:00,RUN_20260913_121444,548,9606122,SESSION_007,0,0,8190,4,32.45,63.01,1005.27,4.2,1,LOW
2026-09-13T14:53:16.974+08:00,RUN_20260913_121444,549,9606945,SESSION_007,0,0,8190,4,32.45,63,1005.27,4.2,1,LOW
2026-09-13T14:53:17.977+08:00,RUN_20260913_121444,550,9607948,SESSION_007,0,0,8190,4,32.45,62.95,1005.27,4.2,1,LOW
2026-09-13T14:53:18.980+08:00,RUN_20260913_121444,551,9608951,SESSION_007,0,0,8190,4,32.45,63.01,1005.27,4.2,1,LOW
2026-09-13T14:53:20.165+08:00,RUN_20260913_121444,552,9610136,SESSION_007,0,0,8190,4,32.45,63.02,1005.27,4.2,1,LOW
2026-09-13T14:53:21.170+08:00,RUN_20260913_121444,553,9611141,SESSION_007,0,1,8190,4,32.45,62.93,1005.27,4.2,1,LOW
2026-09-13T14:53:21.993+08:00,RUN_20260913_121444,554,9611964,SESSION_007,0,0,8190,4,32.45,62.95,1005.27,4.2,1,LOW
2026-09-13T14:53:22.996+08:00,RUN_20260913_121444,555,9612967,SESSION_007,0,0,8190,4,32.45,62.94,1005.27,4.2,1,LOW
2026-09-13T14:53:23.999+08:00,RUN_20260913_121444,556,9613970,SESSION_007,0,0,8190,4,32.45,62.94,1005.26,4.2,1,LOW
2026-09-13T14:53:25.002+08:00,RUN_20260913_121444,557,9614973,SESSION_007,0,0,8190,4,32.45,62.93,1005.26,4.2,1,LOW
2026-09-13T14:53:26.005+08:00,RUN_20260913_121444,558,9615976,SESSION_007,0,0,8190,4,32.45,62.94,1005.26,4.2,1,LOW
2026-09-13T14:53:27.008+08:00,RUN_20260913_121444,559,9616979,SESSION_007,0,0,8190,4,32.45,62.96,1005.26,4.2,1,LOW
2026-09-13T14:53:28.011+08:00,RUN_20260913_121444,560,9617982,SESSION_007,0,1,8190,4,32.45,62.95,1005.26,4.2,1,LOW
2026-09-13T14:53:29.196+08:00,RUN_20260913_121444,561,9619167,SESSION_007,0,0,414,0,32.45,63.05,1005.26,4.2,1,LOW
2026-09-13T14:53:30.019+08:00,RUN_20260913_121444,562,9619990,SESSION_007,1,0,8190,4,32.45,63.1,1005.26,4.2,1,LOW
2026-09-13T14:53:31.022+08:00,RUN_20260913_121444,563,9620993,SESSION_007,1,1,8190,4,32.45,63.05,1005.26,4.2,1,LOW
2026-09-13T14:53:32.025+08:00,RUN_20260913_121444,564,9621996,SESSION_007,0,1,8190,4,32.45,63.12,1005.26,4.2,1,LOW
2026-09-13T14:53:33.028+08:00,RUN_20260913_121444,565,9622999,SESSION_007,0,0,8190,4,32.45,63.12,1005.26,4.2,1,LOW
2026-09-13T14:53:34.213+08:00,RUN_20260913_121444,566,9624184,SESSION_007,0,0,8190,4,32.45,63.1,1005.26,4.2,1,LOW
2026-09-13T14:53:35.036+08:00,RUN_20260913_121444,567,9625007,SESSION_007,0,0,8190,4,32.45,63.08,1005.27,4.2,1,LOW
2026-09-13T14:53:36.039+08:00,RUN_20260913_121444,568,9626010,SESSION_007,0,0,8190,4,32.45,63.23,1005.27,4.2,1,LOW
2026-09-13T14:53:37.042+08:00,RUN_20260913_121444,569,9627013,SESSION_007,1,0,8190,4,32.45,63.24,1005.26,4.2,1,LOW
2026-09-13T14:53:38.045+08:00,RUN_20260913_121444,570,9628016,SESSION_007,1,0,8190,4,32.45,63.28,1005.26,4.2,1,LOW
2026-09-13T14:53:39.048+08:00,RUN_20260913_121444,571,9629019,SESSION_007,1,0,8190,4,32.45,63.21,1005.27,4.2,1,LOW
2026-09-13T14:53:40.051+08:00,RUN_20260913_121444,572,9630022,SESSION_007,1,0,8190,4,32.45,63.3,1005.27,4.2,1,LOW
2026-09-13T14:53:41.236+08:00,RUN_20260913_121444,573,9631207,SESSION_007,1,0,590,0,32.45,63.3,1005.27,4.2,1,LOW
2026-09-13T14:53:42.241+08:00,RUN_20260913_121444,574,9632212,SESSION_007,0,0,659,0,32.45,63.19,1005.28,4.2,1,LOW
2026-09-13T14:53:43.246+08:00,RUN_20260913_121444,575,9633217,SESSION_007,0,0,8190,4,32.45,63.19,1005.28,4.2,1,LOW
2026-09-13T14:53:44.069+08:00,RUN_20260913_121444,576,9634040,SESSION_007,0,0,8190,4,32.45,63.18,1005.28,4.2,1,LOW
2026-09-13T14:53:45.072+08:00,RUN_20260913_121444,577,9635043,SESSION_007,0,1,8190,4,32.45,63.25,1005.28,4.2,1,LOW
2026-09-13T14:53:46.075+08:00,RUN_20260913_121444,578,9636046,SESSION_007,0,1,8190,4,32.45,63.13,1005.28,4.2,1,LOW
2026-09-13T14:53:47.260+08:00,RUN_20260913_121444,579,9637231,SESSION_007,0,0,8190,4,32.45,63.1,1005.28,4.2,1,LOW
2026-09-13T14:53:48.265+08:00,RUN_20260913_121444,580,9638236,SESSION_007,0,0,576,0,32.45,63.05,1005.27,4.2,1,LOW
2026-09-13T14:53:49.088+08:00,RUN_20260913_121444,581,9639059,SESSION_007,0,0,8190,4,32.45,63.13,1005.27,4.2,1,LOW
2026-09-13T14:55:28.625+08:00,RUN_20260913_121444,680,9738596,SESSION_007,0,0,8190,4,32.45,63.37,1005.26,4.2,1,LOW
2026-09-13T14:55:29.448+08:00,RUN_20260913_121444,681,9739419,SESSION_007,0,0,8190,4,32.45,63.38,1005.26,4.2,1,LOW
2026-09-13T14:55:30.633+08:00,RUN_20260913_121444,682,9740604,SESSION_007,0,0,8190,4,32.45,63.41,1005.26,4.2,1,LOW
2026-09-13T14:55:31.456+08:00,RUN_20260913_121444,683,9741427,SESSION_007,0,0,8190,4,32.45,63.49,1005.26,4.2,1,LOW
2026-09-13T14:55:32.641+08:00,RUN_20260913_121444,684,9742612,SESSION_007,0,0,8190,4,32.45,63.48,1005.26,4.2,1,LOW
2026-09-13T14:55:33.464+08:00,RUN_20260913_121444,685,9743435,SESSION_007,0,0,8190,4,32.45,63.48,1005.26,4.2,1,LOW
2026-09-13T14:55:34.467+08:00,RUN_20260913_121444,686,9744438,SESSION_007,0,0,8190,4,32.45,63.42,1005.26,4.2,1,LOW
2026-09-13T14:55:35.470+08:00,RUN_20260913_121444,687,9745441,SESSION_007,0,0,8190,4,32.45,63.41,1005.25,4.2,1,LOW
2026-09-13T14:55:36.473+08:00,RUN_20260913_121444,688,9746444,SESSION_007,0,0,8190,4,32.45,63.42,1005.25,4.2,1,LOW
2026-09-13T14:55:37.476+08:00,RUN_20260913_121444,689,9747447,SESSION_007,1,0,8190,4,32.45,63.51,1005.25,4.2,1,LOW
2026-09-13T14:55:38.479+08:00,RUN_20260913_121444,690,9748450,SESSION_007,1,0,8190,4,32.45,63.49,1005.25,4.2,1,LOW
2026-09-13T14:55:39.482+08:00,RUN_20260913_121444,691,9749453,SESSION_007,1,0,8190,4,32.45,63.45,1005.25,4.2,1,LOW
2026-09-13T14:55:40.667+08:00,RUN_20260913_121444,692,9750638,SESSION_007,1,0,75,0,32.45,63.48,1005.25,3.3,1,LOW
2026-09-13T14:55:41.672+08:00,RUN_20260913_121444,693,9751643,SESSION_007,0,0,33,0,32.45,63.47,1005.25,3.3,1,LOW
2026-09-13T14:55:42.677+08:00,RUN_20260913_121444,694,9752648,SESSION_007,0,0,46,0,32.45,63.62,1005.25,3.3,1,LOW
2026-09-13T14:55:43.682+08:00,RUN_20260913_121444,695,9753653,SESSION_007,0,0,41,0,32.45,64.72,1005.24,3.3,1,LOW
2026-09-13T14:55:44.687+08:00,RUN_20260913_121444,696,9754658,SESSION_007,0,0,33,0,32.45,65.24,1005.24,3.3,1,LOW
