2026-09-13T18:09:20.798+08:00,RUN_20260913_171419,1,3503413,SESSION_004,0,0,79,0,32.57,64.82,1004.38,39.2,1,HIGH
2026-09-13T18:09:21.803+08:00,RUN_20260913_171419,2,3504418,SESSION_004,0,0,218,0,32.57,65.47,1004.38,39.2,1,HIGH
2026-09-13T18:09:22.808+08:00,RUN_20260913_171419,3,3505423,SESSION_004,0,1,333,0,32.57,64.74,1004.38,39.2,1,HIGH
2026-09-13T18:09:23.813+08:00,RUN_20260913_171419,4,3506428,SESSION_004,0,1,353,0,32.57,64.26,1004.37,39.2,1,HIGH
2026-09-13T18:09:24.818+08:00,RUN_20260913_171419,5,3507433,SESSION_004,1,0,8190,4,32.57,63.87,1004.38,39.2,1,HIGH
2026-09-13T18:09:25.823+08:00,RUN_20260913_171419,6,3508438,SESSION_004,0,0,8190,4,32.57,63.71,1004.38,39.2,1,HIGH
2026-09-13T18:09:26.646+08:00,RUN_20260913_171419,7,3509261,SESSION_004,0,0,8190,4,32.57,63.63,1004.38,40,1,HIGH
2026-09-13T18:09:27.649+08:00,RUN_20260913_171419,8,3510264,SESSION_004,1,1,8190,4,32.58,63.64,1004.38,39.2,1,HIGH
2026-09-13T18:09:28.652+08:00,RUN_20260913_171419,9,3511267,SESSION_004,1,0,8190,4,32.58,63.52,1004.38,39.2,1,HIGH
2026-09-13T18:09:29.655+08:00,RUN_20260913_171419,10,3512270,SESSION_004,1,0,8190,4,32.58,63.58,1004.38,39.2,1,HIGH
2026-09-13T18:09:30.840+08:00,RUN_20260913_171419,11,3513455,SESSION_004,1,0,8190,4,32.58,63.5,1004.38,39.2,1,HIGH
2026-09-13T18:09:31.845+08:00,RUN_20260913_171419,12,3514460,SESSION_004,1,0,505,0,32.58,63.54,1004.38,39.2,1,HIGH
2026-09-13T18:09:32.850+08:00,RUN_20260913_171419,13,3515465,SESSION_004,1,0,466,0,32.58,63.45,1004.38,39.2,1,HIGH
2026-09-13T18:09:33.855+08:00,RUN_20260913_171419,14,3516470,SESSION_004,1,0,489,0,32.58,63.4,1004.39,39.2,1,HIGH
2026-09-13T18:09:34.860+08:00,RUN_20260913_171419,15,3517475,SESSION_004,1,0,424,0,32.58,63.39,1004.39,39.2,1,HIGH
2026-09-13T18:09:35.865+08:00,RUN_20260913_171419,16,3518480,SESSION_004,1,0,477,0,32.58,63.45,1004.39,39.2,1,HIGH
2026-09-13T18:09:36.870+08:00,RUN_20260913_171419,17,3519485,SESSION_004,1,0,8190,4,32.58,63.44,1004.39,39.2,1,HIGH
2026-09-13T18:09:37.693+08:00,RUN_20260913_171419,18,3520308,SESSION_004,1,0,8190,4,32.58,63.33,1004.39,39.2,1,HIGH
2026-09-13T18:09:38.696+08:00,RUN_20260913_171419,19,3521311,SESSION_004,0,0,8190,4,32.58,63.34,1004.39,39.2,1,HIGH
2026-09-13T18:09:39.699+08:00,RUN_20260913_171419,20,3522314,SESSION_004,0,0,8190,4,32.58,63.4,1004.39,39.2,1,HIGH
2026-09-13T18:09:40.702+08:00,RUN_20260913_171419,21,3523317,SESSION_004,1,0,8190,4,32.58,63.35,1004.38,39.2,1,HIGH
2026-09-13T18:09:41.887+08:00,RUN_20260913_171419,22,3524502,SESSION_004,0,0,8190,4,32.58,63.33,1004.38,39.2,1,HIGH
2026-09-13T18:09:42.892+08:00,RUN_20260913_171419,23,3525507,SESSION_004,0,0,604,0,32.58,63.4,1004.38,39.2,1,HIGH
2026-09-13T18:09:43.897+08:00,RUN_20260913_171419,24,3526512,SESSION_004,0,0,8191,2,32.58,63.33,1004.39,39.2,1,HIGH
2026-09-13T18:09:44.902+08:00,RUN_20260913_171419,25,3527517,SESSION_004,0,1,8190,4,32.58,63.39,1004.39,39.2,1,HIGH
2026-09-13T18:09:45.725+08:00,RUN_20260913_171419,26,3528340,SESSION_004,1,1,8190,4,32.58,63.4,1004.39,39.2,1,HIGH
2026-09-13T18:09:46.910+08:00,RUN_20260913_171419,27,3529525,SESSION_004,0,1,8190,4,32.58,63.4,1004.39,39.2,1,HIGH
2026-09-13T18:09:47.915+08:00,RUN_20260913_171419,28,3530530,SESSION_004,0,1,8190,4,32.58,63.34,1004.39,39.2,1,HIGH
2026-09-13T18:09:48.738+08:00,RUN_20260913_171419,29,3531353,SESSION_004,0,0,8190,4,32.58,63.35,1004.39,39.2,1,HIGH
2026-09-13T18:09:49.923+08:00,RUN_20260913_171419,30,3532538,SESSION_004,0,0,8191,2,32.58,63.34,1004.39,39.2,1,HIGH
2026-09-13T18:09:50.928+08:00,RUN_20260913_171419,31,3533543,SESSION_004,0,1,8190,4,32.58,63.42,1004.38,39.2,1,HIGH
2026-09-13T18:09:51.933+08:00,RUN_20260913_171419,32,3534548,SESSION_004,1,0,8190,4,32.58,63.35,1004.38,39.2,1,HIGH
2026-09-13T18:09:52.938+08:00,RUN_20260913_171419,33,3535553,SESSION_004,1,0,8190,4,32.58,63.42,1004.38,39.2,1,HIGH
2026-09-13T18:09:53.943+08:00,RUN_20260913_171419,34,3536558,SESSION_004,0,1,8190,4,32.58,63.44,1004.38,39.2,1,HIGH
2026-09-13T18:09:54.948+08:00,RUN_20260913_171419,35,3537563,SESSION_004,0,0,8190,4,32.58,63.31,1004.38,39.2,1,HIGH
2026-09-13T18:09:55.771+08:00,RUN_20260913_171419,36,3538386,SESSION_004,0,0,8190,4,32.58,63.4,1004.38,38.3,1,HIGH
2026-09-13T18:09:56.774+08:00,RUN_20260913_171419,37,3539389,SESSION_004,1,1,8190,4,32.58,63.34,1004.38,39.2,1,HIGH
2026-09-13T18:09:57.777+08:00,RUN_20260913_171419,38,3540392,SESSION_004,1,1,8190,4,32.58,63.4,1004.38,39.2,1,HIGH
2026-09-13T18:09:58.780+08:00,RUN_20260913_171419,39,3541395,SESSION_004,0,0,8190,4,32.58,63.4,1004.38,39.2,1,HIGH
2026-09-13T18:09:59.965+08:00,RUN_20260913_171419,40,3542580,SESSION_004,1,0,8190,4,32.58,63.33,1004.38,39.2,1,HIGH
2026-09-13T18:10:00.970+08:00,RUN_20260913_171419,41,3543585,SESSION_004,1,0,8190,4,32.58,63.32,1004.38,39.2,1,HIGH
2026-09-13T18:10:01.975+08:00,RUN_20260913_171419,42,3544590,SESSION_004,1,1,642,0,32.58,63.4,1004.38,39.2,1,HIGH
2026-09-13T18:10:02.980+08:00,RUN_20260913_171419,43,3545595,SESSION_004,0,0,8190,4,32.58,63.41,1004.38,39.2,1,HIGH
2026-09-13T18:10:03.985+08:00,RUN_20260913_171419,44,3546600,SESSION_004,0,0,8190,4,32.58,63.32,1004.38,39.2,1,HIGH
2026-09-13T18:10:04.990+08:00,RUN_20260913_171419,45,3547605,SESSION_004,1,0,8190,4,32.58,63.31,1004.38,39.2,1,HIGH
2026-09-13T18:10:05.813+08:00,RUN_20260913_171419,46,3548428,SESSION_004,0,1,8190,4,32.58,63.32,1004.38,39.2,1,HIGH
2026-09-13T18:10:06.998+08:00,RUN_20260913_171419,47,3549613,SESSION_004,0,1,8190,4,32.58,63.32,1004.38,38.3,1,HIGH
2026-09-13T18:10:08.003+08:00,RUN_20260913_171419,48,3550618,SESSION_004,0,1,8190,4,32.58,63.27,1004.38,36.7,1,HIGH
2026-09-13T18:10:09.008+08:00,RUN_20260913_171419,49,3551623,SESSION_004,1,1,8190,4,32.58,63.32,1004.38,36.7,1,HIGH
2026-09-13T18:10:09.831+08:00,RUN_20260913_171419,50,3552446,SESSION_004,0,0,8190,4,32.58,63.28,1004.38,35.8,1,HIGH
2026-09-13T18:10:11.016+08:00,RUN_20260913_171419,51,3553631,SESSION_004,0,0,8190,4,32.58,63.4,1004.38,11.7,1,HIGH
2026-09-13T18:10:11.839+08:00,RUN_20260913_171419,52,3554454,SESSION_004,1,1,8190,4,32.58,63.4,1004.38,16.7,1,HIGH
2026-09-13T18:10:12.842+08:00,RUN_20260913_171419,53,3555457,SESSION_004,0,1,8190,4,32.58,63.41,1004.38,34.2,1,HIGH
2026-09-13T18:10:13.845+08:00,RUN_20260913_171419,54,3556460,SESSION_004,0,1,8190,4,32.58,63.34,1004.38,10.8,1,HIGH
2026-09-13T18:10:14.848+08:00,RUN_20260913_171419,55,3557463,SESSION_004,0,1,8190,4,32.58,63.34,1004.38,17.5,1,HIGH
2026-09-13T18:10:16.033+08:00,RUN_20260913_171419,56,3558648,SESSION_004,0,0,8190,4,32.58,63.33,1004.38,35.8,1,HIGH
2026-09-13T18:10:16.856+08:00,RUN_20260913_171419,57,3559471,SESSION_004,1,0,8190,4,32.58,63.34,1004.38,37.5,1,HIGH
2026-09-13T18:10:18.041+08:00,RUN_20260913_171419,58,3560656,SESSION_004,1,0,8190,4,32.58,63.35,1004.38,39.2,1,HIGH
2026-09-13T18:10:19.046+08:00,RUN_20260913_171419,59,3561661,SESSION_004,0,1,593,0,32.58,63.39,1004.38,39.2,1,HIGH
2026-09-13T18:10:20.051+08:00,RUN_20260913_171419,60,3562666,SESSION_004,0,0,543,0,32.58,63.33,1004.37,39.2,1,HIGH
2026-09-13T18:10:20.874+08:00,RUN_20260913_171419,61,3563489,SESSION_004,0,0,8190,4,32.58,63.32,1004.37,39.2,1,HIGH
2026-09-13T18:10:21.877+08:00,RUN_20260913_171419,62,3564492,SESSION_004,1,0,8190,4,32.58,63.32,1004.37,39.2,1,HIGH
2026-09-13T18:10:22.880+08:00,RUN_20260913_171419,63,3565495,SESSION_004,1,1,8190,4,32.58,63.34,1004.37,39.2,1,HIGH
2026-09-13T18:10:23.883+08:00,RUN_20260913_171419,64,3566498,SESSION_004,0,0,8190,4,32.58,63.35,1004.37,39.2,1,HIGH
2026-09-13T18:10:25.068+08:00,RUN_20260913_171419,65,3567683,SESSION_004,0,0,8190,4,32.58,63.41,1004.37,39.2,1,HIGH
2026-09-13T18:10:26.073+08:00,RUN_20260913_171419,66,3568688,SESSION_004,1,0,8190,4,32.58,63.31,1004.38,39.2,1,HIGH
2026-09-13T18:10:27.078+08:00,RUN_20260913_171419,67,3569693,SESSION_004,0,0,8190,4,32.58,63.42,1004.37,39.2,1,HIGH
2026-09-13T18:10:28.083+08:00,RUN_20260913_171419,68,3570698,SESSION_004,0,0,8190,4,32.58,63.42,1004.38,39.2,1,HIGH
2026-09-13T18:10:29.088+08:00,RUN_20260913_171419,69,3571703,SESSION_004,0,0,8191,2,32.58,63.42,1004.37,39.2,1,HIGH
2026-09-13T18:10:30.093+08:00,RUN_20260913_171419,70,3572708,SESSION_004,0,0,8191,2,32.58,63.34,1004.37,39.2,1,HIGH
2026-09-13T18:10:31.098+08:00,RUN_20260913_171419,71,3573713,SESSION_004,0,0,607,0,32.58,63.45,1004.37,39.2,1,HIGH
2026-09-13T18:10:32.103+08:00,RUN_20260913_171419,72,3574718,SESSION_004,0,1,497,0,32.58,63.45,1004.37,39.2,1,HIGH
2026-09-13T18:10:33.108+08:00,RUN_20260913_171419,73,3575723,SESSION_004,0,1,8191,2,32.58,63.47,1004.37,39.2,1,HIGH
2026-09-13T18:10:34.113+08:00,RUN_20260913_171419,74,3576728,SESSION_004,0,0,8191,2,32.58,63.44,1004.37,39.2,1,HIGH
2026-09-13T18:10:35.118+08:00,RUN_20260913_171419,75,3577733,SESSION_004,0,0,549,0,32.58,63.34,1004.37,39.2,1,HIGH
2026-09-13T18:10:36.123+08:00,RUN_20260913_171419,76,3578738,SESSION_004,0,1,8191,2,32.58,63.41,1004.37,39.2,1,HIGH
2026-09-13T18:10:37.128+08:00,RUN_20260913_171419,77,3579743,SESSION_004,0,1,8191,2,32.58,63.39,1004.37,39.2,1,HIGH
2026-09-13T18:10:38.133+08:00,RUN_20260913_171419,78,3580748,SESSION_004,0,0,8191,2,32.58,63.45,1004.37,39.2,1,HIGH
2026-09-13T18:10:39.138+08:00,RUN_20260913_171419,79,3581753,SESSION_004,0,0,8191,2,32.58,63.37,1004.37,39.2,1,HIGH
2026-09-13T18:10:40.143+08:00,RUN_20260913_171419,80,3582758,SESSION_004,0,0,8191,2,32.58,63.39,1004.37,39.2,1,HIGH
2026-09-13T18:10:41.148+08:00,RUN_20260913_171419,81,3583763,SESSION_004,0,1,8191,2,32.58,63.41,1004.37,39.2,1,HIGH
2026-09-13T18:10:42.153+08:00,RUN_20260913_171419,82,3584768,SESSION_004,0,0,8190,4,32.58,63.42,1004.38,39.2,1,HIGH
2026-09-13T18:10:43.158+08:00,RUN_20260913_171419,83,3585773,SESSION_004,0,0,8191,2,32.58,63.42,1004.38,39.2,1,HIGH
2026-09-13T18:10:44.163+08:00,RUN_20260913_171419,84,3586778,SESSION_004,0,1,8191,2,32.59,63.49,1004.38,39.2,1,HIGH
2026-09-13T18:10:45.168+08:00,RUN_20260913_171419,85,3587783,SESSION_004,0,1,8191,2,32.59,63.39,1004.38,39.2,1,HIGH
2026-09-13T18:10:46.173+08:00,RUN_20260913_171419,86,3588788,SESSION_004,0,0,8191,2,32.59,63.4,1004.38,39.2,1,HIGH
2026-09-13T18:10:47.178+08:00,RUN_20260913_171419,87,3589793,SESSION_004,0,0,8191,2,32.58,63.38,1004.38,39.2,1,HIGH
2026-09-13T18:10:48.183+08:00,RUN_20260913_171419,88,3590798,SESSION_004,0,0,8191,2,32.59,63.47,1004.38,39.2,1,HIGH
2026-09-13T18:10:49.188+08:00,RUN_20260913_171419,89,3591803,SESSION_004,0,0,8191,2,32.59,63.46,1004.38,39.2,1,HIGH
2026-09-13T18:10:50.193+08:00,RUN_20260913_171419,90,3592808,SESSION_004,0,1,8190,4,32.59,63.47,1004.38,39.2,1,HIGH
2026-09-13T18:10:51.198+08:00,RUN_20260913_171419,91,3593813,SESSION_004,1,1,218,0,32.59,63.4,1004.38,39.2,1,HIGH
2026-09-13T18:10:52.021+08:00,RUN_20260913_171419,92,3594636,SESSION_004,1,0,8190,4,32.59,63.39,1004.38,39.2,1,HIGH
2026-09-13T18:10:53.024+08:00,RUN_20260913_171419,93,3595639,SESSION_004,1,0,8190,4,32.59,63.38,1004.38,39.2,1,HIGH
2026-09-13T18:10:54.027+08:00,RUN_20260913_171419,94,3596642,SESSION_004,1,1,8190,4,32.59,63.4,1004.38,39.2,1,HIGH
2026-09-13T18:10:55.030+08:00,RUN_20260913_171419,95,3597645,SESSION_004,1,0,8190,4,32.59,63.49,1004.38,39.2,1,HIGH
2026-09-13T18:10:56.033+08:00,RUN_20260913_171419,96,3598648,SESSION_004,1,0,8190,4,32.59,63.41,1004.38,39.2,1,HIGH
2026-09-13T18:10:57.036+08:00,RUN_20260913_171419,97,3599651,SESSION_004,0,0,8190,4,32.59,63.49,1004.38,39.2,1,HIGH
2026-09-13T18:10:58.039+08:00,RUN_20260913_171419,98,3600654,SESSION_004,0,0,8190,4,32.59,63.41,1004.38,39.2,1,HIGH
2026-09-13T18:10:59.042+08:00,RUN_20260913_171419,99,3601657,SESSION_004,1,0,8190,4,32.58,63.39,1004.37,39.2,1,HIGH
2026-09-13T18:11:00.045+08:00,RUN_20260913_171419,100,3602660,SESSION_004,0,1,8190,4,32.59,63.49,1004.38,39.2,1,HIGH
2026-09-13T18:11:01.048+08:00,RUN_20260913_171419,101,3603663,SESSION_004,0,0,8190,4,32.58,63.42,1004.38,39.2,1,HIGH
2026-09-13T18:11:02.051+08:00,RUN_20260913_171419,102,3604666,SESSION_004,1,0,8190,4,32.58,63.5,1004.38,39.2,1,HIGH
2026-09-13T18:11:03.054+08:00,RUN_20260913_171419,103,3605669,SESSION_004,0,0,8190,4,32.58,63.5,1004.38,39.2,1,HIGH
2026-09-13T18:11:04.057+08:00,RUN_20260913_171419,104,3606672,SESSION_004,0,0,8190,4,32.59,63.5,1004.38,39.2,1,HIGH
2026-09-13T18:11:05.060+08:00,RUN_20260913_171419,105,3607675,SESSION_004,0,0,8190,4,32.59,63.41,1004.38,39.2,1,HIGH
2026-09-13T18:11:06.063+08:00,RUN_20260913_171419,106,3608678,SESSION_004,1,1,8190,4,32.59,63.41,1004.38,39.2,1,HIGH
2026-09-13T18:11:07.066+08:00,RUN_20260913_171419,107,3609681,SESSION_004,1,0,8190,4,32.59,63.5,1004.38,39.2,1,HIGH
2026-09-13T18:11:08.069+08:00,RUN_20260913_171419,108,3610684,SESSION_004,0,0,8190,4,32.59,63.41,1004.38,39.2,1,HIGH
2026-09-13T18:11:09.072+08:00,RUN_20260913_171419,109,3611687,SESSION_004,0,0,8190,4,32.59,63.46,1004.38,39.2,1,HIGH
2026-09-13T18:11:10.075+08:00,RUN_20260913_171419,110,3612690,SESSION_004,0,0,8190,4,32.59,63.43,1004.38,39.2,1,HIGH
2026-09-13T18:11:11.078+08:00,RUN_20260913_171419,111,3613693,SESSION_004,0,0,8190,4,32.59,63.51,1004.38,39.2,1,HIGH
2026-09-13T18:11:12.081+08:00,RUN_20260913_171419,112,3614696,SESSION_004,0,0,8190,4,32.59,63.45,1004.38,39.2,1,HIGH
2026-09-13T18:11:13.084+08:00,RUN_20260913_171419,113,3615699,SESSION_004,0,1,8190,4,32.59,63.43,1004.38,39.2,1,HIGH
2026-09-13T18:11:14.087+08:00,RUN_20260913_171419,114,3616702,SESSION_004,0,0,8190,4,32.59,63.44,1004.39,39.2,1,HIGH
2026-09-13T18:11:15.090+08:00,RUN_20260913_171419,115,3617705,SESSION_004,0,0,8190,4,32.59,63.52,1004.39,39.2,1,HIGH
2026-09-13T18:11:16.093+08:00,RUN_20260913_171419,116,3618708,SESSION_004,0,0,8190,4,32.59,63.45,1004.39,39.2,1,HIGH
2026-09-13T18:11:17.096+08:00,RUN_20260913_171419,117,3619711,SESSION_004,0,0,8190,4,32.59,63.44,1004.39,39.2,1,HIGH
2026-09-13T18:11:18.099+08:00,RUN_20260913_171419,118,3620714,SESSION_004,0,0,8190,4,32.59,63.51,1004.39,39.2,1,HIGH
2026-09-13T18:11:19.102+08:00,RUN_20260913_171419,119,3621717,SESSION_004,0,0,8190,4,32.59,63.46,1004.39,39.2,1,HIGH
2026-09-13T18:11:20.105+08:00,RUN_20260913_171419,120,3622720,SESSION_004,0,0,8190,4,32.59,63.46,1004.39,39.2,1,HIGH
2026-09-13T18:11:21.108+08:00,RUN_20260913_171419,121,3623723,SESSION_004,0,0,8190,4,32.59,63.56,1004.39,39.2,1,HIGH
2026-09-13T18:11:22.111+08:00,RUN_20260913_171419,122,3624726,SESSION_004,0,1,8190,4,32.59,63.53,1004.39,39.2,1,HIGH
2026-09-13T18:11:23.296+08:00,RUN_20260913_171419,123,3625911,SESSION_004,1,1,8190,4,32.59,63.45,1004.39,39.2,1,HIGH
2026-09-13T18:11:24.119+08:00,RUN_20260913_171419,124,3626734,SESSION_004,1,1,8190,4,32.59,63.46,1004.39,39.2,1,HIGH
2026-09-13T18:11:25.122+08:00,RUN_20260913_171419,125,3627737,SESSION_004,0,0,8190,4,32.59,63.47,1004.4,39.2,1,HIGH
2026-09-13T18:11:26.307+08:00,RUN_20260913_171419,126,3628922,SESSION_004,0,0,8190,4,32.59,63.5,1004.4,39.2,1,HIGH
2026-09-13T18:11:27.312+08:00,RUN_20260913_171419,127,3629927,SESSION_004,1,0,477,0,32.59,63.57,1004.4,39.2,1,HIGH
2026-09-13T18:11:28.317+08:00,RUN_20260913_171419,128,3630932,SESSION_004,1,0,464,0,32.59,63.52,1004.39,39.2,1,HIGH
2026-09-13T18:11:29.322+08:00,RUN_20260913_171419,129,3631937,SESSION_004,0,0,392,0,32.59,63.53,1004.39,39.2,1,HIGH
2026-09-13T18:11:30.327+08:00,RUN_20260913_171419,130,3632942,SESSION_004,0,0,600,0,32.59,63.52,1004.39,39.2,1,HIGH
2026-09-13T18:11:31.332+08:00,RUN_20260913_171419,131,3633947,SESSION_004,0,0,8190,4,32.59,63.52,1004.39,39.2,1,HIGH
2026-09-13T18:11:32.155+08:00,RUN_20260913_171419,132,3634770,SESSION_004,0,1,8190,4,32.59,63.56,1004.39,39.2,1,HIGH
2026-09-13T18:11:33.158+08:00,RUN_20260913_171419,133,3635773,SESSION_004,0,1,8190,4,32.59,63.57,1004.39,39.2,1,HIGH
2026-09-13T18:11:34.161+08:00,RUN_20260913_171419,134,3636776,SESSION_004,0,0,8190,4,32.59,63.51,1004.39,39.2,1,HIGH
2026-09-13T18:11:35.164+08:00,RUN_20260913_171419,135,3637779,SESSION_004,0,0,8190,4,32.59,63.58,1004.39,39.2,1,HIGH
2026-09-13T18:11:36.167+08:00,RUN_20260913_171419,136,3638782,SESSION_004,0,1,8190,4,32.59,63.51,1004.39,38.3,1,HIGH
2026-09-13T18:11:37.170+08:00,RUN_20260913_171419,137,3639785,SESSION_004,0,1,8190,4,32.59,63.49,1004.39,39.2,1,HIGH
2026-09-13T18:11:38.173+08:00,RUN_20260913_171419,138,3640788,SESSION_004,0,1,8190,4,32.59,63.5,1004.4,39.2,1,HIGH
2026-09-13T18:11:39.176+08:00,RUN_20260913_171419,139,3641791,SESSION_004,0,0,8190,4,32.59,63.56,1004.4,38.3,1,HIGH
2026-09-13T18:11:40.179+08:00,RUN_20260913_171419,140,3642794,SESSION_004,0,0,8190,4,32.59,63.57,1004.4,39.2,1,HIGH
2026-09-13T18:11:41.182+08:00,RUN_20260913_171419,141,3643797,SESSION_004,0,1,8190,4,32.59,63.57,1004.4,39.2,1,HIGH
2026-09-13T18:11:42.185+08:00,RUN_20260913_171419,142,3644800,SESSION_004,0,1,8190,4,32.59,63.58,1004.4,39.2,1,HIGH
2026-09-13T18:11:43.188+08:00,RUN_20260913_171419,143,3645803,SESSION_004,0,0,8190,4,32.59,63.58,1004.4,38.3,1,HIGH
2026-09-13T18:11:44.191+08:00,RUN_20260913_171419,144,3646806,SESSION_004,0,1,8190,4,32.59,63.58,1004.4,38.3,1,HIGH
2026-09-13T18:11:45.194+08:00,RUN_20260913_171419,145,3647809,SESSION_004,0,1,8190,4,32.59,63.51,1004.39,39.2,1,HIGH
2026-09-13T18:11:46.197+08:00,RUN_20260913_171419,146,3648812,SESSION_004,0,1,8190,4,32.59,63.52,1004.39,38.3,1,HIGH
2026-09-13T18:11:47.200+08:00,RUN_20260913_171419,147,3649815,SESSION_004,0,0,8190,4,32.59,63.56,1004.4,39.2,1,HIGH
2026-09-13T18:11:48.203+08:00,RUN_20260913_171419,148,3650818,SESSION_004,0,0,8190,4,32.59,63.57,1004.39,39.2,1,HIGH
2026-09-13T18:11:49.206+08:00,RUN_20260913_171419,149,3651821,SESSION_004,0,1,8190,4,32.59,63.56,1004.4,39.2,1,HIGH
2026-09-13T18:11:50.391+08:00,RUN_20260913_171419,150,3653006,SESSION_004,0,1,8190,4,32.59,63.57,1004.4,38.3,1,HIGH
2026-09-13T18:11:51.214+08:00,RUN_20260913_171419,151,3653829,SESSION_004,0,0,8190,4,32.59,63.55,1004.4,38.3,1,HIGH
2026-09-13T18:11:52.217+08:00,RUN_20260913_171419,152,3654832,SESSION_004,0,0,8190,4,32.59,63.49,1004.4,38.3,1,HIGH
2026-09-13T18:11:53.220+08:00,RUN_20260913_171419,153,3655835,SESSION_004,0,0,8190,4,32.59,63.5,1004.4,38.3,1,HIGH
2026-09-13T18:11:54.223+08:00,RUN_20260913_171419,154,3656838,SESSION_004,0,0,8190,4,32.59,63.56,1004.4,38.3,1,HIGH
2026-09-13T18:11:55.226+08:00,RUN_20260913_171419,155,3657841,SESSION_004,0,0,8190,4,32.59,63.49,1004.4,38.3,1,HIGH
2026-09-13T18:11:56.229+08:00,RUN_20260913_171419,156,3658844,SESSION_004,0,0,8190,4,32.59,63.52,1004.4,38.3,1,HIGH
2026-09-13T18:11:57.232+08:00,RUN_20260913_171419,157,3659847,SESSION_004,0,0,8190,4,32.59,63.61,1004.4,38.3,1,HIGH
2026-09-13T18:11:58.235+08:00,RUN_20260913_171419,158,3660850,SESSION_004,0,0,8190,4,32.59,63.52,1004.4,38.3,1,HIGH
2026-09-13T18:11:59.238+08:00,RUN_20260913_171419,159,3661853,SESSION_004,0,0,8190,4,32.59,63.52,1004.4,38.3,1,HIGH
2026-09-13T18:12:00.241+08:00,RUN_20260913_171419,160,3662856,SESSION_004,0,0,8190,4,32.59,63.58,1004.4,38.3,1,HIGH
2026-09-13T18:12:01.244+08:00,RUN_20260913_171419,161,3663859,SESSION_004,0,0,8190,4,32.59,63.61,1004.4,38.3,1,HIGH
2026-09-13T18:12:02.247+08:00,RUN_20260913_171419,162,3664862,SESSION_004,0,1,8190,4,32.59,63.58,1004.4,38.3,1,HIGH
2026-09-13T18:12:03.250+08:00,RUN_20260913_171419,163,3665865,SESSION_004,0,1,8190,4,32.59,63.59,1004.39,38.3,1,HIGH
2026-09-13T18:12:04.253+08:00,RUN_20260913_171419,164,3666868,SESSION_004,0,1,8190,4,32.59,63.58,1004.39,38.3,1,HIGH
2026-09-13T18:12:05.256+08:00,RUN_20260913_171419,165,3667871,SESSION_004,0,0,8190,4,32.59,63.51,1004.39,38.3,1,HIGH
2026-09-13T18:12:06.259+08:00,RUN_20260913_171419,166,3668874,SESSION_004,0,0,8190,4,32.59,63.5,1004.39,38.3,1,HIGH
2026-09-13T18:12:07.262+08:00,RUN_20260913_171419,167,3669877,SESSION_004,0,0,8190,4,32.59,63.52,1004.39,38.3,1,HIGH
2026-09-13T18:12:08.447+08:00,RUN_20260913_171419,168,3671062,SESSION_004,0,1,8190,4,32.59,63.53,1004.39,37.5,1,HIGH
2026-09-13T18:12:09.452+08:00,RUN_20260913_171419,169,3672067,SESSION_004,0,1,519,0,32.59,63.58,1004.39,38.3,1,HIGH
2026-09-13T18:12:10.457+08:00,RUN_20260913_171419,170,3673072,SESSION_004,0,0,8190,4,32.59,63.59,1004.39,37.5,1,HIGH
2026-09-13T18:12:11.280+08:00,RUN_20260913_171419,171,3673895,SESSION_004,1,0,8190,4,32.59,63.52,1004.39,37.5,1,HIGH
2026-09-13T18:12:12.283+08:00,RUN_20260913_171419,172,3674898,SESSION_004,1,1,8190,4,32.59,63.64,1004.39,36.7,1,HIGH
2026-09-13T18:12:13.286+08:00,RUN_20260913_171419,173,3675901,SESSION_004,0,0,8190,4,32.59,63.69,1004.39,36.7,1,HIGH
2026-09-13T18:12:14.289+08:00,RUN_20260913_171419,174,3676904,SESSION_004,0,0,8190,4,32.59,63.7,1004.39,36.7,1,HIGH
2026-09-13T18:12:15.292+08:00,RUN_20260913_171419,175,3677907,SESSION_004,0,0,8190,4,32.59,63.64,1004.39,36.7,1,HIGH
2026-09-13T18:12:16.295+08:00,RUN_20260913_171419,176,3678910,SESSION_004,0,0,8190,4,32.59,63.64,1004.39,36.7,1,HIGH
2026-09-13T18:12:17.298+08:00,RUN_20260913_171419,177,3679913,SESSION_004,0,0,8190,4,32.59,63.73,1004.39,36.7,1,HIGH
2026-09-13T18:12:18.301+08:00,RUN_20260913_171419,178,3680916,SESSION_004,0,0,8190,4,32.59,63.7,1004.39,36.7,1,HIGH
2026-09-13T18:12:19.304+08:00,RUN_20260913_171419,179,3681919,SESSION_004,0,0,8190,4,32.59,63.71,1004.39,36.7,1,HIGH
2026-09-13T18:12:20.489+08:00,RUN_20260913_171419,180,3683104,SESSION_004,1,1,764,0,32.59,63.73,1004.39,37.5,1,HIGH
2026-09-13T18:12:21.312+08:00,RUN_20260913_171419,181,3683927,SESSION_004,1,0,8190,4,32.59,63.7,1004.39,38.3,1,HIGH
2026-09-13T18:12:22.315+08:00,RUN_20260913_171419,182,3684930,SESSION_004,0,1,8190,4,32.59,63.67,1004.39,38.3,1,HIGH
2026-09-13T18:12:23.318+08:00,RUN_20260913_171419,183,3685933,SESSION_004,0,1,8190,4,32.59,63.65,1004.39,35.8,1,HIGH
2026-09-13T18:12:24.503+08:00,RUN_20260913_171419,184,3687118,SESSION_004,0,1,8190,4,32.59,63.73,1004.39,39.2,1,HIGH
2026-09-13T18:12:25.508+08:00,RUN_20260913_171419,185,3688123,SESSION_004,1,0,948,0,32.59,63.73,1004.39,39.2,1,HIGH
2026-09-13T18:12:26.331+08:00,RUN_20260913_171419,186,3688946,SESSION_004,0,1,8190,4,32.59,63.7,1004.39,39.2,1,HIGH
2026-09-13T18:12:27.334+08:00,RUN_20260913_171419,187,3689949,SESSION_004,0,1,8190,4,32.59,63.69,1004.39,39.2,1,HIGH
2026-09-13T18:12:28.337+08:00,RUN_20260913_171419,188,3690952,SESSION_004,0,0,8190,4,32.59,63.74,1004.39,39.2,1,HIGH
2026-09-13T18:12:29.340+08:00,RUN_20260913_171419,189,3691955,SESSION_004,0,0,8190,4,32.59,63.75,1004.38,39.2,1,HIGH
2026-09-13T18:12:30.343+08:00,RUN_20260913_171419,190,3692958,SESSION_004,1,0,8190,4,32.59,63.63,1004.38,39.2,1,HIGH
2026-09-13T18:12:31.346+08:00,RUN_20260913_171419,191,3693961,SESSION_004,0,0,8190,4,32.59,63.62,1004.38,39.2,1,HIGH
2026-09-13T18:12:32.349+08:00,RUN_20260913_171419,192,3694964,SESSION_004,0,0,8190,4,32.59,63.61,1004.38,39.2,1,HIGH
2026-09-13T18:12:33.352+08:00,RUN_20260913_171419,193,3695967,SESSION_004,0,0,8190,4,32.59,63.64,1004.38,39.2,1,HIGH
2026-09-13T18:12:34.355+08:00,RUN_20260913_171419,194,3696970,SESSION_004,0,0,8190,4,32.59,63.68,1004.38,39.2,1,HIGH
2026-09-13T18:12:35.540+08:00,RUN_20260913_171419,195,3698155,SESSION_004,1,0,8190,4,32.59,63.59,1004.38,39.2,1,HIGH
2026-09-13T18:12:36.363+08:00,RUN_20260913_171419,196,3698978,SESSION_004,1,0,8190,4,32.59,63.68,1004.39,39.2,1,HIGH
2026-09-13T18:12:37.366+08:00,RUN_20260913_171419,197,3699981,SESSION_004,0,0,8190,4,32.59,63.67,1004.39,39.2,1,HIGH
2026-09-13T18:12:38.369+08:00,RUN_20260913_171419,198,3700984,SESSION_004,0,0,8190,4,32.59,63.59,1004.39,39.2,1,HIGH
2026-09-13T18:12:39.554+08:00,RUN_20260913_171419,199,3702169,SESSION_004,1,0,8190,4,32.59,63.57,1004.39,39.2,1,HIGH
2026-09-13T18:12:40.377+08:00,RUN_20260913_171419,200,3702992,SESSION_004,0,0,8190,4,32.59,63.65,1004.39,39.2,1,HIGH
2026-09-13T18:12:41.380+08:00,RUN_20260913_171419,201,3703995,SESSION_004,0,0,8190,4,32.59,63.61,1004.39,39.2,1,HIGH
2026-09-13T18:12:42.383+08:00,RUN_20260913_171419,202,3704998,SESSION_004,0,0,8190,4,32.59,63.59,1004.38,39.2,1,HIGH
2026-09-13T18:12:43.386+08:00,RUN_20260913_171419,203,3706001,SESSION_004,0,0,8190,4,32.59,63.59,1004.38,39.2,1,HIGH
2026-09-13T18:12:44.389+08:00,RUN_20260913_171419,204,3707004,SESSION_004,0,0,8190,4,32.59,63.59,1004.38,39.2,1,HIGH
2026-09-13T18:12:45.392+08:00,RUN_20260913_171419,205,3708007,SESSION_004,0,0,8190,4,32.59,63.68,1004.39,39.2,1,HIGH
2026-09-13T18:12:46.395+08:00,RUN_20260913_171419,206,3709010,SESSION_004,0,0,8190,4,32.59,63.59,1004.39,39.2,1,HIGH
2026-09-13T18:12:47.398+08:00,RUN_20260913_171419,207,3710013,SESSION_004,0,0,8190,4,32.59,63.68,1004.39,39.2,1,HIGH
2026-09-13T18:12:48.401+08:00,RUN_20260913_171419,208,3711016,SESSION_004,1,0,8190,4,32.59,63.61,1004.39,39.2,1,HIGH
2026-09-13T18:12:49.404+08:00,RUN_20260913_171419,209,3712019,SESSION_004,1,0,8190,4,32.59,63.65,1004.38,39.2,1,HIGH
2026-09-13T18:12:50.407+08:00,RUN_20260913_171419,210,3713022,SESSION_004,1,0,8190,4,32.59,63.62,1004.38,39.2,1,HIGH
2026-09-13T18:12:51.410+08:00,RUN_20260913_171419,211,3714025,SESSION_004,1,0,8190,4,32.59,63.75,1004.38,39.2,1,HIGH
2026-09-13T18:12:52.413+08:00,RUN_20260913_171419,212,3715028,SESSION_004,0,0,8190,4,32.59,63.67,1004.38,39.2,1,HIGH
2026-09-13T18:12:53.416+08:00,RUN_20260913_171419,213,3716031,SESSION_004,0,0,8190,4,32.59,63.74,1004.38,39.2,1,HIGH
2026-09-13T18:12:54.419+08:00,RUN_20260913_171419,214,3717034,SESSION_004,1,0,8190,4,32.58,63.64,1004.38,39.2,1,HIGH
2026-09-13T18:12:55.422+08:00,RUN_20260913_171419,215,3718037,SESSION_004,0,0,8190,4,32.58,63.71,1004.38,39.2,1,HIGH
2026-09-13T18:12:56.425+08:00,RUN_20260913_171419,216,3719040,SESSION_004,1,0,8190,4,32.58,63.66,1004.38,39.2,1,HIGH
2026-09-13T18:12:57.610+08:00,RUN_20260913_171419,217,3720225,SESSION_004,1,0,8191,2,32.58,63.64,1004.38,39.2,1,HIGH
2026-09-13T18:12:58.615+08:00,RUN_20260913_171419,218,3721230,SESSION_004,1,0,8191,2,32.58,63.62,1004.39,39.2,1,HIGH
2026-09-13T18:12:59.620+08:00,RUN_20260913_171419,219,3722235,SESSION_004,0,1,8191,2,32.58,63.63,1004.39,39.2,1,HIGH
2026-09-13T18:13:00.625+08:00,RUN_20260913_171419,220,3723240,SESSION_004,1,1,270,0,32.58,63.71,1004.39,39.2,1,HIGH
2026-09-13T18:13:01.630+08:00,RUN_20260913_171419,221,3724245,SESSION_004,1,1,290,0,32.58,63.62,1004.39,39.2,1,HIGH
2026-09-13T18:13:02.635+08:00,RUN_20260913_171419,222,3725250,SESSION_004,1,1,278,0,32.58,63.63,1004.39,39.2,1,HIGH
2026-09-13T18:13:03.640+08:00,RUN_20260913_171419,223,3726255,SESSION_004,1,1,267,0,32.58,63.68,1004.38,39.2,1,HIGH
2026-09-13T18:13:04.645+08:00,RUN_20260913_171419,224,3727260,SESSION_004,0,1,288,0,32.58,63.78,1004.38,39.2,1,HIGH
2026-09-13T18:13:05.650+08:00,RUN_20260913_171419,225,3728265,SESSION_004,0,0,283,0,32.58,63.8,1004.39,39.2,1,HIGH
2026-09-13T18:13:06.655+08:00,RUN_20260913_171419,226,3729270,SESSION_004,1,0,288,0,32.58,63.83,1004.39,38.3,1,HIGH
2026-09-13T18:13:07.660+08:00,RUN_20260913_171419,227,3730275,SESSION_004,1,1,8191,2,32.58,63.86,1004.38,39.2,1,HIGH
2026-09-13T18:13:08.665+08:00,RUN_20260913_171419,228,3731280,SESSION_004,1,1,8191,2,32.58,63.86,1004.39,39.2,1,HIGH
2026-09-13T18:13:09.670+08:00,RUN_20260913_171419,229,3732285,SESSION_004,0,0,8191,2,32.58,63.87,1004.38,39.2,1,HIGH
2026-09-13T18:13:10.675+08:00,RUN_20260913_171419,230,3733290,SESSION_004,1,0,8191,2,32.58,63.77,1004.38,38.3,1,HIGH
2026-09-13T18:13:11.680+08:00,RUN_20260913_171419,231,3734295,SESSION_004,0,1,283,0,32.58,63.82,1004.39,38.3,1,HIGH
2026-09-13T18:13:12.685+08:00,RUN_20260913_171419,232,3735300,SESSION_004,0,1,8191,2,32.58,63.83,1004.39,39.2,1,HIGH
2026-09-13T18:13:13.690+08:00,RUN_20260913_171419,233,3736305,SESSION_004,0,1,357,0,32.58,63.86,1004.39,39.2,1,HIGH
2026-09-13T18:13:14.695+08:00,RUN_20260913_171419,234,3737310,SESSION_004,1,1,242,0,32.58,63.74,1004.39,39.2,1,HIGH
2026-09-13T18:13:15.700+08:00,RUN_20260913_171419,235,3738315,SESSION_004,0,1,264,0,32.58,63.83,1004.39,39.2,1,HIGH
2026-09-13T18:13:16.705+08:00,RUN_20260913_171419,236,3739320,SESSION_004,0,1,279,0,32.58,63.93,1004.39,39.2,1,HIGH
2026-09-13T18:13:17.710+08:00,RUN_20260913_171419,237,3740325,SESSION_004,1,1,8191,2,32.58,63.89,1004.39,39.2,1,HIGH
2026-09-13T18:13:18.715+08:00,RUN_20260913_171419,238,3741330,SESSION_004,1,1,8191,2,32.58,63.88,1004.39,39.2,1,HIGH
2026-09-13T18:13:19.720+08:00,RUN_20260913_171419,239,3742335,SESSION_004,1,0,8191,2,32.59,63.96,1004.39,39.2,1,HIGH
2026-09-13T18:13:20.725+08:00,RUN_20260913_171419,240,3743340,SESSION_004,0,0,8191,2,32.59,63.87,1004.39,39.2,1,HIGH
2026-09-13T18:13:21.548+08:00,RUN_20260913_171419,241,3744163,SESSION_004,0,0,8190,4,32.59,63.86,1004.39,39.2,1,HIGH
2026-09-13T18:13:22.551+08:00,RUN_20260913_171419,242,3745166,SESSION_004,0,0,8190,4,32.59,63.82,1004.39,39.2,1,HIGH
2026-09-13T18:13:23.736+08:00,RUN_20260913_171419,243,3746351,SESSION_004,0,0,8190,4,32.59,63.83,1004.39,39.2,1,HIGH
2026-09-13T18:13:24.741+08:00,RUN_20260913_171419,244,3747356,SESSION_004,1,0,8190,4,32.59,63.83,1004.39,39.2,1,HIGH
2026-09-13T18:13:25.564+08:00,RUN_20260913_171419,245,3748179,SESSION_004,1,0,8190,4,32.59,63.86,1004.39,39.2,1,HIGH
2026-09-13T18:13:26.567+08:00,RUN_20260913_171419,246,3749182,SESSION_004,1,0,8190,4,32.59,63.84,1004.39,39.2,1,HIGH
2026-09-13T18:13:27.570+08:00,RUN_20260913_171419,247,3750185,SESSION_004,1,0,8190,4,32.59,63.8,1004.39,39.2,1,HIGH
2026-09-13T18:13:28.573+08:00,RUN_20260913_171419,248,3751188,SESSION_004,0,0,8190,4,32.59,63.77,1004.39,39.2,1,HIGH
2026-09-13T18:13:29.576+08:00,RUN_20260913_171419,249,3752191,SESSION_004,0,0,8190,4,32.59,63.77,1004.39,39.2,1,HIGH
2026-09-13T18:13:30.579+08:00,RUN_20260913_171419,250,3753194,SESSION_004,0,0,8190,4,32.59,63.74,1004.39,39.2,1,HIGH
2026-09-13T18:13:31.582+08:00,RUN_20260913_171419,251,3754197,SESSION_004,1,0,8190,4,32.59,63.74,1004.39,39.2,1,HIGH
2026-09-13T18:13:32.585+08:00,RUN_20260913_171419,252,3755200,SESSION_004,1,0,8190,4,32.59,63.69,1004.39,39.2,1,HIGH
2026-09-13T18:13:33.588+08:00,RUN_20260913_171419,253,3756203,SESSION_004,1,0,8190,4,32.59,63.73,1004.39,39.2,1,HIGH
2026-09-13T18:13:34.591+08:00,RUN_20260913_171419,254,3757206,SESSION_004,1,0,8190,4,32.6,63.8,1004.39,39.2,1,HIGH
2026-09-13T18:13:35.594+08:00,RUN_20260913_171419,255,3758209,SESSION_004,1,0,8190,4,32.6,63.71,1004.39,39.2,1,HIGH
2026-09-13T18:13:36.597+08:00,RUN_20260913_171419,256,3759212,SESSION_004,0,0,8190,4,32.6,63.73,1004.39,39.2,1,HIGH
2026-09-13T18:13:37.600+08:00,RUN_20260913_171419,257,3760215,SESSION_004,0,0,8190,4,32.6,63.71,1004.39,39.2,1,HIGH
2026-09-13T18:13:38.603+08:00,RUN_20260913_171419,258,3761218,SESSION_004,1,0,8190,4,32.6,63.81,1004.39,39.2,1,HIGH
2026-09-13T18:13:39.606+08:00,RUN_20260913_171419,259,3762221,SESSION_004,0,0,8190,4,32.6,63.73,1004.39,39.2,1,HIGH
2026-09-13T18:13:40.609+08:00,RUN_20260913_171419,260,3763224,SESSION_004,0,0,8190,4,32.6,63.77,1004.39,39.2,1,HIGH
2026-09-13T18:13:41.612+08:00,RUN_20260913_171419,261,3764227,SESSION_004,0,0,8190,4,32.6,63.83,1004.39,39.2,1,HIGH
2026-09-13T18:13:42.615+08:00,RUN_20260913_171419,262,3765230,SESSION_004,1,0,8190,4,32.6,63.82,1004.39,39.2,1,HIGH
2026-09-13T18:13:43.618+08:00,RUN_20260913_171419,263,3766233,SESSION_004,0,0,8190,4,32.6,63.81,1004.39,39.2,1,HIGH
2026-09-13T18:13:44.621+08:00,RUN_20260913_171419,264,3767236,SESSION_004,0,0,8190,4,32.6,63.73,1004.39,39.2,1,HIGH
2026-09-13T18:13:45.806+08:00,RUN_20260913_171419,265,3768421,SESSION_004,0,0,338,0,32.6,63.71,1004.39,39.2,1,HIGH
2026-09-13T18:13:46.811+08:00,RUN_20260913_171419,266,3769426,SESSION_004,0,0,456,0,32.6,63.73,1004.39,39.2,1,HIGH
2026-09-13T18:13:47.816+08:00,RUN_20260913_171419,267,3770431,SESSION_004,0,0,8190,4,32.6,63.77,1004.39,39.2,1,HIGH
2026-09-13T18:13:48.639+08:00,RUN_20260913_171419,268,3771254,SESSION_004,1,0,8190,4,32.6,63.82,1004.39,39.2,1,HIGH
2026-09-13T18:13:49.642+08:00,RUN_20260913_171419,269,3772257,SESSION_004,0,1,8190,4,32.6,63.7,1004.39,39.2,1,HIGH
2026-09-13T18:13:50.645+08:00,RUN_20260913_171419,270,3773260,SESSION_004,0,1,8190,4,32.6,63.74,1004.39,39.2,1,HIGH
2026-09-13T18:13:51.648+08:00,RUN_20260913_171419,271,3774263,SESSION_004,0,1,8190,4,32.6,63.77,1004.39,38.3,1,HIGH
2026-09-13T18:13:52.651+08:00,RUN_20260913_171419,272,3775266,SESSION_004,1,1,8190,4,32.6,63.75,1004.39,39.2,1,HIGH
2026-09-13T18:13:53.654+08:00,RUN_20260913_171419,273,3776269,SESSION_004,0,0,8190,4,32.6,63.76,1004.39,39.2,1,HIGH
2026-09-13T18:13:54.657+08:00,RUN_20260913_171419,274,3777272,SESSION_004,0,0,8190,4,32.6,63.76,1004.39,39.2,1,HIGH
2026-09-13T18:13:55.660+08:00,RUN_20260913_171419,275,3778275,SESSION_004,0,1,8190,4,32.6,63.75,1004.39,39.2,1,HIGH
2026-09-13T18:13:56.663+08:00,RUN_20260913_171419,276,3779278,SESSION_004,0,0,8190,4,32.6,63.87,1004.39,39.2,1,HIGH
2026-09-13T18:13:57.666+08:00,RUN_20260913_171419,277,3780281,SESSION_004,0,0,8190,4,32.6,63.8,1004.39,38.3,1,HIGH
2026-09-13T18:13:58.669+08:00,RUN_20260913_171419,278,3781284,SESSION_004,0,0,8190,4,32.6,63.86,1004.39,38.3,1,HIGH
2026-09-13T18:13:59.672+08:00,RUN_20260913_171419,279,3782287,SESSION_004,0,0,8190,4,32.6,63.81,1004.39,38.3,1,HIGH
2026-09-13T18:14:00.675+08:00,RUN_20260913_171419,280,3783290,SESSION_004,0,1,8190,4,32.6,63.86,1004.39,38.3,1,HIGH
2026-09-13T18:14:01.678+08:00,RUN_20260913_171419,281,3784293,SESSION_004,0,1,8190,4,32.6,63.77,1004.39,38.3,1,HIGH
2026-09-13T18:14:02.681+08:00,RUN_20260913_171419,282,3785296,SESSION_004,1,1,8190,4,32.6,63.87,1004.39,39.2,1,HIGH
2026-09-13T18:14:03.684+08:00,RUN_20260913_171419,283,3786299,SESSION_004,0,0,8190,4,32.6,63.84,1004.39,39.2,1,HIGH
2026-09-13T18:14:04.687+08:00,RUN_20260913_171419,284,3787302,SESSION_004,0,0,8190,4,32.6,63.8,1004.39,39.2,1,HIGH
2026-09-13T18:14:05.872+08:00,RUN_20260913_171419,285,3788487,SESSION_004,1,0,8190,4,32.6,63.89,1004.39,39.2,1,HIGH
2026-09-13T18:14:06.877+08:00,RUN_20260913_171419,286,3789492,SESSION_004,0,0,448,0,32.6,63.88,1004.4,39.2,1,HIGH
2026-09-13T18:14:07.882+08:00,RUN_20260913_171419,287,3790497,SESSION_004,0,0,581,0,32.6,63.81,1004.4,39.2,1,HIGH
2026-09-13T18:14:08.705+08:00,RUN_20260913_171419,288,3791320,SESSION_004,0,1,8190,4,32.6,63.77,1004.4,39.2,1,HIGH
2026-09-13T18:14:09.708+08:00,RUN_20260913_171419,289,3792323,SESSION_004,0,1,8190,4,32.6,63.8,1004.4,39.2,1,HIGH
2026-09-13T18:14:10.893+08:00,RUN_20260913_171419,290,3793508,SESSION_004,0,0,8190,4,32.6,63.8,1004.4,38.3,1,HIGH
2026-09-13T18:14:11.716+08:00,RUN_20260913_171419,291,3794331,SESSION_004,0,0,8190,4,32.59,63.9,1004.39,39.2,1,HIGH
2026-09-13T18:14:12.719+08:00,RUN_20260913_171419,292,3795334,SESSION_004,0,1,8190,4,32.6,63.83,1004.4,39.2,1,HIGH
2026-09-13T18:14:13.722+08:00,RUN_20260913_171419,293,3796337,SESSION_004,0,0,8190,4,32.59,63.83,1004.39,39.2,1,HIGH
2026-09-13T18:14:14.907+08:00,RUN_20260913_171419,294,3797522,SESSION_004,0,0,406,0,32.59,63.83,1004.39,39.2,1,HIGH
2026-09-13T18:14:15.912+08:00,RUN_20260913_171419,295,3798527,SESSION_004,0,1,416,0,32.6,63.9,1004.4,39.2,1,HIGH
2026-09-13T18:14:16.735+08:00,RUN_20260913_171419,296,3799350,SESSION_004,1,0,8190,4,32.6,63.95,1004.4,39.2,1,HIGH
2026-09-13T18:14:17.738+08:00,RUN_20260913_171419,297,3800353,SESSION_004,1,0,8190,4,32.6,63.88,1004.4,39.2,1,HIGH
2026-09-13T18:14:18.741+08:00,RUN_20260913_171419,298,3801356,SESSION_004,1,1,8190,4,32.6,63.98,1004.4,39.2,1,HIGH
2026-09-13T18:14:19.744+08:00,RUN_20260913_171419,299,3802359,SESSION_004,1,0,8190,4,32.6,63.95,1004.4,39.2,1,HIGH
2026-09-13T18:14:20.747+08:00,RUN_20260913_171419,300,3803362,SESSION_004,0,0,8190,4,32.6,63.93,1004.4,39.2,1,HIGH
2026-09-13T18:14:21.750+08:00,RUN_20260913_171419,301,3804365,SESSION_004,0,0,8190,4,32.6,63.95,1004.4,39.2,1,HIGH
2026-09-13T18:14:22.753+08:00,RUN_20260913_171419,302,3805368,SESSION_004,1,0,8190,4,32.6,63.88,1004.4,39.2,1,HIGH
2026-09-13T18:14:23.756+08:00,RUN_20260913_171419,303,3806371,SESSION_004,0,0,8190,4,32.6,63.92,1004.4,39.2,1,HIGH
2026-09-13T18:14:24.759+08:00,RUN_20260913_171419,304,3807374,SESSION_004,0,0,8190,4,32.6,63.93,1004.4,39.2,1,HIGH
2026-09-13T18:14:25.762+08:00,RUN_20260913_171419,305,3808377,SESSION_004,0,0,8190,4,32.6,63.86,1004.4,39.2,1,HIGH
2026-09-13T18:14:26.765+08:00,RUN_20260913_171419,306,3809380,SESSION_004,0,0,8190,4,32.6,63.84,1004.4,39.2,1,HIGH
2026-09-13T18:14:27.768+08:00,RUN_20260913_171419,307,3810383,SESSION_004,1,0,8190,4,32.6,63.92,1004.4,39.2,1,HIGH
2026-09-13T18:14:28.771+08:00,RUN_20260913_171419,308,3811386,SESSION_004,0,0,8190,4,32.6,63.94,1004.4,39.2,1,HIGH
2026-09-13T18:14:29.774+08:00,RUN_20260913_171419,309,3812389,SESSION_004,0,0,8190,4,32.6,63.84,1004.4,39.2,1,HIGH
2026-09-13T18:14:30.777+08:00,RUN_20260913_171419,310,3813392,SESSION_004,1,0,8190,4,32.59,63.9,1004.39,39.2,1,HIGH
2026-09-13T18:14:31.962+08:00,RUN_20260913_171419,311,3814577,SESSION_004,0,0,8190,4,32.59,63.92,1004.39,39.2,1,HIGH
2026-09-13T18:14:32.967+08:00,RUN_20260913_171419,312,3815582,SESSION_004,1,0,426,0,32.6,63.83,1004.4,39.2,1,HIGH
2026-09-13T18:14:33.790+08:00,RUN_20260913_171419,313,3816405,SESSION_004,0,1,8190,4,32.6,63.83,1004.4,39.2,1,HIGH
2026-09-13T18:14:34.793+08:00,RUN_20260913_171419,314,3817408,SESSION_004,0,0,8190,4,32.6,63.83,1004.4,38.3,1,HIGH
2026-09-13T18:14:35.796+08:00,RUN_20260913_171419,315,3818411,SESSION_004,0,0,8190,4,32.59,63.86,1004.39,39.2,1,HIGH
2026-09-13T18:14:36.799+08:00,RUN_20260913_171419,316,3819414,SESSION_004,0,0,8190,4,32.59,63.86,1004.4,39.2,1,HIGH
2026-09-13T18:14:37.802+08:00,RUN_20260913_171419,317,3820417,SESSION_004,0,1,8190,4,32.59,63.95,1004.4,39.2,1,HIGH
2026-09-13T18:14:38.805+08:00,RUN_20260913_171419,318,3821420,SESSION_004,0,1,8190,4,32.59,63.94,1004.4,39.2,1,HIGH
2026-09-13T18:14:39.990+08:00,RUN_20260913_171419,319,3822605,SESSION_004,1,0,294,0,32.59,63.96,1004.4,39.2,1,HIGH
2026-09-13T18:14:40.995+08:00,RUN_20260913_171419,320,3823610,SESSION_004,0,0,8191,2,32.59,63.96,1004.4,39.2,1,HIGH
2026-09-13T18:14:41.818+08:00,RUN_20260913_171419,321,3824433,SESSION_004,0,0,8190,4,32.59,63.96,1004.4,39.2,1,HIGH
2026-09-13T18:14:42.821+08:00,RUN_20260913_171419,322,3825436,SESSION_004,1,1,8190,4,32.59,63.89,1004.4,39.2,1,HIGH
2026-09-13T18:14:43.824+08:00,RUN_20260913_171419,323,3826439,SESSION_004,1,1,8190,4,32.59,63.96,1004.4,39.2,1,HIGH
2026-09-13T18:14:44.827+08:00,RUN_20260913_171419,324,3827442,SESSION_004,0,0,8190,4,32.59,63.99,1004.4,39.2,1,HIGH
2026-09-13T18:14:45.830+08:00,RUN_20260913_171419,325,3828445,SESSION_004,0,0,8190,4,32.59,64,1004.4,39.2,1,HIGH
2026-09-13T18:14:46.833+08:00,RUN_20260913_171419,326,3829448,SESSION_004,1,0,8190,4,32.59,63.93,1004.4,39.2,1,HIGH
2026-09-13T18:14:47.836+08:00,RUN_20260913_171419,327,3830451,SESSION_004,0,0,8190,4,32.59,63.93,1004.4,39.2,1,HIGH
2026-09-13T18:14:48.839+08:00,RUN_20260913_171419,328,3831454,SESSION_004,1,0,8190,4,32.59,64.01,1004.4,39.2,1,HIGH
2026-09-13T18:14:49.842+08:00,RUN_20260913_171419,329,3832457,SESSION_004,0,0,8190,4,32.59,63.93,1004.4,39.2,1,HIGH
2026-09-13T18:14:50.845+08:00,RUN_20260913_171419,330,3833460,SESSION_004,0,0,8190,4,32.59,63.92,1004.4,39.2,1,HIGH
2026-09-13T18:14:51.848+08:00,RUN_20260913_171419,331,3834463,SESSION_004,0,0,8190,4,32.59,63.9,1004.39,39.2,1,HIGH
2026-09-13T18:14:52.851+08:00,RUN_20260913_171419,332,3835466,SESSION_004,1,0,8190,4,32.59,63.95,1004.39,39.2,1,HIGH
2026-09-13T18:14:53.854+08:00,RUN_20260913_171419,333,3836469,SESSION_004,0,0,8190,4,32.59,63.96,1004.39,39.2,1,HIGH
2026-09-13T18:14:54.857+08:00,RUN_20260913_171419,334,3837472,SESSION_004,0,0,8190,4,32.59,63.93,1004.39,39.2,1,HIGH
2026-09-13T18:14:56.042+08:00,RUN_20260913_171419,335,3838657,SESSION_004,0,0,8190,4,32.59,63.88,1004.39,39.2,1,HIGH
2026-09-13T18:14:56.865+08:00,RUN_20260913_171419,336,3839480,SESSION_004,0,0,8190,4,32.59,63.96,1004.39,39.2,1,HIGH
2026-09-13T18:14:57.868+08:00,RUN_20260913_171419,337,3840483,SESSION_004,0,0,8190,4,32.59,63.96,1004.39,39.2,1,HIGH
2026-09-13T18:14:58.871+08:00,RUN_20260913_171419,338,3841486,SESSION_004,0,0,8190,4,32.59,63.89,1004.39,39.2,1,HIGH
2026-09-13T18:14:59.874+08:00,RUN_20260913_171419,339,3842489,SESSION_004,0,0,8190,4,32.59,63.92,1004.39,39.2,1,HIGH
2026-09-13T18:15:00.877+08:00,RUN_20260913_171419,340,3843492,SESSION_004,1,0,8190,4,32.59,63.88,1004.38,39.2,1,HIGH
2026-09-13T18:15:01.880+08:00,RUN_20260913_171419,341,3844495,SESSION_004,0,0,8190,4,32.59,63.94,1004.39,39.2,1,HIGH
2026-09-13T18:15:02.883+08:00,RUN_20260913_171419,342,3845498,SESSION_004,1,0,8190,4,32.59,63.94,1004.39,39.2,1,HIGH
2026-09-13T18:15:03.886+08:00,RUN_20260913_171419,343,3846501,SESSION_004,1,0,8190,4,32.59,63.94,1004.39,39.2,1,HIGH
2026-09-13T18:15:04.889+08:00,RUN_20260913_171419,344,3847504,SESSION_004,1,0,8190,4,32.59,63.93,1004.39,39.2,1,HIGH
2026-09-13T18:15:06.074+08:00,RUN_20260913_171419,345,3848689,SESSION_004,0,0,419,0,32.59,63.88,1004.39,39.2,1,HIGH
2026-09-13T18:15:07.079+08:00,RUN_20260913_171419,346,3849694,SESSION_004,0,0,8190,4,32.59,63.88,1004.39,39.2,1,HIGH
2026-09-13T18:15:07.902+08:00,RUN_20260913_171419,347,3850517,SESSION_004,1,1,8190,4,32.59,63.88,1004.39,39.2,1,HIGH
2026-09-13T18:15:08.905+08:00,RUN_20260913_171419,348,3851520,SESSION_004,0,0,8190,4,32.59,63.84,1004.39,39.2,1,HIGH
2026-09-13T18:15:09.908+08:00,RUN_20260913_171419,349,3852523,SESSION_004,0,0,8190,4,32.59,63.88,1004.39,38.3,1,HIGH
2026-09-13T18:15:10.911+08:00,RUN_20260913_171419,350,3853526,SESSION_004,0,1,8190,4,32.59,63.87,1004.39,38.3,1,HIGH
2026-09-13T18:15:11.914+08:00,RUN_20260913_171419,351,3854529,SESSION_004,0,1,8190,4,32.59,63.92,1004.39,39.2,1,HIGH
2026-09-13T18:15:12.917+08:00,RUN_20260913_171419,352,3855532,SESSION_004,0,1,8190,4,32.59,63.95,1004.39,39.2,1,HIGH
2026-09-13T18:15:14.102+08:00,RUN_20260913_171419,353,3856717,SESSION_004,0,0,8190,4,32.59,63.96,1004.39,37.5,1,HIGH
2026-09-13T18:15:14.925+08:00,RUN_20260913_171419,354,3857540,SESSION_004,1,0,8190,4,32.59,63.95,1004.39,34.2,1,HIGH
2026-09-13T18:15:15.928+08:00,RUN_20260913_171419,355,3858543,SESSION_004,1,1,8190,4,32.59,64.01,1004.39,8.3,1,HIGH
2026-09-13T18:15:16.931+08:00,RUN_20260913_171419,356,3859546,SESSION_004,0,1,8190,4,32.59,64.01,1004.39,10.8,1,HIGH
2026-09-13T18:15:17.934+08:00,RUN_20260913_171419,357,3860549,SESSION_004,0,0,8190,4,32.59,64,1004.39,10,1,HIGH
2026-09-13T18:15:18.937+08:00,RUN_20260913_171419,358,3861552,SESSION_004,0,0,8190,4,32.59,63.92,1004.39,7.5,1,HIGH
2026-09-13T18:15:19.940+08:00,RUN_20260913_171419,359,3862555,SESSION_004,0,1,8190,4,32.59,63.95,1004.39,28.3,1,HIGH
2026-09-13T18:15:20.943+08:00,RUN_20260913_171419,360,3863558,SESSION_004,0,1,8190,4,32.59,63.95,1004.39,37.5,1,HIGH
2026-09-13T18:15:21.946+08:00,RUN_20260913_171419,361,3864561,SESSION_004,1,1,8190,4,32.59,64.05,1004.39,39.2,1,HIGH
2026-09-13T18:15:22.949+08:00,RUN_20260913_171419,362,3865564,SESSION_004,1,0,8190,4,32.59,63.99,1004.39,36.7,1,HIGH
2026-09-13T18:15:23.952+08:00,RUN_20260913_171419,363,3866567,SESSION_004,0,0,8190,4,32.59,64.01,1004.39,35.8,1,HIGH
2026-09-13T18:15:24.955+08:00,RUN_20260913_171419,364,3867570,SESSION_004,0,0,8190,4,32.59,63.95,1004.39,38.3,1,HIGH
2026-09-13T18:15:26.140+08:00,RUN_20260913_171419,365,3868755,SESSION_004,0,0,8191,2,32.59,63.99,1004.39,39.2,1,HIGH
2026-09-13T18:15:27.145+08:00,RUN_20260913_171419,366,3869760,SESSION_004,1,0,799,0,32.59,63.99,1004.39,39.2,1,HIGH
2026-09-13T18:15:28.150+08:00,RUN_20260913_171419,367,3870765,SESSION_004,0,0,8190,4,32.59,64.05,1004.39,39.2,1,HIGH
2026-09-13T18:15:29.155+08:00,RUN_20260913_171419,368,3871770,SESSION_004,0,1,479,0,32.59,64.06,1004.39,39.2,1,HIGH
2026-09-13T18:15:30.160+08:00,RUN_20260913_171419,369,3872775,SESSION_004,1,1,580,0,32.59,63.96,1004.39,39.2,1,HIGH
2026-09-13T18:15:31.165+08:00,RUN_20260913_171419,370,3873780,SESSION_004,0,0,8190,4,32.59,63.98,1004.39,39.2,1,HIGH
2026-09-13T18:15:32.170+08:00,RUN_20260913_171419,371,3874785,SESSION_004,0,0,8190,4,32.59,63.99,1004.39,38.3,1,HIGH
2026-09-13T18:15:32.993+08:00,RUN_20260913_171419,372,3875608,SESSION_004,0,0,8190,4,32.59,64.07,1004.39,39.2,1,HIGH
2026-09-13T18:15:33.996+08:00,RUN_20260913_171419,373,3876611,SESSION_004,1,1,8190,4,32.59,63.95,1004.39,38.3,1,HIGH
2026-09-13T18:15:35.181+08:00,RUN_20260913_171419,374,3877796,SESSION_004,0,0,509,0,32.59,64.06,1004.39,38.3,1,HIGH
2026-09-13T18:15:36.004+08:00,RUN_20260913_171419,375,3878619,SESSION_004,1,0,8190,4,32.59,64.06,1004.39,39.2,1,HIGH
2026-09-13T18:15:37.189+08:00,RUN_20260913_171419,376,3879804,SESSION_004,1,0,343,0,32.59,63.99,1004.39,39.2,1,HIGH
2026-09-13T18:15:38.012+08:00,RUN_20260913_171419,377,3880627,SESSION_004,0,1,8190,4,32.59,64,1004.39,39.2,1,HIGH
2026-09-13T18:15:39.015+08:00,RUN_20260913_171419,378,3881630,SESSION_004,0,0,8190,4,32.59,64.01,1004.39,39.2,1,HIGH
2026-09-13T18:15:40.200+08:00,RUN_20260913_171419,379,3882815,SESSION_004,0,0,8190,4,32.59,64.05,1004.39,39.2,1,HIGH
2026-09-13T18:15:41.205+08:00,RUN_20260913_171419,380,3883820,SESSION_004,0,1,8191,2,32.59,64.1,1004.39,39.2,1,HIGH
2026-09-13T18:15:42.210+08:00,RUN_20260913_171419,381,3884825,SESSION_004,0,1,8191,2,32.59,64.14,1004.39,39.2,1,HIGH
2026-09-13T18:15:43.215+08:00,RUN_20260913_171419,382,3885830,SESSION_004,0,1,8191,2,32.59,64.11,1004.39,39.2,1,HIGH
2026-09-13T18:15:44.220+08:00,RUN_20260913_171419,383,3886835,SESSION_004,0,1,8191,2,32.59,64.08,1004.39,39.2,1,HIGH
2026-09-13T18:15:45.225+08:00,RUN_20260913_171419,384,3887840,SESSION_004,1,0,622,0,32.59,64.06,1004.39,39.2,1,HIGH
2026-09-13T18:15:46.230+08:00,RUN_20260913_171419,385,3888845,SESSION_004,1,0,8190,4,32.59,64.05,1004.39,39.2,1,HIGH
2026-09-13T18:15:47.053+08:00,RUN_20260913_171419,386,3889668,SESSION_004,1,1,8190,4,32.59,64.02,1004.39,39.2,1,HIGH
2026-09-13T18:15:48.238+08:00,RUN_20260913_171419,387,3890853,SESSION_004,0,1,8190,4,32.59,64.02,1004.39,39.2,1,HIGH
2026-09-13T18:15:49.061+08:00,RUN_20260913_171419,388,3891676,SESSION_004,0,1,8190,4,32.59,64.1,1004.39,39.2,1,HIGH
2026-09-13T18:15:50.064+08:00,RUN_20260913_171419,389,3892679,SESSION_004,1,0,8190,4,32.59,64.16,1004.39,39.2,1,HIGH
2026-09-13T18:15:51.067+08:00,RUN_20260913_171419,390,3893682,SESSION_004,0,0,8190,4,32.6,64.06,1004.4,39.2,1,HIGH
2026-09-13T18:15:52.070+08:00,RUN_20260913_171419,391,3894685,SESSION_004,0,0,8190,4,32.6,64.16,1004.4,39.2,1,HIGH
2026-09-13T18:15:53.073+08:00,RUN_20260913_171419,392,3895688,SESSION_004,0,0,8190,4,32.6,64.06,1004.4,39.2,1,HIGH
2026-09-13T18:15:54.258+08:00,RUN_20260913_171419,393,3896873,SESSION_004,1,0,810,0,32.6,64.12,1004.4,39.2,1,HIGH
2026-09-13T18:15:55.081+08:00,RUN_20260913_171419,394,3897696,SESSION_004,0,0,8190,4,32.6,64.04,1004.4,39.2,1,HIGH
2026-09-13T18:15:56.084+08:00,RUN_20260913_171419,395,3898699,SESSION_004,1,0,8190,4,32.6,64.02,1004.4,39.2,1,HIGH
2026-09-13T18:15:57.087+08:00,RUN_20260913_171419,396,3899702,SESSION_004,1,0,8190,4,32.6,64.01,1004.4,39.2,1,HIGH
2026-09-13T18:15:58.090+08:00,RUN_20260913_171419,397,3900705,SESSION_004,0,0,8190,4,32.6,63.99,1004.4,39.2,1,HIGH
2026-09-13T18:15:59.093+08:00,RUN_20260913_171419,398,3901708,SESSION_004,1,0,8190,4,32.6,64.06,1004.4,39.2,1,HIGH
2026-09-13T18:16:00.096+08:00,RUN_20260913_171419,399,3902711,SESSION_004,0,0,8190,4,32.6,64.04,1004.4,39.2,1,HIGH
2026-09-13T18:16:01.099+08:00,RUN_20260913_171419,400,3903714,SESSION_004,0,0,8190,4,32.6,63.96,1004.4,39.2,1,HIGH
2026-09-13T18:16:02.102+08:00,RUN_20260913_171419,401,3904717,SESSION_004,0,0,8190,4,32.6,64.06,1004.4,38.3,1,HIGH
2026-09-13T18:16:03.105+08:00,RUN_20260913_171419,402,3905720,SESSION_004,0,0,8190,4,32.6,64.05,1004.4,38.3,1,HIGH
2026-09-13T18:16:04.108+08:00,RUN_20260913_171419,403,3906723,SESSION_004,0,0,8190,4,32.6,64.06,1004.4,38.3,1,HIGH
2026-09-13T18:16:05.111+08:00,RUN_20260913_171419,404,3907726,SESSION_004,0,0,8190,4,32.6,63.95,1004.4,39.2,1,HIGH
2026-09-13T18:16:06.114+08:00,RUN_20260913_171419,405,3908729,SESSION_004,1,0,8190,4,32.6,63.95,1004.41,38.3,1,HIGH
2026-09-13T18:16:07.117+08:00,RUN_20260913_171419,406,3909732,SESSION_004,1,0,8190,4,32.6,64.02,1004.4,38.3,1,HIGH
2026-09-13T18:16:08.120+08:00,RUN_20260913_171419,407,3910735,SESSION_004,0,1,8190,4,32.6,64.05,1004.41,38.3,1,HIGH
2026-09-13T18:16:09.123+08:00,RUN_20260913_171419,408,3911738,SESSION_004,0,0,8190,4,32.6,64.02,1004.41,38.3,1,HIGH
2026-09-13T18:16:10.126+08:00,RUN_20260913_171419,409,3912741,SESSION_004,0,0,8190,4,32.6,63.94,1004.41,38.3,1,HIGH
2026-09-13T18:16:11.129+08:00,RUN_20260913_171419,410,3913744,SESSION_004,0,0,8190,4,32.6,63.94,1004.41,38.3,1,HIGH
2026-09-13T18:16:12.132+08:00,RUN_20260913_171419,411,3914747,SESSION_004,0,1,8190,4,32.6,64.02,1004.4,38.3,1,HIGH
2026-09-13T18:16:13.135+08:00,RUN_20260913_171419,412,3915750,SESSION_004,0,1,8190,4,32.6,63.95,1004.4,38.3,1,HIGH
2026-09-13T18:16:14.138+08:00,RUN_20260913_171419,413,3916753,SESSION_004,0,0,8190,4,32.6,63.95,1004.4,39.2,1,HIGH
2026-09-13T18:16:15.141+08:00,RUN_20260913_171419,414,3917756,SESSION_004,0,0,8190,4,32.6,64.06,1004.4,39.2,1,HIGH
2026-09-13T18:16:16.144+08:00,RUN_20260913_171419,415,3918759,SESSION_004,1,0,8190,4,32.6,63.98,1004.4,39.2,1,HIGH
2026-09-13T18:16:17.147+08:00,RUN_20260913_171419,416,3919762,SESSION_004,0,1,8190,4,32.59,64.08,1004.4,38.3,1,HIGH
2026-09-13T18:16:18.150+08:00,RUN_20260913_171419,417,3920765,SESSION_004,0,0,8190,4,32.59,64.07,1004.4,38.3,1,HIGH
2026-09-13T18:16:19.153+08:00,RUN_20260913_171419,418,3921768,SESSION_004,0,0,8190,4,32.59,64.08,1004.4,38.3,1,HIGH
2026-09-13T18:16:20.156+08:00,RUN_20260913_171419,419,3922771,SESSION_004,1,0,8190,4,32.59,64.08,1004.4,38.3,1,HIGH
2026-09-13T18:16:21.159+08:00,RUN_20260913_171419,420,3923774,SESSION_004,1,1,8190,4,32.59,64.08,1004.4,38.3,1,HIGH
2026-09-13T18:16:22.162+08:00,RUN_20260913_171419,421,3924777,SESSION_004,1,1,8190,4,32.59,64.11,1004.4,38.3,1,HIGH
2026-09-13T18:16:23.165+08:00,RUN_20260913_171419,422,3925780,SESSION_004,0,0,8190,4,32.59,64.07,1004.4,38.3,1,HIGH
2026-09-13T18:16:24.168+08:00,RUN_20260913_171419,423,3926783,SESSION_004,0,0,8190,4,32.59,64,1004.4,38.3,1,HIGH
2026-09-13T18:16:25.171+08:00,RUN_20260913_171419,424,3927786,SESSION_004,0,0,8190,4,32.59,64.1,1004.4,38.3,1,HIGH
2026-09-13T18:16:26.174+08:00,RUN_20260913_171419,425,3928789,SESSION_004,0,1,8190,4,32.59,64.07,1004.4,38.3,1,HIGH
2026-09-13T18:16:27.177+08:00,RUN_20260913_171419,426,3929792,SESSION_004,0,0,8190,4,32.59,64.01,1004.4,38.3,1,HIGH
2026-09-13T18:16:28.180+08:00,RUN_20260913_171419,427,3930795,SESSION_004,1,0,8190,4,32.59,63.99,1004.4,38.3,1,HIGH
2026-09-13T18:16:29.183+08:00,RUN_20260913_171419,428,3931798,SESSION_004,0,0,8190,4,32.59,64.11,1004.4,38.3,1,HIGH
2026-09-13T18:16:30.186+08:00,RUN_20260913_171419,429,3932801,SESSION_004,0,0,8190,4,32.59,64.11,1004.4,38.3,1,HIGH
2026-09-13T18:16:31.189+08:00,RUN_20260913_171419,430,3933804,SESSION_004,0,1,8190,4,32.59,64.11,1004.4,36.7,1,HIGH
2026-09-13T18:16:32.192+08:00,RUN_20260913_171419,431,3934807,SESSION_004,1,1,8190,4,32.59,64.1,1004.4,36.7,1,HIGH
2026-09-13T18:16:33.195+08:00,RUN_20260913_171419,432,3935810,SESSION_004,0,1,8190,4,32.59,64.04,1004.4,36.7,1,HIGH
2026-09-13T18:16:34.198+08:00,RUN_20260913_171419,433,3936813,SESSION_004,1,1,8190,4,32.59,64.11,1004.4,38.3,1,HIGH
2026-09-13T18:16:35.201+08:00,RUN_20260913_171419,434,3937816,SESSION_004,1,0,8190,4,32.59,64.01,1004.4,39.2,1,HIGH
2026-09-13T18:16:36.204+08:00,RUN_20260913_171419,435,3938819,SESSION_004,1,1,8190,4,32.59,64.04,1004.4,39.2,1,HIGH
2026-09-13T18:16:37.207+08:00,RUN_20260913_171419,436,3939822,SESSION_004,1,0,8190,4,32.59,64.08,1004.4,39.2,1,HIGH
2026-09-13T18:16:38.210+08:00,RUN_20260913_171419,437,3940825,SESSION_004,1,0,8190,4,32.59,64.01,1004.4,39.2,1,HIGH
2026-09-13T18:16:39.213+08:00,RUN_20260913_171419,438,3941828,SESSION_004,0,1,8190,4,32.59,64.11,1004.4,39.2,1,HIGH
2026-09-13T18:16:40.216+08:00,RUN_20260913_171419,439,3942831,SESSION_004,0,1,8190,4,32.59,64.11,1004.4,39.2,1,HIGH
2026-09-13T18:16:41.219+08:00,RUN_20260913_171419,440,3943834,SESSION_004,0,0,8190,4,32.59,64.1,1004.4,39.2,1,HIGH
2026-09-13T18:16:42.222+08:00,RUN_20260913_171419,441,3944837,SESSION_004,0,0,8190,4,32.59,64.1,1004.4,39.2,1,HIGH
2026-09-13T18:16:43.225+08:00,RUN_20260913_171419,442,3945840,SESSION_004,0,0,8190,4,32.59,64.1,1004.4,39.2,1,HIGH
2026-09-13T18:16:44.410+08:00,RUN_20260913_171419,443,3947025,SESSION_004,0,1,8190,4,32.59,64.05,1004.4,39.2,1,HIGH
2026-09-13T18:16:45.415+08:00,RUN_20260913_171419,444,3948030,SESSION_004,0,0,521,0,32.59,64.1,1004.39,39.2,1,HIGH
2026-09-13T18:16:46.420+08:00,RUN_20260913_171419,445,3949035,SESSION_004,1,0,8190,4,32.59,64.02,1004.39,39.2,1,HIGH
2026-09-13T18:16:47.425+08:00,RUN_20260913_171419,446,3950040,SESSION_004,1,0,265,0,32.59,64.02,1004.39,39.2,1,HIGH
2026-09-13T18:16:48.248+08:00,RUN_20260913_171419,447,3950863,SESSION_004,0,0,8190,4,32.59,64.12,1004.39,39.2,1,HIGH
2026-09-13T18:16:49.251+08:00,RUN_20260913_171419,448,3951866,SESSION_004,0,1,8190,4,32.59,64.05,1004.39,39.2,1,HIGH
2026-09-13T18:16:50.254+08:00,RUN_20260913_171419,449,3952869,SESSION_004,1,1,8190,4,32.59,64.08,1004.39,39.2,1,HIGH
2026-09-13T18:16:51.439+08:00,RUN_20260913_171419,450,3954054,SESSION_004,0,1,8190,4,32.59,64.05,1004.39,39.2,1,HIGH
2026-09-13T18:16:52.444+08:00,RUN_20260913_171419,451,3955059,SESSION_004,0,0,8190,4,32.59,64.1,1004.39,39.2,1,HIGH
2026-09-13T18:16:53.267+08:00,RUN_20260913_171419,452,3955882,SESSION_004,0,0,8190,4,32.59,64.05,1004.39,39.2,1,HIGH
2026-09-13T18:16:54.270+08:00,RUN_20260913_171419,453,3956885,SESSION_004,1,0,8190,4,32.59,64.02,1004.39,39.2,1,HIGH
2026-09-13T18:16:55.455+08:00,RUN_20260913_171419,454,3958070,SESSION_004,0,0,8190,4,32.59,64.14,1004.39,39.2,1,HIGH
2026-09-13T18:16:56.278+08:00,RUN_20260913_171419,455,3958893,SESSION_004,0,0,8190,4,32.59,64.07,1004.39,39.2,1,HIGH
2026-09-13T18:16:57.281+08:00,RUN_20260913_171419,456,3959896,SESSION_004,0,0,8190,4,32.59,64.13,1004.39,39.2,1,HIGH
2026-09-13T18:16:58.284+08:00,RUN_20260913_171419,457,3960899,SESSION_004,1,0,8190,4,32.59,64.02,1004.39,39.2,1,HIGH
2026-09-13T18:16:59.287+08:00,RUN_20260913_171419,458,3961902,SESSION_004,0,0,8190,4,32.59,64.13,1004.39,39.2,1,HIGH
2026-09-13T18:17:00.290+08:00,RUN_20260913_171419,459,3962905,SESSION_004,0,0,8190,4,32.59,64.13,1004.39,39.2,1,HIGH
2026-09-13T18:17:01.293+08:00,RUN_20260913_171419,460,3963908,SESSION_004,1,0,8190,4,32.59,64.16,1004.39,39.2,1,HIGH
2026-09-13T18:17:02.296+08:00,RUN_20260913_171419,461,3964911,SESSION_004,1,0,8190,4,32.59,64.16,1004.39,39.2,1,HIGH
2026-09-13T18:17:03.299+08:00,RUN_20260913_171419,462,3965914,SESSION_004,0,0,8190,4,32.59,64.16,1004.39,39.2,1,HIGH
2026-09-13T18:17:04.302+08:00,RUN_20260913_171419,463,3966917,SESSION_004,0,0,8190,4,32.59,64.08,1004.39,39.2,1,HIGH
2026-09-13T18:17:05.305+08:00,RUN_20260913_171419,464,3967920,SESSION_004,0,0,8190,4,32.59,64.07,1004.39,39.2,1,HIGH
2026-09-13T18:17:06.308+08:00,RUN_20260913_171419,465,3968923,SESSION_004,1,0,8190,4,32.58,64.05,1004.39,39.2,1,HIGH
2026-09-13T18:17:07.493+08:00,RUN_20260913_171419,466,3970108,SESSION_004,0,0,519,0,32.58,64.08,1004.39,39.2,1,HIGH
2026-09-13T18:17:08.498+08:00,RUN_20260913_171419,467,3971113,SESSION_004,0,0,8190,4,32.58,64.07,1004.39,39.2,1,HIGH
2026-09-13T18:17:09.321+08:00,RUN_20260913_171419,468,3971936,SESSION_004,1,0,8190,4,32.58,64.18,1004.39,39.2,1,HIGH
2026-09-13T18:17:10.506+08:00,RUN_20260913_171419,469,3973121,SESSION_004,0,0,8190,4,32.58,64.2,1004.39,39.2,1,HIGH
2026-09-13T18:17:11.329+08:00,RUN_20260913_171419,470,3973944,SESSION_004,0,0,8190,4,32.58,64.2,1004.39,39.2,1,HIGH
2026-09-13T18:17:12.332+08:00,RUN_20260913_171419,471,3974947,SESSION_004,1,1,8190,4,32.58,64.23,1004.39,39.2,1,HIGH
2026-09-13T18:17:13.335+08:00,RUN_20260913_171419,472,3975950,SESSION_004,1,0,8190,4,32.58,64.2,1004.39,39.2,1,HIGH
2026-09-13T18:17:14.520+08:00,RUN_20260913_171419,473,3977135,SESSION_004,1,0,8190,4,32.58,64.12,1004.39,39.2,1,HIGH
2026-09-13T18:17:15.525+08:00,RUN_20260913_171419,474,3978140,SESSION_004,1,1,8190,4,32.58,64.09,1004.39,39.2,1,HIGH
2026-09-13T18:17:16.530+08:00,RUN_20260913_171419,475,3979145,SESSION_004,1,0,490,0,32.58,64.13,1004.39,39.2,1,HIGH
2026-09-13T18:17:17.535+08:00,RUN_20260913_171419,476,3980150,SESSION_004,0,0,8191,2,32.58,64.11,1004.39,39.2,1,HIGH
2026-09-13T18:17:18.540+08:00,RUN_20260913_171419,477,3981155,SESSION_004,0,1,8190,4,32.58,64.25,1004.39,39.2,1,HIGH
2026-09-13T18:17:19.545+08:00,RUN_20260913_171419,478,3982160,SESSION_004,1,0,8190,4,32.58,64.23,1004.4,39.2,1,HIGH
2026-09-13T18:17:20.368+08:00,RUN_20260913_171419,479,3982983,SESSION_004,0,0,8190,4,32.58,64.32,1004.4,39.2,1,HIGH
2026-09-13T18:17:21.553+08:00,RUN_20260913_171419,480,3984168,SESSION_004,0,0,8190,4,32.58,64.2,1004.4,39.2,1,HIGH
2026-09-13T18:17:22.558+08:00,RUN_20260913_171419,481,3985173,SESSION_004,0,0,8190,4,32.58,64.3,1004.4,39.2,1,HIGH
2026-09-13T18:17:23.563+08:00,RUN_20260913_171419,482,3986178,SESSION_004,0,0,8190,4,32.58,64.19,1004.4,39.2,1,HIGH
2026-09-13T18:17:24.568+08:00,RUN_20260913_171419,483,3987183,SESSION_004,0,0,8190,4,32.58,64.27,1004.4,39.2,1,HIGH
2026-09-13T18:17:25.573+08:00,RUN_20260913_171419,484,3988188,SESSION_004,0,0,8190,4,32.58,64.29,1004.4,39.2,1,HIGH
2026-09-13T18:17:26.578+08:00,RUN_20260913_171419,485,3989193,SESSION_004,0,0,8190,4,32.58,64.21,1004.4,39.2,1,HIGH
2026-09-13T18:17:27.583+08:00,RUN_20260913_171419,486,3990198,SESSION_004,0,0,8190,4,32.58,64.16,1004.4,39.2,1,HIGH
2026-09-13T18:17:28.406+08:00,RUN_20260913_171419,487,3991021,SESSION_004,0,0,8190,4,32.58,64.16,1004.4,39.2,1,HIGH
2026-09-13T18:17:29.591+08:00,RUN_20260913_171419,488,3992206,SESSION_004,0,0,8190,4,32.58,64.17,1004.4,39.2,1,HIGH
2026-09-13T18:17:30.596+08:00,RUN_20260913_171419,489,3993211,SESSION_004,0,0,8190,4,32.58,64.26,1004.4,39.2,1,HIGH
2026-09-13T18:17:31.419+08:00,RUN_20260913_171419,490,3994034,SESSION_004,0,0,8190,4,32.59,64.23,1004.4,39.2,1,HIGH
2026-09-13T18:17:32.604+08:00,RUN_20260913_171419,491,3995219,SESSION_004,0,0,8191,2,32.59,64.17,1004.41,39.2,1,HIGH
2026-09-13T18:17:33.427+08:00,RUN_20260913_171419,492,3996042,SESSION_004,1,0,8190,4,32.58,64.24,1004.4,39.2,1,HIGH
2026-09-13T18:17:34.430+08:00,RUN_20260913_171419,493,3997045,SESSION_004,1,0,8190,4,32.59,64.2,1004.41,39.2,1,HIGH
2026-09-13T18:17:35.433+08:00,RUN_20260913_171419,494,3998048,SESSION_004,1,0,8190,4,32.59,64.14,1004.41,39.2,1,HIGH
2026-09-13T18:17:36.436+08:00,RUN_20260913_171419,495,3999051,SESSION_004,1,0,8190,4,32.59,64.19,1004.41,39.2,1,HIGH
2026-09-13T18:17:37.439+08:00,RUN_20260913_171419,496,4000054,SESSION_004,1,0,8190,4,32.59,64.14,1004.41,39.2,1,HIGH
2026-09-13T18:17:38.442+08:00,RUN_20260913_171419,497,4001057,SESSION_004,0,0,8190,4,32.59,64.22,1004.41,39.2,1,HIGH
2026-09-13T18:17:39.445+08:00,RUN_20260913_171419,498,4002060,SESSION_004,0,0,8190,4,32.59,64.17,1004.41,39.2,1,HIGH
2026-09-13T18:17:40.448+08:00,RUN_20260913_171419,499,4003063,SESSION_004,0,0,8190,4,32.59,64.17,1004.41,39.2,1,HIGH
2026-09-13T18:17:41.451+08:00,RUN_20260913_171419,500,4004066,SESSION_004,1,0,8190,4,32.59,64.19,1004.41,39.2,1,HIGH
2026-09-13T18:17:42.454+08:00,RUN_20260913_171419,501,4005069,SESSION_004,0,0,8190,4,32.58,64.18,1004.4,39.2,1,HIGH
2026-09-13T18:17:43.457+08:00,RUN_20260913_171419,502,4006072,SESSION_004,0,0,8190,4,32.58,64.19,1004.41,39.2,1,HIGH
2026-09-13T18:17:44.460+08:00,RUN_20260913_171419,503,4007075,SESSION_004,0,0,8190,4,32.58,64.23,1004.41,39.2,1,HIGH
2026-09-13T18:17:45.463+08:00,RUN_20260913_171419,504,4008078,SESSION_004,1,0,8190,4,32.58,64.17,1004.41,39.2,1,HIGH
2026-09-13T18:17:46.466+08:00,RUN_20260913_171419,505,4009081,SESSION_004,1,1,8190,4,32.59,64.23,1004.41,39.2,1,HIGH
2026-09-13T18:17:47.469+08:00,RUN_20260913_171419,506,4010084,SESSION_004,0,1,8190,4,32.58,64.23,1004.41,39.2,1,HIGH
2026-09-13T18:17:48.472+08:00,RUN_20260913_171419,507,4011087,SESSION_004,0,1,8190,4,32.59,64.3,1004.41,39.2,1,HIGH
2026-09-13T18:17:49.475+08:00,RUN_20260913_171419,508,4012090,SESSION_004,1,0,8190,4,32.59,64.26,1004.41,39.2,1,HIGH
2026-09-13T18:17:50.478+08:00,RUN_20260913_171419,509,4013093,SESSION_004,0,0,8190,4,32.59,64.25,1004.41,39.2,1,HIGH
2026-09-13T18:17:51.481+08:00,RUN_20260913_171419,510,4014096,SESSION_004,0,1,8190,4,32.59,64.24,1004.41,39.2,1,HIGH
2026-09-13T18:17:52.484+08:00,RUN_20260913_171419,511,4015099,SESSION_004,0,0,8190,4,32.59,64.32,1004.41,39.2,1,HIGH
2026-09-13T18:17:53.487+08:00,RUN_20260913_171419,512,4016102,SESSION_004,0,0,8190,4,32.59,64.19,1004.41,39.2,1,HIGH
2026-09-13T18:17:54.490+08:00,RUN_20260913_171419,513,4017105,SESSION_004,0,0,8190,4,32.59,64.24,1004.41,39.2,1,HIGH
2026-09-13T18:17:55.493+08:00,RUN_20260913_171419,514,4018108,SESSION_004,0,0,8190,4,32.59,64.24,1004.41,39.2,1,HIGH
2026-09-13T18:17:56.496+08:00,RUN_20260913_171419,515,4019111,SESSION_004,0,0,8190,4,32.59,64.19,1004.42,39.2,1,HIGH
2026-09-13T18:17:57.499+08:00,RUN_20260913_171419,516,4020114,SESSION_004,0,0,8190,4,32.59,64.17,1004.42,39.2,1,HIGH
2026-09-13T18:17:58.502+08:00,RUN_20260913_171419,517,4021117,SESSION_004,0,0,8190,4,32.59,64.23,1004.42,39.2,1,HIGH
2026-09-13T18:17:59.505+08:00,RUN_20260913_171419,518,4022120,SESSION_004,0,0,8190,4,32.59,64.31,1004.42,39.2,1,HIGH
2026-09-13T18:18:00.508+08:00,RUN_20260913_171419,519,4023123,SESSION_004,0,0,8190,4,32.59,64.23,1004.42,39.2,1,HIGH
2026-09-13T18:18:01.511+08:00,RUN_20260913_171419,520,4024126,SESSION_004,0,0,8190,4,32.59,64.23,1004.42,39.2,1,HIGH
2026-09-13T18:18:02.514+08:00,RUN_20260913_171419,521,4025129,SESSION_004,0,0,8190,4,32.59,64.23,1004.42,39.2,1,HIGH
2026-09-13T18:18:03.517+08:00,RUN_20260913_171419,522,4026132,SESSION_004,0,0,8190,4,32.59,64.32,1004.42,39.2,1,HIGH
2026-09-13T18:18:04.520+08:00,RUN_20260913_171419,523,4027135,SESSION_004,0,0,8190,4,32.59,64.25,1004.41,39.2,1,HIGH
2026-09-13T18:18:05.523+08:00,RUN_20260913_171419,524,4028138,SESSION_004,0,0,8190,4,32.59,64.3,1004.41,39.2,1,HIGH
2026-09-13T18:18:06.526+08:00,RUN_20260913_171419,525,4029141,SESSION_004,1,0,8190,4,32.59,64.23,1004.41,39.2,1,HIGH
2026-09-13T18:18:07.529+08:00,RUN_20260913_171419,526,4030144,SESSION_004,0,0,8190,4,32.59,64.22,1004.41,39.2,1,HIGH
2026-09-13T18:18:08.532+08:00,RUN_20260913_171419,527,4031147,SESSION_004,0,0,8190,4,32.59,64.32,1004.41,39.2,1,HIGH
2026-09-13T18:18:09.535+08:00,RUN_20260913_171419,528,4032150,SESSION_004,0,0,8190,4,32.59,64.23,1004.41,39.2,1,HIGH
2026-09-13T18:18:10.538+08:00,RUN_20260913_171419,529,4033153,SESSION_004,1,0,8190,4,32.58,64.23,1004.41,39.2,1,HIGH
2026-09-13T18:18:11.541+08:00,RUN_20260913_171419,530,4034156,SESSION_004,0,0,8190,4,32.58,64.31,1004.41,39.2,1,HIGH
2026-09-13T18:18:12.544+08:00,RUN_20260913_171419,531,4035159,SESSION_004,0,0,8190,4,32.58,64.31,1004.41,39.2,1,HIGH
2026-09-13T18:18:13.547+08:00,RUN_20260913_171419,532,4036162,SESSION_004,0,0,8190,4,32.58,64.24,1004.41,39.2,1,HIGH
2026-09-13T18:18:14.550+08:00,RUN_20260913_171419,533,4037165,SESSION_004,1,0,8190,4,32.58,64.2,1004.41,39.2,1,HIGH
2026-09-13T18:18:15.553+08:00,RUN_20260913_171419,534,4038168,SESSION_004,1,0,8190,4,32.58,64.3,1004.41,39.2,1,HIGH
2026-09-13T18:18:16.556+08:00,RUN_20260913_171419,535,4039171,SESSION_004,0,0,8190,4,32.58,64.21,1004.41,39.2,1,HIGH
2026-09-13T18:18:17.559+08:00,RUN_20260913_171419,536,4040174,SESSION_004,0,0,8190,4,32.58,64.25,1004.41,39.2,1,HIGH
2026-09-13T18:18:18.562+08:00,RUN_20260913_171419,537,4041177,SESSION_004,0,0,8190,4,32.58,64.36,1004.42,39.2,1,HIGH
2026-09-13T18:18:19.565+08:00,RUN_20260913_171419,538,4042180,SESSION_004,0,0,8190,4,32.58,64.25,1004.42,39.2,1,HIGH
2026-09-13T18:18:20.568+08:00,RUN_20260913_171419,539,4043183,SESSION_004,1,0,8190,4,32.58,64.3,1004.42,39.2,1,HIGH
2026-09-13T18:18:21.571+08:00,RUN_20260913_171419,540,4044186,SESSION_004,1,0,8190,4,32.58,64.31,1004.42,39.2,1,HIGH
2026-09-13T18:18:22.574+08:00,RUN_20260913_171419,541,4045189,SESSION_004,0,0,8190,4,32.58,64.39,1004.41,39.2,1,HIGH
2026-09-13T18:18:23.577+08:00,RUN_20260913_171419,542,4046192,SESSION_004,0,0,8190,4,32.58,64.41,1004.41,39.2,1,HIGH
2026-09-13T18:18:24.580+08:00,RUN_20260913_171419,543,4047195,SESSION_004,1,0,8190,4,32.58,64.31,1004.41,39.2,1,HIGH
2026-09-13T18:18:25.583+08:00,RUN_20260913_171419,544,4048198,SESSION_004,1,0,8190,4,32.58,64.31,1004.41,39.2,1,HIGH
2026-09-13T18:18:26.586+08:00,RUN_20260913_171419,545,4049201,SESSION_004,0,0,8190,4,32.58,64.27,1004.41,39.2,1,HIGH
2026-09-13T18:18:27.589+08:00,RUN_20260913_171419,546,4050204,SESSION_004,0,0,8190,4,32.58,64.35,1004.41,39.2,1,HIGH
2026-09-13T18:18:28.592+08:00,RUN_20260913_171419,547,4051207,SESSION_004,0,0,8190,4,32.58,64.38,1004.41,39.2,1,HIGH
2026-09-13T18:18:29.595+08:00,RUN_20260913_171419,548,4052210,SESSION_004,0,0,8190,4,32.58,64.35,1004.41,39.2,1,HIGH
2026-09-13T18:18:30.598+08:00,RUN_20260913_171419,549,4053213,SESSION_004,0,0,8190,4,32.58,64.33,1004.41,39.2,1,HIGH
2026-09-13T18:18:31.601+08:00,RUN_20260913_171419,550,4054216,SESSION_004,0,0,8190,4,32.58,64.29,1004.41,39.2,1,HIGH
2026-09-13T18:18:32.604+08:00,RUN_20260913_171419,551,4055219,SESSION_004,0,0,8190,4,32.58,64.37,1004.41,39.2,1,HIGH
2026-09-13T18:18:33.607+08:00,RUN_20260913_171419,552,4056222,SESSION_004,0,0,8190,4,32.58,64.26,1004.41,39.2,1,HIGH
2026-09-13T18:18:34.610+08:00,RUN_20260913_171419,553,4057225,SESSION_004,0,0,8190,4,32.58,64.31,1004.41,39.2,1,HIGH
2026-09-13T18:18:35.613+08:00,RUN_20260913_171419,554,4058228,SESSION_004,1,0,8190,4,32.58,64.3,1004.41,39.2,1,HIGH
2026-09-13T18:18:36.616+08:00,RUN_20260913_171419,555,4059231,SESSION_004,0,0,8190,4,32.58,64.37,1004.41,39.2,1,HIGH
2026-09-13T18:18:37.619+08:00,RUN_20260913_171419,556,4060234,SESSION_004,0,0,8190,4,32.58,64.27,1004.41,39.2,1,HIGH
2026-09-13T18:18:38.622+08:00,RUN_20260913_171419,557,4061237,SESSION_004,1,0,8190,4,32.58,64.29,1004.41,39.2,1,HIGH
2026-09-13T18:18:39.807+08:00,RUN_20260913_171419,558,4062422,SESSION_004,0,0,8190,4,32.58,64.3,1004.41,39.2,1,HIGH
2026-09-13T18:18:40.630+08:00,RUN_20260913_171419,559,4063245,SESSION_004,0,0,8190,4,32.58,64.37,1004.41,39.2,1,HIGH
2026-09-13T18:18:41.633+08:00,RUN_20260913_171419,560,4064248,SESSION_004,0,0,8190,4,32.58,64.33,1004.41,39.2,1,HIGH
2026-09-13T18:18:42.636+08:00,RUN_20260913_171419,561,4065251,SESSION_004,1,0,8190,4,32.58,64.29,1004.41,39.2,1,HIGH
2026-09-13T18:18:43.639+08:00,RUN_20260913_171419,562,4066254,SESSION_004,0,0,8190,4,32.58,64.32,1004.41,39.2,1,HIGH
2026-09-13T18:18:44.642+08:00,RUN_20260913_171419,563,4067257,SESSION_004,0,0,8190,4,32.58,64.21,1004.41,39.2,1,HIGH
2026-09-13T18:18:45.645+08:00,RUN_20260913_171419,564,4068260,SESSION_004,0,0,8190,4,32.58,64.24,1004.41,39.2,1,HIGH
2026-09-13T18:18:46.648+08:00,RUN_20260913_171419,565,4069263,SESSION_004,0,0,8190,4,32.58,64.29,1004.41,39.2,1,HIGH
2026-09-13T18:18:47.651+08:00,RUN_20260913_171419,566,4070266,SESSION_004,1,0,8190,4,32.58,64.24,1004.41,39.2,1,HIGH
2026-09-13T18:18:48.654+08:00,RUN_20260913_171419,567,4071269,SESSION_004,0,0,8190,4,32.58,64.21,1004.41,39.2,1,HIGH
2026-09-13T18:18:49.657+08:00,RUN_20260913_171419,568,4072272,SESSION_004,0,0,8190,4,32.58,64.21,1004.41,39.2,1,HIGH
2026-09-13T18:18:50.842+08:00,RUN_20260913_171419,569,4073457,SESSION_004,0,0,8190,4,32.58,64.21,1004.41,39.2,1,HIGH
2026-09-13T18:18:51.665+08:00,RUN_20260913_171419,570,4074280,SESSION_004,0,0,8190,4,32.58,64.25,1004.41,39.2,1,HIGH
2026-09-13T18:18:52.668+08:00,RUN_20260913_171419,571,4075283,SESSION_004,1,0,8190,4,32.58,64.35,1004.41,39.2,1,HIGH
2026-09-13T18:18:53.671+08:00,RUN_20260913_171419,572,4076286,SESSION_004,1,0,8190,4,32.58,64.26,1004.41,39.2,1,HIGH
2026-09-13T18:18:54.674+08:00,RUN_20260913_171419,573,4077289,SESSION_004,1,0,8190,4,32.58,64.26,1004.41,39.2,1,HIGH
2026-09-13T18:18:55.677+08:00,RUN_20260913_171419,574,4078292,SESSION_004,1,0,8190,4,32.58,64.36,1004.41,39.2,1,HIGH
2026-09-13T18:18:56.680+08:00,RUN_20260913_171419,575,4079295,SESSION_004,0,0,8190,4,32.58,64.36,1004.41,39.2,1,HIGH
2026-09-13T18:18:57.683+08:00,RUN_20260913_171419,576,4080298,SESSION_004,0,0,8190,4,32.58,64.25,1004.41,39.2,1,HIGH
2026-09-13T18:18:58.686+08:00,RUN_20260913_171419,577,4081301,SESSION_004,1,0,8190,4,32.58,64.26,1004.41,39.2,1,HIGH
2026-09-13T18:18:59.689+08:00,RUN_20260913_171419,578,4082304,SESSION_004,0,0,8190,4,32.58,64.31,1004.41,39.2,1,HIGH
2026-09-13T18:19:00.692+08:00,RUN_20260913_171419,579,4083307,SESSION_004,0,0,8190,4,32.58,64.31,1004.41,39.2,1,HIGH
2026-09-13T18:19:01.695+08:00,RUN_20260913_171419,580,4084310,SESSION_004,0,0,8190,4,32.58,64.32,1004.41,39.2,1,HIGH
2026-09-13T18:19:02.698+08:00,RUN_20260913_171419,581,4085313,SESSION_004,0,0,8190,4,32.58,64.41,1004.41,39.2,1,HIGH
2026-09-13T18:19:03.701+08:00,RUN_20260913_171419,582,4086316,SESSION_004,0,0,8190,4,32.58,64.47,1004.41,39.2,1,HIGH
2026-09-13T18:19:04.886+08:00,RUN_20260913_171419,583,4087501,SESSION_004,1,1,358,0,32.58,64.47,1004.41,39.2,1,HIGH
2026-09-13T18:19:05.891+08:00,RUN_20260913_171419,584,4088506,SESSION_004,1,1,420,0,32.58,64.39,1004.41,39.2,1,HIGH
2026-09-13T18:19:06.896+08:00,RUN_20260913_171419,585,4089511,SESSION_004,0,1,401,0,32.58,64.41,1004.42,39.2,1,HIGH
2026-09-13T18:19:07.901+08:00,RUN_20260913_171419,586,4090516,SESSION_004,0,1,375,0,32.58,64.51,1004.42,39.2,1,HIGH
2026-09-13T18:19:08.724+08:00,RUN_20260913_171419,587,4091339,SESSION_004,1,0,8190,4,32.58,64.49,1004.42,39.2,1,HIGH
2026-09-13T18:19:09.727+08:00,RUN_20260913_171419,588,4092342,SESSION_004,0,0,8190,4,32.58,64.65,1004.42,39.2,1,HIGH
2026-09-13T18:19:10.730+08:00,RUN_20260913_171419,589,4093345,SESSION_004,0,1,8190,4,32.58,64.68,1004.42,39.2,1,HIGH
2026-09-13T18:19:11.733+08:00,RUN_20260913_171419,590,4094348,SESSION_004,0,0,8190,4,32.58,64.71,1004.42,39.2,1,HIGH
2026-09-13T18:19:12.736+08:00,RUN_20260913_171419,591,4095351,SESSION_004,1,0,8190,4,32.58,64.55,1004.42,39.2,1,HIGH
2026-09-13T18:19:13.739+08:00,RUN_20260913_171419,592,4096354,SESSION_004,0,0,8190,4,32.58,64.48,1004.42,39.2,1,HIGH
2026-09-13T18:19:14.742+08:00,RUN_20260913_171419,593,4097357,SESSION_004,0,0,8190,4,32.58,64.45,1004.42,39.2,1,HIGH
2026-09-13T18:19:15.745+08:00,RUN_20260913_171419,594,4098360,SESSION_004,0,0,8190,4,32.58,64.51,1004.42,39.2,1,HIGH
2026-09-13T18:19:16.748+08:00,RUN_20260913_171419,595,4099363,SESSION_004,0,0,8190,4,32.58,64.49,1004.42,39.2,1,HIGH
2026-09-13T18:19:17.751+08:00,RUN_20260913_171419,596,4100366,SESSION_004,0,0,8190,4,32.58,64.44,1004.43,39.2,1,HIGH
2026-09-13T18:19:18.754+08:00,RUN_20260913_171419,597,4101369,SESSION_004,0,1,8190,4,32.58,64.49,1004.43,37.5,1,HIGH
2026-09-13T18:19:19.757+08:00,RUN_20260913_171419,598,4102372,SESSION_004,0,1,8190,4,32.59,64.48,1004.43,38.3,1,HIGH
2026-09-13T18:19:20.942+08:00,RUN_20260913_171419,599,4103557,SESSION_004,0,0,8190,4,32.59,64.38,1004.43,39.2,1,HIGH
2026-09-13T18:19:21.947+08:00,RUN_20260913_171419,600,4104562,SESSION_004,1,0,8191,2,32.59,64.4,1004.43,39.2,1,HIGH
2026-09-13T18:19:22.952+08:00,RUN_20260913_171419,601,4105567,SESSION_004,0,1,8191,2,32.59,64.36,1004.43,38.3,1,HIGH
2026-09-13T18:19:23.957+08:00,RUN_20260913_171419,602,4106572,SESSION_004,0,1,358,0,32.59,64.37,1004.43,38.3,1,HIGH
2026-09-13T18:19:24.962+08:00,RUN_20260913_171419,603,4107577,SESSION_004,1,1,69,0,32.59,64.5,1004.43,38.3,1,HIGH
2026-09-13T18:19:25.967+08:00,RUN_20260913_171419,604,4108582,SESSION_004,1,0,58,0,32.59,64.58,1004.43,38.3,1,HIGH
