2026-09-13T18:45:12.907+08:00,RUN_20260913_171419,1,5655522,SESSION_005,0,0,52,0,28.12,61.59,1004.76,37.5,1,HIGH
2026-09-13T18:45:13.912+08:00,RUN_20260913_171419,2,5656527,SESSION_005,0,0,244,0,28.12,61.62,1004.76,39.2,1,HIGH
2026-09-13T18:45:14.735+08:00,RUN_20260913_171419,3,5657350,SESSION_005,1,0,8190,4,28.12,61.53,1004.76,38.3,1,HIGH
2026-09-13T18:45:15.738+08:00,RUN_20260913_171419,4,5658353,SESSION_005,0,0,8190,4,28.12,61.4,1004.76,38.3,1,HIGH
2026-09-13T18:45:16.741+08:00,RUN_20260913_171419,5,5659356,SESSION_005,0,0,8190,4,28.12,61.36,1004.76,39.2,1,HIGH
2026-09-13T18:45:17.744+08:00,RUN_20260913_171419,6,5660359,SESSION_005,1,0,8190,4,28.12,61.31,1004.76,39.2,1,HIGH
2026-09-13T18:45:18.747+08:00,RUN_20260913_171419,7,5661362,SESSION_005,1,0,8190,4,28.12,61.29,1004.76,38.3,1,HIGH
2026-09-13T18:45:19.750+08:00,RUN_20260913_171419,8,5662365,SESSION_005,0,0,8190,4,28.12,61.24,1004.76,38.3,1,HIGH
2026-09-13T18:45:20.753+08:00,RUN_20260913_171419,9,5663368,SESSION_005,0,0,8190,4,28.12,61.27,1004.76,39.2,1,HIGH
2026-09-13T18:45:21.756+08:00,RUN_20260913_171419,10,5664371,SESSION_005,1,0,8190,4,28.12,61.33,1004.76,39.2,1,HIGH
2026-09-13T18:45:22.759+08:00,RUN_20260913_171419,11,5665374,SESSION_005,0,0,8190,4,28.12,61.31,1004.77,39.2,1,HIGH
2026-09-13T18:45:23.762+08:00,RUN_20260913_171419,12,5666377,SESSION_005,0,0,8190,4,28.12,61.31,1004.77,39.2,1,HIGH
2026-09-13T18:45:24.765+08:00,RUN_20260913_171419,13,5667380,SESSION_005,0,0,8190,4,28.12,61.27,1004.77,39.2,1,HIGH
2026-09-13T18:45:25.768+08:00,RUN_20260913_171419,14,5668383,SESSION_005,1,0,8190,4,28.12,61.23,1004.77,39.2,1,HIGH
2026-09-13T18:45:26.771+08:00,RUN_20260913_171419,15,5669386,SESSION_005,1,0,8190,4,28.11,61.21,1004.77,39.2,1,HIGH
2026-09-13T18:45:27.774+08:00,RUN_20260913_171419,16,5670389,SESSION_005,0,0,8190,4,28.11,61.18,1004.77,39.2,1,HIGH
2026-09-13T18:45:28.777+08:00,RUN_20260913_171419,17,5671392,SESSION_005,0,0,8190,4,28.11,61.27,1004.77,39.2,1,HIGH
2026-09-13T18:45:29.780+08:00,RUN_20260913_171419,18,5672395,SESSION_005,0,0,8190,4,28.11,61.17,1004.77,39.2,1,HIGH
2026-09-13T18:45:30.783+08:00,RUN_20260913_171419,19,5673398,SESSION_005,1,0,8190,4,28.11,61.16,1004.78,39.2,1,HIGH
2026-09-13T18:45:31.786+08:00,RUN_20260913_171419,20,5674401,SESSION_005,0,0,8190,4,28.11,61.16,1004.77,39.2,1,HIGH
2026-09-13T18:45:32.789+08:00,RUN_20260913_171419,21,5675404,SESSION_005,0,0,8190,4,28.11,61.19,1004.78,39.2,1,HIGH
2026-09-13T18:45:33.792+08:00,RUN_20260913_171419,22,5676407,SESSION_005,0,0,8190,4,28.11,61.28,1004.77,39.2,1,HIGH
2026-09-13T18:45:34.795+08:00,RUN_20260913_171419,23,5677410,SESSION_005,0,0,8190,4,28.11,61.18,1004.77,39.2,1,HIGH
2026-09-13T18:45:35.798+08:00,RUN_20260913_171419,24,5678413,SESSION_005,0,0,8190,4,28.11,61.25,1004.77,39.2,1,HIGH
2026-09-13T18:45:36.801+08:00,RUN_20260913_171419,25,5679416,SESSION_005,1,0,8190,4,28.1,61.18,1004.77,39.2,1,HIGH
2026-09-13T18:45:37.804+08:00,RUN_20260913_171419,26,5680419,SESSION_005,1,0,8190,4,28.1,61.23,1004.77,39.2,1,HIGH
2026-09-13T18:45:38.807+08:00,RUN_20260913_171419,27,5681422,SESSION_005,0,0,8190,4,28.1,61.21,1004.77,39.2,1,HIGH
2026-09-13T18:45:39.810+08:00,RUN_20260913_171419,28,5682425,SESSION_005,0,0,8190,4,28.1,61.21,1004.78,39.2,1,HIGH
2026-09-13T18:45:40.813+08:00,RUN_20260913_171419,29,5683428,SESSION_005,1,0,8190,4,28.1,61.25,1004.77,39.2,1,HIGH
2026-09-13T18:45:41.816+08:00,RUN_20260913_171419,30,5684431,SESSION_005,0,0,8190,4,28.1,61.13,1004.78,39.2,1,HIGH
2026-09-13T18:45:42.819+08:00,RUN_20260913_171419,31,5685434,SESSION_005,0,0,8190,4,28.1,61.12,1004.78,39.2,1,HIGH
2026-09-13T18:45:43.822+08:00,RUN_20260913_171419,32,5686437,SESSION_005,0,0,8190,4,28.1,61.24,1004.78,39.2,1,HIGH
2026-09-13T18:45:44.825+08:00,RUN_20260913_171419,33,5687440,SESSION_005,1,0,8190,4,28.09,61.24,1004.78,39.2,1,HIGH
2026-09-13T18:45:45.828+08:00,RUN_20260913_171419,34,5688443,SESSION_005,1,0,8190,4,28.09,61.28,1004.78,39.2,1,HIGH
2026-09-13T18:45:46.831+08:00,RUN_20260913_171419,35,5689446,SESSION_005,0,0,8190,4,28.09,61.33,1004.78,39.2,1,HIGH
2026-09-13T18:45:47.834+08:00,RUN_20260913_171419,36,5690449,SESSION_005,0,0,8190,4,28.09,61.32,1004.78,39.2,1,HIGH
2026-09-13T18:45:48.837+08:00,RUN_20260913_171419,37,5691452,SESSION_005,1,0,8190,4,28.09,61.31,1004.78,39.2,1,HIGH
2026-09-13T18:45:49.840+08:00,RUN_20260913_171419,38,5692455,SESSION_005,1,0,8190,4,28.09,61.26,1004.78,39.2,1,HIGH
2026-09-13T18:45:51.025+08:00,RUN_20260913_171419,39,5693640,SESSION_005,0,0,8190,4,28.09,61.18,1004.77,39.2,1,HIGH
2026-09-13T18:45:51.848+08:00,RUN_20260913_171419,40,5694463,SESSION_005,0,0,8190,4,28.09,61.13,1004.77,39.2,1,HIGH
2026-09-13T18:45:53.033+08:00,RUN_20260913_171419,41,5695648,SESSION_005,1,0,1003,0,28.09,61.23,1004.77,39.2,1,HIGH
2026-09-13T18:45:54.038+08:00,RUN_20260913_171419,42,5696653,SESSION_005,0,0,1067,0,28.08,61.27,1004.77,39.2,1,HIGH
2026-09-13T18:45:55.043+08:00,RUN_20260913_171419,43,5697658,SESSION_005,0,0,701,0,28.08,61.26,1004.77,39.2,1,HIGH
2026-09-13T18:45:55.866+08:00,RUN_20260913_171419,44,5698481,SESSION_005,0,0,8190,4,28.08,61.33,1004.77,39.2,1,HIGH
2026-09-13T18:45:56.869+08:00,RUN_20260913_171419,45,5699484,SESSION_005,1,1,8190,4,28.08,61.25,1004.77,39.2,1,HIGH
2026-09-13T18:45:57.872+08:00,RUN_20260913_171419,46,5700487,SESSION_005,0,1,8190,4,28.08,61.26,1004.78,39.2,1,HIGH
2026-09-13T18:45:58.875+08:00,RUN_20260913_171419,47,5701490,SESSION_005,1,1,8190,4,28.08,61.34,1004.78,39.2,1,HIGH
2026-09-13T18:45:59.878+08:00,RUN_20260913_171419,48,5702493,SESSION_005,0,1,8190,4,28.08,61.28,1004.78,39.2,1,HIGH
2026-09-13T18:46:00.881+08:00,RUN_20260913_171419,49,5703496,SESSION_005,0,1,8190,4,28.08,61.27,1004.78,39.2,1,HIGH
2026-09-13T18:46:01.884+08:00,RUN_20260913_171419,50,5704499,SESSION_005,1,0,8190,4,28.08,61.28,1004.78,39.2,1,HIGH
2026-09-13T18:46:02.887+08:00,RUN_20260913_171419,51,5705502,SESSION_005,1,0,8190,4,28.07,61.36,1004.78,39.2,1,HIGH
2026-09-13T18:46:03.890+08:00,RUN_20260913_171419,52,5706505,SESSION_005,1,0,8190,4,28.07,61.28,1004.78,39.2,1,HIGH
2026-09-13T18:46:04.893+08:00,RUN_20260913_171419,53,5707508,SESSION_005,0,1,8190,4,28.07,61.35,1004.78,39.2,1,HIGH
2026-09-13T18:46:05.896+08:00,RUN_20260913_171419,54,5708511,SESSION_005,0,0,8190,4,28.07,61.27,1004.78,39.2,1,HIGH
2026-09-13T18:46:06.899+08:00,RUN_20260913_171419,55,5709514,SESSION_005,0,0,8190,4,28.07,61.26,1004.78,39.2,1,HIGH
2026-09-13T18:46:07.902+08:00,RUN_20260913_171419,56,5710517,SESSION_005,0,1,8190,4,28.06,61.26,1004.78,39.2,1,HIGH
2026-09-13T18:46:08.905+08:00,RUN_20260913_171419,57,5711520,SESSION_005,1,1,8190,4,28.06,61.22,1004.78,38.3,1,HIGH
2026-09-13T18:46:09.908+08:00,RUN_20260913_171419,58,5712523,SESSION_005,0,1,8190,4,28.06,61.26,1004.78,39.2,1,HIGH
2026-09-13T18:46:10.911+08:00,RUN_20260913_171419,59,5713526,SESSION_005,0,0,8190,4,28.06,61.31,1004.78,39.2,1,HIGH
2026-09-13T18:46:11.914+08:00,RUN_20260913_171419,60,5714529,SESSION_005,1,0,8190,4,28.06,61.22,1004.78,39.2,1,HIGH
2026-09-13T18:46:12.917+08:00,RUN_20260913_171419,61,5715532,SESSION_005,1,1,8190,4,28.06,61.16,1004.78,39.2,1,HIGH
2026-09-13T18:46:13.920+08:00,RUN_20260913_171419,62,5716535,SESSION_005,1,1,8190,4,28.06,61.19,1004.78,38.3,1,HIGH
2026-09-13T18:46:14.923+08:00,RUN_20260913_171419,63,5717538,SESSION_005,0,0,8190,4,28.06,61.16,1004.78,38.3,1,HIGH
2026-09-13T18:46:15.926+08:00,RUN_20260913_171419,64,5718541,SESSION_005,0,0,8190,4,28.05,61.18,1004.78,38.3,1,HIGH
2026-09-13T18:46:16.929+08:00,RUN_20260913_171419,65,5719544,SESSION_005,1,0,8190,4,28.05,61.19,1004.78,38.3,1,HIGH
2026-09-13T18:46:17.932+08:00,RUN_20260913_171419,66,5720547,SESSION_005,0,1,8190,4,28.05,61.26,1004.78,38.3,1,HIGH
2026-09-13T18:46:18.935+08:00,RUN_20260913_171419,67,5721550,SESSION_005,0,1,8190,4,28.05,61.2,1004.78,38.3,1,HIGH
2026-09-13T18:46:19.938+08:00,RUN_20260913_171419,68,5722553,SESSION_005,1,0,8190,4,28.05,61.2,1004.78,38.3,1,HIGH
2026-09-13T18:46:20.941+08:00,RUN_20260913_171419,69,5723556,SESSION_005,0,0,8190,4,28.04,61.27,1004.77,39.2,1,HIGH
2026-09-13T18:46:21.944+08:00,RUN_20260913_171419,70,5724559,SESSION_005,0,1,8190,4,28.04,61.15,1004.78,39.2,1,HIGH
2026-09-13T18:46:22.947+08:00,RUN_20260913_171419,71,5725562,SESSION_005,0,0,8190,4,28.04,61.23,1004.77,39.2,1,HIGH
2026-09-13T18:46:24.132+08:00,RUN_20260913_171419,72,5726747,SESSION_005,1,0,753,0,28.04,61.15,1004.77,38.3,1,HIGH
2026-09-13T18:46:25.137+08:00,RUN_20260913_171419,73,5727752,SESSION_005,0,0,8191,2,28.04,61.16,1004.77,39.2,1,HIGH
2026-09-13T18:46:26.142+08:00,RUN_20260913_171419,74,5728757,SESSION_005,0,1,463,0,28.04,61.05,1004.77,39.2,1,HIGH
2026-09-13T18:46:27.147+08:00,RUN_20260913_171419,75,5729762,SESSION_005,0,1,372,0,28.04,61.01,1004.77,39.2,1,HIGH
2026-09-13T18:46:28.152+08:00,RUN_20260913_171419,76,5730767,SESSION_005,0,0,492,0,28.04,61.01,1004.77,39.2,1,HIGH
2026-09-13T18:46:29.157+08:00,RUN_20260913_171419,77,5731772,SESSION_005,0,0,374,0,28.04,61.07,1004.77,38.3,1,HIGH
2026-09-13T18:46:29.980+08:00,RUN_20260913_171419,78,5732595,SESSION_005,1,1,8190,4,28.04,61.09,1004.77,39.2,1,HIGH
2026-09-13T18:46:30.983+08:00,RUN_20260913_171419,79,5733598,SESSION_005,0,1,8190,4,28.04,61.11,1004.77,38.3,1,HIGH
2026-09-13T18:46:31.986+08:00,RUN_20260913_171419,80,5734601,SESSION_005,0,0,8190,4,28.04,61.08,1004.77,38.3,1,HIGH
2026-09-13T18:46:32.989+08:00,RUN_20260913_171419,81,5735604,SESSION_005,1,0,8190,4,28.04,60.92,1004.77,39.2,1,HIGH
2026-09-13T18:46:33.992+08:00,RUN_20260913_171419,82,5736607,SESSION_005,1,1,8190,4,28.04,61.04,1004.77,39.2,1,HIGH
2026-09-13T18:46:34.995+08:00,RUN_20260913_171419,83,5737610,SESSION_005,0,1,8190,4,28.04,60.98,1004.77,38.3,1,HIGH
2026-09-13T18:46:35.998+08:00,RUN_20260913_171419,84,5738613,SESSION_005,0,0,8190,4,28.04,61.04,1004.77,39.2,1,HIGH
2026-09-13T18:46:37.001+08:00,RUN_20260913_171419,85,5739616,SESSION_005,0,0,8190,4,28.03,61.14,1004.77,38.3,1,HIGH
2026-09-13T18:46:38.186+08:00,RUN_20260913_171419,86,5740801,SESSION_005,0,0,419,0,28.03,61.15,1004.77,39.2,1,HIGH
2026-09-13T18:46:39.191+08:00,RUN_20260913_171419,87,5741806,SESSION_005,0,1,8190,4,28.03,61.04,1004.77,39.2,1,HIGH
2026-09-13T18:46:40.196+08:00,RUN_20260913_171419,88,5742811,SESSION_005,1,0,8190,4,28.03,61.1,1004.77,39.2,1,HIGH
2026-09-13T18:46:41.201+08:00,RUN_20260913_171419,89,5743816,SESSION_005,0,0,8191,2,28.03,60.98,1004.77,39.2,1,HIGH
2026-09-13T18:46:42.206+08:00,RUN_20260913_171419,90,5744821,SESSION_005,0,0,545,0,28.03,60.98,1004.77,39.2,1,HIGH
2026-09-13T18:46:43.211+08:00,RUN_20260913_171419,91,5745826,SESSION_005,1,0,8191,2,28.03,60.98,1004.77,39.2,1,HIGH
2026-09-13T18:46:44.034+08:00,RUN_20260913_171419,92,5746649,SESSION_005,1,0,8190,4,28.03,60.99,1004.77,39.2,1,HIGH
2026-09-13T18:46:45.219+08:00,RUN_20260913_171419,93,5747834,SESSION_005,1,0,429,0,28.03,60.99,1004.77,39.2,1,HIGH
2026-09-13T18:46:46.042+08:00,RUN_20260913_171419,94,5748657,SESSION_005,0,1,8190,4,28.03,60.97,1004.77,39.2,1,HIGH
2026-09-13T18:46:47.227+08:00,RUN_20260913_171419,95,5749842,SESSION_005,0,1,8190,4,28.03,61.08,1004.77,39.2,1,HIGH
2026-09-13T18:46:48.232+08:00,RUN_20260913_171419,96,5750847,SESSION_005,1,0,358,0,28.03,60.96,1004.77,39.2,1,HIGH
2026-09-13T18:46:49.237+08:00,RUN_20260913_171419,97,5751852,SESSION_005,0,0,383,0,28.03,60.93,1004.77,39.2,1,HIGH
2026-09-13T18:46:50.242+08:00,RUN_20260913_171419,98,5752857,SESSION_005,0,1,402,0,28.03,60.89,1004.77,39.2,1,HIGH
2026-09-13T18:46:51.247+08:00,RUN_20260913_171419,99,5753862,SESSION_005,0,1,399,0,28.03,60.86,1004.76,39.2,1,HIGH
2026-09-13T18:46:52.252+08:00,RUN_20260913_171419,100,5754867,SESSION_005,1,0,390,0,28.03,60.76,1004.76,39.2,1,HIGH
2026-09-13T18:46:53.257+08:00,RUN_20260913_171419,101,5755872,SESSION_005,0,0,399,0,28.04,60.8,1004.77,39.2,1,HIGH
2026-09-13T18:46:54.262+08:00,RUN_20260913_171419,102,5756877,SESSION_005,0,1,398,0,28.04,60.88,1004.76,39.2,1,HIGH
2026-09-13T18:46:55.267+08:00,RUN_20260913_171419,103,5757882,SESSION_005,0,1,396,0,28.04,60.96,1004.76,39.2,1,HIGH
2026-09-13T18:46:56.272+08:00,RUN_20260913_171419,104,5758887,SESSION_005,0,1,401,0,28.04,60.9,1004.77,39.2,1,HIGH
2026-09-13T18:46:57.277+08:00,RUN_20260913_171419,105,5759892,SESSION_005,0,1,396,0,28.04,60.91,1004.77,39.2,1,HIGH
2026-09-13T18:46:58.282+08:00,RUN_20260913_171419,106,5760897,SESSION_005,0,1,394,0,28.04,60.99,1004.77,39.2,1,HIGH
2026-09-13T18:46:59.287+08:00,RUN_20260913_171419,107,5761902,SESSION_005,0,1,398,0,28.04,60.9,1004.77,39.2,1,HIGH
2026-09-13T18:47:00.292+08:00,RUN_20260913_171419,108,5762907,SESSION_005,0,0,387,0,28.04,60.89,1004.77,39.2,1,HIGH
2026-09-13T18:47:01.297+08:00,RUN_20260913_171419,109,5763912,SESSION_005,0,0,418,0,28.04,60.87,1004.77,39.2,1,HIGH
2026-09-13T18:47:02.302+08:00,RUN_20260913_171419,110,5764917,SESSION_005,0,1,398,0,28.04,60.88,1004.77,39.2,1,HIGH
2026-09-13T18:47:03.307+08:00,RUN_20260913_171419,111,5765922,SESSION_005,0,1,401,0,28.04,60.85,1004.77,39.2,1,HIGH
2026-09-13T18:47:04.312+08:00,RUN_20260913_171419,112,5766927,SESSION_005,0,1,392,0,28.04,60.85,1004.77,39.2,1,HIGH
2026-09-13T18:47:05.317+08:00,RUN_20260913_171419,113,5767932,SESSION_005,1,1,407,0,28.04,60.79,1004.77,39.2,1,HIGH
2026-09-13T18:47:06.322+08:00,RUN_20260913_171419,114,5768937,SESSION_005,1,0,411,0,28.04,60.81,1004.77,39.2,1,HIGH
2026-09-13T18:47:07.327+08:00,RUN_20260913_171419,115,5769942,SESSION_005,0,0,417,0,28.04,60.92,1004.77,39.2,1,HIGH
2026-09-13T18:47:08.150+08:00,RUN_20260913_171419,116,5770765,SESSION_005,0,0,8190,4,28.04,60.92,1004.77,39.2,1,HIGH
2026-09-13T18:47:09.335+08:00,RUN_20260913_171419,117,5771950,SESSION_005,0,1,431,0,28.04,60.92,1004.77,39.2,1,HIGH
2026-09-13T18:47:10.340+08:00,RUN_20260913_171419,118,5772955,SESSION_005,1,0,8190,4,28.05,60.83,1004.78,39.2,1,HIGH
2026-09-13T18:47:11.345+08:00,RUN_20260913_171419,119,5773960,SESSION_005,1,0,8191,2,28.05,60.81,1004.78,39.2,1,HIGH
2026-09-13T18:47:12.350+08:00,RUN_20260913_171419,120,5774965,SESSION_005,0,0,8190,4,28.05,60.81,1004.78,39.2,1,HIGH
2026-09-13T18:47:13.355+08:00,RUN_20260913_171419,121,5775970,SESSION_005,0,0,8190,4,28.05,60.75,1004.77,39.2,1,HIGH
2026-09-13T18:47:14.178+08:00,RUN_20260913_171419,122,5776793,SESSION_005,1,0,8190,4,28.05,60.7,1004.78,39.2,1,HIGH
2026-09-13T18:47:15.181+08:00,RUN_20260913_171419,123,5777796,SESSION_005,0,0,8190,4,28.05,60.65,1004.78,39.2,1,HIGH
2026-09-13T18:47:16.184+08:00,RUN_20260913_171419,124,5778799,SESSION_005,0,0,8190,4,28.05,60.72,1004.78,39.2,1,HIGH
2026-09-13T18:47:17.187+08:00,RUN_20260913_171419,125,5779802,SESSION_005,1,0,8190,4,28.05,60.71,1004.78,39.2,1,HIGH
2026-09-13T18:47:18.190+08:00,RUN_20260913_171419,126,5780805,SESSION_005,0,0,8190,4,28.05,60.65,1004.78,39.2,1,HIGH
2026-09-13T18:47:19.193+08:00,RUN_20260913_171419,127,5781808,SESSION_005,0,0,8190,4,28.05,60.65,1004.78,39.2,1,HIGH
2026-09-13T18:47:20.196+08:00,RUN_20260913_171419,128,5782811,SESSION_005,1,0,8190,4,28.05,60.62,1004.78,39.2,1,HIGH
2026-09-13T18:47:21.199+08:00,RUN_20260913_171419,129,5783814,SESSION_005,0,0,8190,4,28.05,60.64,1004.78,39.2,1,HIGH
2026-09-13T18:47:22.202+08:00,RUN_20260913_171419,130,5784817,SESSION_005,0,0,8190,4,28.05,60.75,1004.78,39.2,1,HIGH
2026-09-13T18:47:23.205+08:00,RUN_20260913_171419,131,5785820,SESSION_005,1,0,8190,4,28.06,60.72,1004.79,39.2,1,HIGH
2026-09-13T18:47:24.208+08:00,RUN_20260913_171419,132,5786823,SESSION_005,1,0,8190,4,28.06,60.75,1004.78,39.2,1,HIGH
2026-09-13T18:47:25.211+08:00,RUN_20260913_171419,133,5787826,SESSION_005,1,0,8190,4,28.06,60.84,1004.78,39.2,1,HIGH
2026-09-13T18:47:26.214+08:00,RUN_20260913_171419,134,5788829,SESSION_005,0,0,8190,4,28.06,60.86,1004.79,39.2,1,HIGH
2026-09-13T18:47:27.399+08:00,RUN_20260913_171419,135,5790014,SESSION_005,0,0,520,0,28.06,60.88,1004.78,39.2,1,HIGH
2026-09-13T18:47:28.404+08:00,RUN_20260913_171419,136,5791019,SESSION_005,1,0,8191,2,28.06,60.83,1004.78,39.2,1,HIGH
2026-09-13T18:47:29.409+08:00,RUN_20260913_171419,137,5792024,SESSION_005,0,1,8190,4,28.06,60.77,1004.78,39.2,1,HIGH
2026-09-13T18:47:30.232+08:00,RUN_20260913_171419,138,5792847,SESSION_005,0,1,8190,4,28.06,60.8,1004.78,39.2,1,HIGH
2026-09-13T18:47:31.235+08:00,RUN_20260913_171419,139,5793850,SESSION_005,0,1,8190,4,28.06,60.82,1004.78,39.2,1,HIGH
2026-09-13T18:47:32.420+08:00,RUN_20260913_171419,140,5795035,SESSION_005,1,0,8190,4,28.06,60.8,1004.79,38.3,1,HIGH
2026-09-13T18:47:33.425+08:00,RUN_20260913_171419,141,5796040,SESSION_005,0,0,8191,2,28.06,60.92,1004.78,38.3,1,HIGH
2026-09-13T18:47:34.248+08:00,RUN_20260913_171419,142,5796863,SESSION_005,0,1,8190,4,28.07,61,1004.78,38.3,1,HIGH
2026-09-13T18:47:35.251+08:00,RUN_20260913_171419,143,5797866,SESSION_005,1,1,8190,4,28.07,61,1004.78,38.3,1,HIGH
2026-09-13T18:47:36.254+08:00,RUN_20260913_171419,144,5798869,SESSION_005,1,0,8190,4,28.07,60.97,1004.78,38.3,1,HIGH
2026-09-13T18:47:37.257+08:00,RUN_20260913_171419,145,5799872,SESSION_005,0,0,8190,4,28.07,60.93,1004.78,38.3,1,HIGH
2026-09-13T18:47:38.442+08:00,RUN_20260913_171419,146,5801057,SESSION_005,0,0,8190,4,28.07,60.93,1004.79,38.3,1,HIGH
2026-09-13T18:47:39.447+08:00,RUN_20260913_171419,147,5802062,SESSION_005,1,1,272,0,28.07,61.01,1004.78,38.3,1,HIGH
2026-09-13T18:47:40.452+08:00,RUN_20260913_171419,148,5803067,SESSION_005,1,1,8190,4,28.07,61,1004.78,38.3,1,HIGH
2026-09-13T18:47:41.275+08:00,RUN_20260913_171419,149,5803890,SESSION_005,0,0,8190,4,28.08,61.05,1004.78,39.2,1,HIGH
2026-09-13T18:47:42.278+08:00,RUN_20260913_171419,150,5804893,SESSION_005,0,0,8190,4,28.08,61.06,1004.78,39.2,1,HIGH
2026-09-13T18:47:43.281+08:00,RUN_20260913_171419,151,5805896,SESSION_005,1,0,8190,4,28.08,61.06,1004.79,39.2,1,HIGH
2026-09-13T18:47:44.466+08:00,RUN_20260913_171419,152,5807081,SESSION_005,1,0,651,0,28.08,61.01,1004.79,39.2,1,HIGH
2026-09-13T18:47:45.471+08:00,RUN_20260913_171419,153,5808086,SESSION_005,0,0,374,0,28.09,61.07,1004.79,39.2,1,HIGH
2026-09-13T18:47:46.294+08:00,RUN_20260913_171419,154,5808909,SESSION_005,0,1,8190,4,28.09,61.08,1004.79,38.3,1,HIGH
2026-09-13T18:47:47.297+08:00,RUN_20260913_171419,155,5809912,SESSION_005,0,1,8190,4,28.09,61.07,1004.79,38.3,1,HIGH
2026-09-13T18:47:48.300+08:00,RUN_20260913_171419,156,5810915,SESSION_005,0,1,8190,4,28.09,61.05,1004.79,39.2,1,HIGH
2026-09-13T18:47:49.303+08:00,RUN_20260913_171419,157,5811918,SESSION_005,0,0,8190,4,28.09,61,1004.79,38.3,1,HIGH
2026-09-13T18:47:50.306+08:00,RUN_20260913_171419,158,5812921,SESSION_005,0,0,8190,4,28.09,60.98,1004.79,38.3,1,HIGH
2026-09-13T18:47:51.309+08:00,RUN_20260913_171419,159,5813924,SESSION_005,0,1,8190,4,28.1,60.97,1004.79,38.3,1,HIGH
2026-09-13T18:47:52.312+08:00,RUN_20260913_171419,160,5814927,SESSION_005,0,1,8190,4,28.1,60.97,1004.79,38.3,1,HIGH
2026-09-13T18:47:53.315+08:00,RUN_20260913_171419,161,5815930,SESSION_005,0,1,8190,4,28.1,61.06,1004.8,38.3,1,HIGH
2026-09-13T18:47:54.318+08:00,RUN_20260913_171419,162,5816933,SESSION_005,0,0,8190,4,28.1,60.97,1004.8,39.2,1,HIGH
2026-09-13T18:47:55.321+08:00,RUN_20260913_171419,163,5817936,SESSION_005,0,0,8190,4,28.1,60.98,1004.8,39.2,1,HIGH
2026-09-13T18:47:56.506+08:00,RUN_20260913_171419,164,5819121,SESSION_005,0,1,493,0,28.11,61,1004.8,38.3,1,HIGH
2026-09-13T18:47:57.329+08:00,RUN_20260913_171419,165,5819944,SESSION_005,0,1,8190,4,28.11,61,1004.8,38.3,1,HIGH
2026-09-13T18:47:58.332+08:00,RUN_20260913_171419,166,5820947,SESSION_005,0,0,8190,4,28.11,60.98,1004.8,30,1,HIGH
2026-09-13T18:47:59.335+08:00,RUN_20260913_171419,167,5821950,SESSION_005,0,0,8190,4,28.11,61,1004.8,30,1,HIGH
2026-09-13T18:48:00.338+08:00,RUN_20260913_171419,168,5822953,SESSION_005,1,1,8190,4,28.11,60.98,1004.8,6.7,1,HIGH
2026-09-13T18:48:01.341+08:00,RUN_20260913_171419,169,5823956,SESSION_005,1,1,8190,4,28.11,60.95,1004.8,25,1,HIGH
2026-09-13T18:48:02.344+08:00,RUN_20260913_171419,170,5824959,SESSION_005,1,0,8190,4,28.12,60.99,1004.8,28.3,1,HIGH
2026-09-13T18:48:03.347+08:00,RUN_20260913_171419,171,5825962,SESSION_005,0,1,8190,4,28.12,60.93,1004.8,20,1,HIGH
2026-09-13T18:48:04.350+08:00,RUN_20260913_171419,172,5826965,SESSION_005,0,0,8190,4,28.12,60.92,1004.8,10.8,1,HIGH
2026-09-13T18:48:05.353+08:00,RUN_20260913_171419,173,5827968,SESSION_005,1,0,8190,4,28.12,60.89,1004.81,29.2,1,HIGH
2026-09-13T18:48:06.356+08:00,RUN_20260913_171419,174,5828971,SESSION_005,0,1,8190,4,28.12,60.91,1004.8,17.5,1,HIGH
2026-09-13T18:48:07.359+08:00,RUN_20260913_171419,175,5829974,SESSION_005,0,1,8190,4,28.12,60.92,1004.81,39.2,1,HIGH
2026-09-13T18:48:08.544+08:00,RUN_20260913_171419,176,5831159,SESSION_005,0,0,881,0,28.12,60.97,1004.8,39.2,1,HIGH
2026-09-13T18:48:09.549+08:00,RUN_20260913_171419,177,5832164,SESSION_005,1,0,1268,0,28.13,60.95,1004.8,39.2,1,HIGH
2026-09-13T18:48:10.554+08:00,RUN_20260913_171419,178,5833169,SESSION_005,0,1,1160,0,28.13,60.97,1004.8,39.2,1,HIGH
2026-09-13T18:48:11.559+08:00,RUN_20260913_171419,179,5834174,SESSION_005,0,1,1155,0,28.13,60.96,1004.8,39.2,1,HIGH
2026-09-13T18:48:12.564+08:00,RUN_20260913_171419,180,5835179,SESSION_005,0,0,8190,4,28.13,60.95,1004.8,39.2,1,HIGH
2026-09-13T18:48:13.569+08:00,RUN_20260913_171419,181,5836184,SESSION_005,0,0,1082,0,28.13,61,1004.8,39.2,1,HIGH
2026-09-13T18:48:14.574+08:00,RUN_20260913_171419,182,5837189,SESSION_005,0,0,8190,4,28.13,60.97,1004.81,39.2,1,HIGH
2026-09-13T18:48:15.579+08:00,RUN_20260913_171419,183,5838194,SESSION_005,1,0,8190,4,28.14,61,1004.81,39.2,1,HIGH
2026-09-13T18:48:16.402+08:00,RUN_20260913_171419,184,5839017,SESSION_005,1,0,8190,4,28.14,60.97,1004.81,39.2,1,HIGH
2026-09-13T18:48:17.405+08:00,RUN_20260913_171419,185,5840020,SESSION_005,0,0,8190,4,28.14,60.91,1004.81,39.2,1,HIGH
2026-09-13T18:48:18.408+08:00,RUN_20260913_171419,186,5841023,SESSION_005,0,0,8190,4,28.14,60.97,1004.81,39.2,1,HIGH
2026-09-13T18:48:19.411+08:00,RUN_20260913_171419,187,5842026,SESSION_005,1,0,8190,4,28.15,60.97,1004.81,39.2,1,HIGH
2026-09-13T18:48:20.414+08:00,RUN_20260913_171419,188,5843029,SESSION_005,1,1,8190,4,28.15,60.93,1004.82,39.2,1,HIGH
2026-09-13T18:48:21.417+08:00,RUN_20260913_171419,189,5844032,SESSION_005,1,0,8190,4,28.15,60.99,1004.82,39.2,1,HIGH
2026-09-13T18:48:22.420+08:00,RUN_20260913_171419,190,5845035,SESSION_005,1,0,8190,4,28.15,61,1004.82,38.3,1,HIGH
2026-09-13T18:48:23.423+08:00,RUN_20260913_171419,191,5846038,SESSION_005,0,1,8190,4,28.15,61,1004.82,38.3,1,HIGH
2026-09-13T18:48:24.426+08:00,RUN_20260913_171419,192,5847041,SESSION_005,0,1,8190,4,28.16,60.94,1004.82,38.3,1,HIGH
2026-09-13T18:48:25.429+08:00,RUN_20260913_171419,193,5848044,SESSION_005,1,0,8190,4,28.16,60.95,1004.82,39.2,1,HIGH
2026-09-13T18:48:26.432+08:00,RUN_20260913_171419,194,5849047,SESSION_005,0,0,8190,4,28.16,60.9,1004.82,39.2,1,HIGH
2026-09-13T18:48:27.435+08:00,RUN_20260913_171419,195,5850050,SESSION_005,0,0,8190,4,28.16,60.99,1004.82,39.2,1,HIGH
2026-09-13T18:48:28.438+08:00,RUN_20260913_171419,196,5851053,SESSION_005,1,1,8190,4,28.16,60.92,1004.82,39.2,1,HIGH
2026-09-13T18:48:29.441+08:00,RUN_20260913_171419,197,5852056,SESSION_005,0,1,8190,4,28.16,60.92,1004.82,39.2,1,HIGH
2026-09-13T18:48:30.444+08:00,RUN_20260913_171419,198,5853059,SESSION_005,0,0,8190,4,28.17,61,1004.82,39.2,1,HIGH
2026-09-13T18:48:31.447+08:00,RUN_20260913_171419,199,5854062,SESSION_005,0,0,8190,4,28.17,61.01,1004.82,39.2,1,HIGH
2026-09-13T18:48:32.450+08:00,RUN_20260913_171419,200,5855065,SESSION_005,0,0,8190,4,28.17,61,1004.82,39.2,1,HIGH
2026-09-13T18:48:33.453+08:00,RUN_20260913_171419,201,5856068,SESSION_005,0,1,8190,4,28.17,60.91,1004.82,39.2,1,HIGH
2026-09-13T18:48:34.456+08:00,RUN_20260913_171419,202,5857071,SESSION_005,0,1,8190,4,28.17,60.88,1004.82,38.3,1,HIGH
2026-09-13T18:48:35.459+08:00,RUN_20260913_171419,203,5858074,SESSION_005,1,0,8190,4,28.17,60.95,1004.82,39.2,1,HIGH
2026-09-13T18:48:36.462+08:00,RUN_20260913_171419,204,5859077,SESSION_005,0,0,8190,4,28.18,60.94,1004.82,38.3,1,HIGH
2026-09-13T18:48:37.465+08:00,RUN_20260913_171419,205,5860080,SESSION_005,0,1,8190,4,28.18,60.91,1004.82,38.3,1,HIGH
2026-09-13T18:48:38.468+08:00,RUN_20260913_171419,206,5861083,SESSION_005,0,0,8190,4,28.18,60.91,1004.82,38.3,1,HIGH
2026-09-13T18:48:39.471+08:00,RUN_20260913_171419,207,5862086,SESSION_005,0,0,8190,4,28.18,60.91,1004.82,39.2,1,HIGH
2026-09-13T18:48:40.474+08:00,RUN_20260913_171419,208,5863089,SESSION_005,0,1,8190,4,28.18,61.03,1004.82,38.3,1,HIGH
2026-09-13T18:48:41.477+08:00,RUN_20260913_171419,209,5864092,SESSION_005,1,0,8190,4,28.18,61.01,1004.82,38.3,1,HIGH
2026-09-13T18:48:42.480+08:00,RUN_20260913_171419,210,5865095,SESSION_005,1,0,8190,4,28.19,61.01,1004.82,38.3,1,HIGH
2026-09-13T18:48:43.483+08:00,RUN_20260913_171419,211,5866098,SESSION_005,0,1,8190,4,28.19,60.98,1004.82,38.3,1,HIGH
2026-09-13T18:48:44.486+08:00,RUN_20260913_171419,212,5867101,SESSION_005,0,0,8190,4,28.19,60.96,1004.82,38.3,1,HIGH
2026-09-13T18:48:45.489+08:00,RUN_20260913_171419,213,5868104,SESSION_005,1,0,8190,4,28.19,60.84,1004.82,39.2,1,HIGH
2026-09-13T18:48:46.492+08:00,RUN_20260913_171419,214,5869107,SESSION_005,0,1,8190,4,28.19,60.83,1004.82,39.2,1,HIGH
2026-09-13T18:48:47.495+08:00,RUN_20260913_171419,215,5870110,SESSION_005,0,1,8190,4,28.19,60.85,1004.82,39.2,1,HIGH
2026-09-13T18:48:48.498+08:00,RUN_20260913_171419,216,5871113,SESSION_005,1,0,8190,4,28.2,60.83,1004.82,39.2,1,HIGH
2026-09-13T18:48:49.501+08:00,RUN_20260913_171419,217,5872116,SESSION_005,0,0,8190,4,28.2,60.84,1004.82,39.2,1,HIGH
2026-09-13T18:48:50.504+08:00,RUN_20260913_171419,218,5873119,SESSION_005,0,0,8190,4,28.2,60.84,1004.82,39.2,1,HIGH
2026-09-13T18:48:51.689+08:00,RUN_20260913_171419,219,5874304,SESSION_005,1,0,1178,0,28.2,60.86,1004.82,39.2,1,HIGH
2026-09-13T18:48:52.512+08:00,RUN_20260913_171419,220,5875127,SESSION_005,0,0,8190,4,28.2,60.93,1004.82,39.2,1,HIGH
2026-09-13T18:48:53.515+08:00,RUN_20260913_171419,221,5876130,SESSION_005,0,0,8190,4,28.2,60.78,1004.82,39.2,1,HIGH
2026-09-13T18:48:54.518+08:00,RUN_20260913_171419,222,5877133,SESSION_005,1,0,8190,4,28.2,60.71,1004.82,39.2,1,HIGH
2026-09-13T18:48:55.521+08:00,RUN_20260913_171419,223,5878136,SESSION_005,0,0,8190,4,28.21,60.7,1004.82,39.2,1,HIGH
2026-09-13T18:48:56.524+08:00,RUN_20260913_171419,224,5879139,SESSION_005,0,0,8190,4,28.21,60.7,1004.82,39.2,1,HIGH
2026-09-13T18:48:57.527+08:00,RUN_20260913_171419,225,5880142,SESSION_005,0,0,8190,4,28.21,60.57,1004.82,39.2,1,HIGH
2026-09-13T18:48:58.530+08:00,RUN_20260913_171419,226,5881145,SESSION_005,1,0,8190,4,28.21,60.57,1004.82,39.2,1,HIGH
2026-09-13T18:48:59.533+08:00,RUN_20260913_171419,227,5882148,SESSION_005,0,0,8190,4,28.21,60.48,1004.82,39.2,1,HIGH
2026-09-13T18:49:00.536+08:00,RUN_20260913_171419,228,5883151,SESSION_005,0,0,8190,4,28.21,60.48,1004.82,39.2,1,HIGH
2026-09-13T18:49:01.539+08:00,RUN_20260913_171419,229,5884154,SESSION_005,1,0,8190,4,28.21,60.46,1004.82,39.2,1,HIGH
2026-09-13T18:49:02.542+08:00,RUN_20260913_171419,230,5885157,SESSION_005,1,0,8190,4,28.21,60.39,1004.82,39.2,1,HIGH
2026-09-13T18:49:03.727+08:00,RUN_20260913_171419,231,5886342,SESSION_005,0,0,655,0,28.21,60.41,1004.82,39.2,1,HIGH
2026-09-13T18:49:04.550+08:00,RUN_20260913_171419,232,5887165,SESSION_005,0,0,8190,4,28.22,60.53,1004.82,39.2,1,HIGH
2026-09-13T18:49:05.553+08:00,RUN_20260913_171419,233,5888168,SESSION_005,1,1,8190,4,28.22,60.59,1004.82,39.2,1,HIGH
2026-09-13T18:49:06.556+08:00,RUN_20260913_171419,234,5889171,SESSION_005,1,1,8190,4,28.22,60.58,1004.82,39.2,1,HIGH
2026-09-13T18:49:07.559+08:00,RUN_20260913_171419,235,5890174,SESSION_005,1,1,8190,4,28.22,60.54,1004.82,39.2,1,HIGH
2026-09-13T18:49:08.562+08:00,RUN_20260913_171419,236,5891177,SESSION_005,0,1,8190,4,28.22,60.5,1004.82,39.2,1,HIGH
2026-09-13T18:49:09.565+08:00,RUN_20260913_171419,237,5892180,SESSION_005,0,1,8190,4,28.22,60.46,1004.82,39.2,1,HIGH
2026-09-13T18:49:10.568+08:00,RUN_20260913_171419,238,5893183,SESSION_005,1,1,8190,4,28.22,60.3,1004.82,39.2,1,HIGH
2026-09-13T18:49:11.571+08:00,RUN_20260913_171419,239,5894186,SESSION_005,0,1,8190,4,28.22,60.3,1004.82,39.2,1,HIGH
2026-09-13T18:49:12.574+08:00,RUN_20260913_171419,240,5895189,SESSION_005,0,1,8190,4,28.22,60.28,1004.82,39.2,1,HIGH
2026-09-13T18:49:13.577+08:00,RUN_20260913_171419,241,5896192,SESSION_005,1,0,8190,4,28.22,60.28,1004.82,39.2,1,HIGH
2026-09-13T18:49:14.580+08:00,RUN_20260913_171419,242,5897195,SESSION_005,1,0,8190,4,28.22,60.34,1004.82,39.2,1,HIGH
2026-09-13T18:49:15.583+08:00,RUN_20260913_171419,243,5898198,SESSION_005,0,1,8190,4,28.22,60.3,1004.82,39.2,1,HIGH
2026-09-13T18:49:16.586+08:00,RUN_20260913_171419,244,5899201,SESSION_005,0,0,8190,4,28.22,60.22,1004.82,39.2,1,HIGH
2026-09-13T18:49:17.589+08:00,RUN_20260913_171419,245,5900204,SESSION_005,1,0,8190,4,28.22,60.25,1004.82,38.3,1,HIGH
2026-09-13T18:49:18.592+08:00,RUN_20260913_171419,246,5901207,SESSION_005,0,1,8190,4,28.22,60.28,1004.82,39.2,1,HIGH
2026-09-13T18:49:19.595+08:00,RUN_20260913_171419,247,5902210,SESSION_005,0,1,8190,4,28.22,60.3,1004.82,39.2,1,HIGH
2026-09-13T18:49:20.598+08:00,RUN_20260913_171419,248,5903213,SESSION_005,0,1,8190,4,28.22,60.31,1004.82,39.2,1,HIGH
2026-09-13T18:49:21.601+08:00,RUN_20260913_171419,249,5904216,SESSION_005,1,0,8190,4,28.22,60.26,1004.82,38.3,1,HIGH
2026-09-13T18:49:22.604+08:00,RUN_20260913_171419,250,5905219,SESSION_005,0,0,8190,4,28.22,60.3,1004.82,39.2,1,HIGH
2026-09-13T18:49:23.607+08:00,RUN_20260913_171419,251,5906222,SESSION_005,1,1,8190,4,28.22,60.31,1004.83,39.2,1,HIGH
2026-09-13T18:49:24.610+08:00,RUN_20260913_171419,252,5907225,SESSION_005,0,0,8190,4,28.22,60.2,1004.82,39.2,1,HIGH
2026-09-13T18:49:25.613+08:00,RUN_20260913_171419,253,5908228,SESSION_005,0,0,8190,4,28.22,60.27,1004.82,39.2,1,HIGH
2026-09-13T18:49:26.616+08:00,RUN_20260913_171419,254,5909231,SESSION_005,1,1,8190,4,28.22,60.31,1004.82,39.2,1,HIGH
2026-09-13T18:49:27.619+08:00,RUN_20260913_171419,255,5910234,SESSION_005,1,1,8190,4,28.22,60.26,1004.83,39.2,1,HIGH
2026-09-13T18:49:28.622+08:00,RUN_20260913_171419,256,5911237,SESSION_005,1,1,8190,4,28.22,60.38,1004.82,39.2,1,HIGH
2026-09-13T18:49:29.625+08:00,RUN_20260913_171419,257,5912240,SESSION_005,1,1,8190,4,28.22,60.38,1004.83,40,1,HIGH
2026-09-13T18:49:30.628+08:00,RUN_20260913_171419,258,5913243,SESSION_005,0,0,8190,4,28.22,60.4,1004.83,39.2,1,HIGH
2026-09-13T18:49:31.813+08:00,RUN_20260913_171419,259,5914428,SESSION_005,0,0,642,0,28.22,60.28,1004.83,39.2,1,HIGH
2026-09-13T18:49:32.818+08:00,RUN_20260913_171419,260,5915433,SESSION_005,1,1,8190,4,28.22,60.25,1004.83,39.2,1,HIGH
2026-09-13T18:49:33.823+08:00,RUN_20260913_171419,261,5916438,SESSION_005,0,0,8190,4,28.22,60.37,1004.83,39.2,1,HIGH
2026-09-13T18:49:34.828+08:00,RUN_20260913_171419,262,5917443,SESSION_005,0,0,507,0,28.22,60.4,1004.83,39.2,1,HIGH
2026-09-13T18:49:35.833+08:00,RUN_20260913_171419,263,5918448,SESSION_005,0,1,8190,4,28.22,60.32,1004.83,39.2,1,HIGH
2026-09-13T18:49:36.838+08:00,RUN_20260913_171419,264,5919453,SESSION_005,0,1,8190,4,28.22,60.35,1004.83,39.2,1,HIGH
2026-09-13T18:49:37.661+08:00,RUN_20260913_171419,265,5920276,SESSION_005,0,0,8190,4,28.22,60.34,1004.83,39.2,1,HIGH
2026-09-13T18:49:38.664+08:00,RUN_20260913_171419,266,5921279,SESSION_005,0,0,8190,4,28.22,60.31,1004.83,39.2,1,HIGH
2026-09-13T18:49:39.667+08:00,RUN_20260913_171419,267,5922282,SESSION_005,0,1,8190,4,28.22,60.28,1004.83,39.2,1,HIGH
2026-09-13T18:49:40.852+08:00,RUN_20260913_171419,268,5923467,SESSION_005,0,1,8191,2,28.22,60.31,1004.83,39.2,1,HIGH
2026-09-13T18:49:41.857+08:00,RUN_20260913_171419,269,5924472,SESSION_005,1,0,614,0,28.22,60.31,1004.83,40,1,HIGH
2026-09-13T18:49:42.862+08:00,RUN_20260913_171419,270,5925477,SESSION_005,0,0,8190,4,28.22,60.38,1004.83,40,1,HIGH
2026-09-13T18:49:43.685+08:00,RUN_20260913_171419,271,5926300,SESSION_005,0,1,8190,4,28.22,60.28,1004.83,40,1,HIGH
2026-09-13T18:49:44.688+08:00,RUN_20260913_171419,272,5927303,SESSION_005,0,1,8190,4,28.22,60.3,1004.83,40,1,HIGH
2026-09-13T18:49:45.691+08:00,RUN_20260913_171419,273,5928306,SESSION_005,0,0,8190,4,28.22,60.34,1004.82,40,1,HIGH
2026-09-13T18:49:46.694+08:00,RUN_20260913_171419,274,5929309,SESSION_005,0,0,8190,4,28.23,60.32,1004.83,39.2,1,HIGH
2026-09-13T18:49:47.697+08:00,RUN_20260913_171419,275,5930312,SESSION_005,0,0,8190,4,28.23,60.3,1004.83,39.2,1,HIGH
2026-09-13T18:49:48.700+08:00,RUN_20260913_171419,276,5931315,SESSION_005,1,0,8190,4,28.23,60.32,1004.82,39.2,1,HIGH
2026-09-13T18:49:49.703+08:00,RUN_20260913_171419,277,5932318,SESSION_005,1,0,8190,4,28.23,60.31,1004.83,39.2,1,HIGH
2026-09-13T18:49:50.706+08:00,RUN_20260913_171419,278,5933321,SESSION_005,1,0,8190,4,28.23,60.29,1004.83,39.2,1,HIGH
2026-09-13T18:49:51.709+08:00,RUN_20260913_171419,279,5934324,SESSION_005,1,0,8190,4,28.23,60.38,1004.83,40,1,HIGH
2026-09-13T18:49:52.712+08:00,RUN_20260913_171419,280,5935327,SESSION_005,1,0,8190,4,28.23,60.44,1004.83,39.2,1,HIGH
2026-09-13T18:49:53.715+08:00,RUN_20260913_171419,281,5936330,SESSION_005,1,0,8190,4,28.23,60.32,1004.83,40,1,HIGH
2026-09-13T18:49:54.718+08:00,RUN_20260913_171419,282,5937333,SESSION_005,0,0,8190,4,28.23,60.31,1004.83,39.2,1,HIGH
2026-09-13T18:49:55.721+08:00,RUN_20260913_171419,283,5938336,SESSION_005,1,0,8190,4,28.23,60.36,1004.83,40,1,HIGH
2026-09-13T18:49:56.724+08:00,RUN_20260913_171419,284,5939339,SESSION_005,0,0,8190,4,28.24,60.35,1004.83,40,1,HIGH
2026-09-13T18:49:57.727+08:00,RUN_20260913_171419,285,5940342,SESSION_005,0,0,8190,4,28.24,60.31,1004.84,40,1,HIGH
2026-09-13T18:49:58.730+08:00,RUN_20260913_171419,286,5941345,SESSION_005,1,0,8190,4,28.24,60.23,1004.84,39.2,1,HIGH
2026-09-13T18:49:59.733+08:00,RUN_20260913_171419,287,5942348,SESSION_005,1,0,8190,4,28.24,60.25,1004.84,40,1,HIGH
2026-09-13T18:50:00.736+08:00,RUN_20260913_171419,288,5943351,SESSION_005,1,0,8190,4,28.24,60.24,1004.83,40,1,HIGH
2026-09-13T18:50:01.739+08:00,RUN_20260913_171419,289,5944354,SESSION_005,1,0,8190,4,28.24,60.26,1004.83,40,1,HIGH
2026-09-13T18:50:02.742+08:00,RUN_20260913_171419,290,5945357,SESSION_005,1,0,8190,4,28.24,60.2,1004.84,40,1,HIGH
2026-09-13T18:50:03.745+08:00,RUN_20260913_171419,291,5946360,SESSION_005,0,0,8190,4,28.24,60.33,1004.83,40,1,HIGH
2026-09-13T18:50:04.748+08:00,RUN_20260913_171419,292,5947363,SESSION_005,0,0,8190,4,28.24,60.33,1004.84,39.2,1,HIGH
2026-09-13T18:50:05.933+08:00,RUN_20260913_171419,293,5948548,SESSION_005,1,1,522,0,28.24,60.31,1004.83,39.2,1,HIGH
2026-09-13T18:50:06.938+08:00,RUN_20260913_171419,294,5949553,SESSION_005,0,0,394,0,28.25,60.24,1004.84,39.2,1,HIGH
2026-09-13T18:50:07.943+08:00,RUN_20260913_171419,295,5950558,SESSION_005,0,0,8190,4,28.25,60.24,1004.83,40,1,HIGH
2026-09-13T18:50:08.948+08:00,RUN_20260913_171419,296,5951563,SESSION_005,0,0,8190,4,28.25,60.14,1004.83,39.2,1,HIGH
2026-09-13T18:50:09.771+08:00,RUN_20260913_171419,297,5952386,SESSION_005,0,1,8190,4,28.25,60.12,1004.84,39.2,1,HIGH
2026-09-13T18:50:10.774+08:00,RUN_20260913_171419,298,5953389,SESSION_005,0,1,8190,4,28.25,59.99,1004.84,39.2,1,HIGH
2026-09-13T18:50:11.777+08:00,RUN_20260913_171419,299,5954392,SESSION_005,0,0,8190,4,28.25,59.92,1004.84,39.2,1,HIGH
2026-09-13T18:50:12.780+08:00,RUN_20260913_171419,300,5955395,SESSION_005,0,0,8190,4,28.25,59.98,1004.84,39.2,1,HIGH
2026-09-13T18:50:13.783+08:00,RUN_20260913_171419,301,5956398,SESSION_005,0,1,8190,4,28.25,59.96,1004.84,39.2,1,HIGH
2026-09-13T18:50:14.786+08:00,RUN_20260913_171419,302,5957401,SESSION_005,0,0,8190,4,28.25,60.09,1004.83,39.2,1,HIGH
2026-09-13T18:50:15.789+08:00,RUN_20260913_171419,303,5958404,SESSION_005,0,0,8190,4,28.25,59.96,1004.83,39.2,1,HIGH
2026-09-13T18:50:16.792+08:00,RUN_20260913_171419,304,5959407,SESSION_005,0,1,8190,4,28.25,59.99,1004.83,38.3,1,HIGH
2026-09-13T18:50:17.795+08:00,RUN_20260913_171419,305,5960410,SESSION_005,0,1,8190,4,28.25,60,1004.83,39.2,1,HIGH
2026-09-13T18:50:18.980+08:00,RUN_20260913_171419,306,5961595,SESSION_005,0,0,292,0,28.25,59.9,1004.83,39.2,1,HIGH
2026-09-13T18:50:19.803+08:00,RUN_20260913_171419,307,5962418,SESSION_005,1,0,8190,4,28.25,59.88,1004.83,39.2,1,HIGH
2026-09-13T18:50:20.806+08:00,RUN_20260913_171419,308,5963421,SESSION_005,0,1,8190,4,28.25,59.91,1004.83,37.5,1,HIGH
2026-09-13T18:50:21.809+08:00,RUN_20260913_171419,309,5964424,SESSION_005,0,1,8190,4,28.25,59.97,1004.83,28.3,1,HIGH
2026-09-13T18:50:22.812+08:00,RUN_20260913_171419,310,5965427,SESSION_005,1,0,8190,4,28.25,59.84,1004.83,36.7,1,HIGH
2026-09-13T18:50:23.997+08:00,RUN_20260913_171419,311,5966612,SESSION_005,0,0,529,0,28.25,59.92,1004.83,39.2,1,HIGH
2026-09-13T18:50:25.002+08:00,RUN_20260913_171419,312,5967617,SESSION_005,0,0,518,0,28.25,59.85,1004.83,39.2,1,HIGH
2026-09-13T18:50:26.007+08:00,RUN_20260913_171419,313,5968622,SESSION_005,0,1,609,0,28.25,59.98,1004.83,40,1,HIGH
2026-09-13T18:50:27.012+08:00,RUN_20260913_171419,314,5969627,SESSION_005,1,1,502,0,28.25,59.97,1004.83,40,1,HIGH
2026-09-13T18:50:27.835+08:00,RUN_20260913_171419,315,5970450,SESSION_005,1,0,8190,4,28.25,59.86,1004.83,40,1,HIGH
2026-09-13T18:50:28.838+08:00,RUN_20260913_171419,316,5971453,SESSION_005,0,0,8190,4,28.25,59.77,1004.83,40,1,HIGH
2026-09-13T18:50:29.841+08:00,RUN_20260913_171419,317,5972456,SESSION_005,0,0,8190,4,28.25,59.71,1004.83,40,1,HIGH
2026-09-13T18:50:30.844+08:00,RUN_20260913_171419,318,5973459,SESSION_005,0,0,8190,4,28.25,59.66,1004.83,40,1,HIGH
2026-09-13T18:50:31.847+08:00,RUN_20260913_171419,319,5974462,SESSION_005,1,0,8190,4,28.25,59.65,1004.83,40,1,HIGH
2026-09-13T18:50:32.850+08:00,RUN_20260913_171419,320,5975465,SESSION_005,1,0,8190,4,28.25,59.67,1004.83,40,1,HIGH
2026-09-13T18:50:33.853+08:00,RUN_20260913_171419,321,5976468,SESSION_005,0,0,8190,4,28.25,59.8,1004.83,40,1,HIGH
2026-09-13T18:50:34.856+08:00,RUN_20260913_171419,322,5977471,SESSION_005,0,0,8190,4,28.25,59.88,1004.83,40,1,HIGH
2026-09-13T18:50:35.859+08:00,RUN_20260913_171419,323,5978474,SESSION_005,1,0,8190,4,28.25,59.85,1004.83,39.2,1,HIGH
2026-09-13T18:50:36.862+08:00,RUN_20260913_171419,324,5979477,SESSION_005,1,1,8190,4,28.25,59.94,1004.83,38.3,1,HIGH
2026-09-13T18:50:37.866+08:00,RUN_20260913_171419,325,5980481,SESSION_005,0,1,8190,4,28.25,59.93,1004.84,39.2,1,HIGH
2026-09-13T18:50:38.869+08:00,RUN_20260913_171419,326,5981484,SESSION_005,0,0,8190,4,28.25,59.82,1004.84,39.2,1,HIGH
2026-09-13T18:50:39.872+08:00,RUN_20260913_171419,327,5982487,SESSION_005,1,0,8190,4,28.25,59.79,1004.84,39.2,1,HIGH
2026-09-13T18:50:40.875+08:00,RUN_20260913_171419,328,5983490,SESSION_005,1,0,8190,4,28.25,59.78,1004.84,39.2,1,HIGH
2026-09-13T18:50:41.878+08:00,RUN_20260913_171419,329,5984493,SESSION_005,0,1,8190,4,28.25,59.82,1004.84,39.2,1,HIGH
2026-09-13T18:50:42.881+08:00,RUN_20260913_171419,330,5985496,SESSION_005,0,0,8190,4,28.25,59.8,1004.85,39.2,1,HIGH
2026-09-13T18:50:43.884+08:00,RUN_20260913_171419,331,5986499,SESSION_005,0,0,8190,4,28.25,59.71,1004.85,39.2,1,HIGH
2026-09-13T18:50:44.887+08:00,RUN_20260913_171419,332,5987502,SESSION_005,0,1,8190,4,28.25,59.72,1004.85,37.5,1,HIGH
2026-09-13T18:50:45.890+08:00,RUN_20260913_171419,333,5988505,SESSION_005,1,1,8190,4,28.25,59.81,1004.85,40,1,HIGH
2026-09-13T18:50:46.894+08:00,RUN_20260913_171419,334,5989509,SESSION_005,0,0,8190,4,28.25,59.8,1004.86,40,1,HIGH
2026-09-13T18:50:47.897+08:00,RUN_20260913_171419,335,5990512,SESSION_005,0,0,8190,4,28.25,59.84,1004.86,40,1,HIGH
2026-09-13T18:50:49.082+08:00,RUN_20260913_171419,336,5991697,SESSION_005,0,0,8190,4,28.25,59.72,1004.85,40,1,HIGH
2026-09-13T18:50:50.087+08:00,RUN_20260913_171419,337,5992702,SESSION_005,0,0,479,0,28.25,59.71,1004.86,40,1,HIGH
2026-09-13T18:50:51.092+08:00,RUN_20260913_171419,338,5993707,SESSION_005,0,1,489,0,28.25,59.74,1004.86,40,1,HIGH
2026-09-13T18:50:52.097+08:00,RUN_20260913_171419,339,5994712,SESSION_005,0,0,485,0,28.25,59.79,1004.86,40,1,HIGH
2026-09-13T18:50:53.102+08:00,RUN_20260913_171419,340,5995717,SESSION_005,0,0,498,0,28.25,59.68,1004.86,40,1,HIGH
2026-09-13T18:50:54.107+08:00,RUN_20260913_171419,341,5996722,SESSION_005,0,1,579,0,28.25,59.66,1004.85,40,1,HIGH
2026-09-13T18:50:55.112+08:00,RUN_20260913_171419,342,5997727,SESSION_005,0,1,8190,4,28.26,59.68,1004.86,40,1,HIGH
2026-09-13T18:50:56.117+08:00,RUN_20260913_171419,343,5998732,SESSION_005,0,1,8191,2,28.26,59.68,1004.86,40,1,HIGH
2026-09-13T18:50:57.122+08:00,RUN_20260913_171419,344,5999737,SESSION_005,0,1,8191,2,28.26,59.68,1004.85,40,1,HIGH
2026-09-13T18:50:58.127+08:00,RUN_20260913_171419,345,6000742,SESSION_005,0,0,8191,2,28.26,59.75,1004.85,40,1,HIGH
2026-09-13T18:50:59.132+08:00,RUN_20260913_171419,346,6001747,SESSION_005,0,1,8191,2,28.26,59.75,1004.85,39.2,1,HIGH
2026-09-13T18:51:00.137+08:00,RUN_20260913_171419,347,6002752,SESSION_005,1,1,8191,2,28.26,59.65,1004.86,40,1,HIGH
2026-09-13T18:51:01.142+08:00,RUN_20260913_171419,348,6003757,SESSION_005,1,0,373,0,28.26,59.67,1004.86,39.2,1,HIGH
2026-09-13T18:51:01.965+08:00,RUN_20260913_171419,349,6004580,SESSION_005,0,0,8190,4,28.26,59.7,1004.85,40,1,HIGH
2026-09-13T18:51:03.150+08:00,RUN_20260913_171419,350,6005765,SESSION_005,0,1,8190,4,28.26,59.78,1004.85,40,1,HIGH
2026-09-13T18:51:04.155+08:00,RUN_20260913_171419,351,6006770,SESSION_005,0,1,8190,4,28.26,59.77,1004.86,40,1,HIGH
2026-09-13T18:51:05.160+08:00,RUN_20260913_171419,352,6007775,SESSION_005,1,0,439,0,28.26,59.74,1004.86,40,1,HIGH
2026-09-13T18:51:06.165+08:00,RUN_20260913_171419,353,6008780,SESSION_005,1,0,8190,4,28.26,59.66,1004.86,39.2,1,HIGH
2026-09-13T18:51:06.988+08:00,RUN_20260913_171419,354,6009603,SESSION_005,1,1,8190,4,28.26,59.7,1004.86,39.2,1,HIGH
2026-09-13T18:51:07.991+08:00,RUN_20260913_171419,355,6010606,SESSION_005,1,0,8190,4,28.26,59.7,1004.86,40,1,HIGH
2026-09-13T18:51:09.176+08:00,RUN_20260913_171419,356,6011791,SESSION_005,1,0,453,0,28.26,59.6,1004.86,39.2,1,HIGH
2026-09-13T18:51:09.999+08:00,RUN_20260913_171419,357,6012614,SESSION_005,0,1,8190,4,28.26,59.59,1004.85,39.2,1,HIGH
2026-09-13T18:51:11.002+08:00,RUN_20260913_171419,358,6013617,SESSION_005,0,1,8190,4,28.27,59.54,1004.86,39.2,1,HIGH
2026-09-13T18:51:12.005+08:00,RUN_20260913_171419,359,6014620,SESSION_005,1,0,8190,4,28.27,59.54,1004.85,38.3,1,HIGH
2026-09-13T18:51:13.008+08:00,RUN_20260913_171419,360,6015623,SESSION_005,0,0,8190,4,28.27,59.67,1004.85,37.5,1,HIGH
2026-09-13T18:51:14.011+08:00,RUN_20260913_171419,361,6016626,SESSION_005,0,1,8190,4,28.27,59.57,1004.85,36.7,1,HIGH
2026-09-13T18:51:15.014+08:00,RUN_20260913_171419,362,6017629,SESSION_005,0,1,8190,4,28.27,59.57,1004.85,36.7,1,HIGH
2026-09-13T18:51:16.017+08:00,RUN_20260913_171419,363,6018632,SESSION_005,0,0,8190,4,28.27,59.58,1004.85,37.5,1,HIGH
2026-09-13T18:51:17.020+08:00,RUN_20260913_171419,364,6019635,SESSION_005,1,0,8190,4,28.27,59.55,1004.85,39.2,1,HIGH
2026-09-13T18:51:18.023+08:00,RUN_20260913_171419,365,6020638,SESSION_005,1,1,8190,4,28.27,59.59,1004.85,38.3,1,HIGH
2026-09-13T18:51:19.026+08:00,RUN_20260913_171419,366,6021641,SESSION_005,0,1,8190,4,28.27,59.6,1004.85,38.3,1,HIGH
2026-09-13T18:51:20.029+08:00,RUN_20260913_171419,367,6022644,SESSION_005,0,1,8190,4,28.27,59.71,1004.85,39.2,1,HIGH
2026-09-13T18:51:21.032+08:00,RUN_20260913_171419,368,6023647,SESSION_005,0,1,8190,4,28.27,59.7,1004.84,39.2,1,HIGH
2026-09-13T18:51:22.035+08:00,RUN_20260913_171419,369,6024650,SESSION_005,1,0,8190,4,28.27,59.7,1004.85,39.2,1,HIGH
2026-09-13T18:51:23.038+08:00,RUN_20260913_171419,370,6025653,SESSION_005,1,0,8190,4,28.27,59.71,1004.84,40,1,HIGH
2026-09-13T18:51:24.041+08:00,RUN_20260913_171419,371,6026656,SESSION_005,0,0,8190,4,28.27,59.64,1004.84,40,1,HIGH
2026-09-13T18:51:25.226+08:00,RUN_20260913_171419,372,6027841,SESSION_005,0,0,8190,4,28.27,59.6,1004.84,39.2,1,HIGH
2026-09-13T18:51:26.231+08:00,RUN_20260913_171419,373,6028846,SESSION_005,0,0,605,0,28.27,59.66,1004.84,40,1,HIGH
2026-09-13T18:51:27.236+08:00,RUN_20260913_171419,374,6029851,SESSION_005,0,0,8191,2,28.27,59.57,1004.85,40,1,HIGH
2026-09-13T18:51:28.241+08:00,RUN_20260913_171419,375,6030856,SESSION_005,0,0,594,0,28.27,59.54,1004.85,40,1,HIGH
2026-09-13T18:51:29.246+08:00,RUN_20260913_171419,376,6031861,SESSION_005,0,0,8191,2,28.27,59.52,1004.85,40,1,HIGH
2026-09-13T18:51:30.251+08:00,RUN_20260913_171419,377,6032866,SESSION_005,0,0,8191,2,28.27,59.5,1004.85,40,1,HIGH
2026-09-13T18:51:31.256+08:00,RUN_20260913_171419,378,6033871,SESSION_005,0,0,8190,4,28.27,59.55,1004.85,39.2,1,HIGH
2026-09-13T18:51:32.261+08:00,RUN_20260913_171419,379,6034876,SESSION_005,0,1,8190,4,28.28,59.65,1004.85,39.2,1,HIGH
2026-09-13T18:51:33.084+08:00,RUN_20260913_171419,380,6035699,SESSION_005,0,1,8190,4,28.28,59.65,1004.85,39.2,1,HIGH
2026-09-13T18:51:34.087+08:00,RUN_20260913_171419,381,6036702,SESSION_005,0,1,8190,4,28.28,59.65,1004.85,39.2,1,HIGH
2026-09-13T18:51:35.090+08:00,RUN_20260913_171419,382,6037705,SESSION_005,0,1,8190,4,28.28,59.57,1004.86,39.2,1,HIGH
2026-09-13T18:51:36.275+08:00,RUN_20260913_171419,383,6038890,SESSION_005,0,1,318,0,28.28,59.6,1004.86,40,1,HIGH
2026-09-13T18:51:37.280+08:00,RUN_20260913_171419,384,6039895,SESSION_005,0,1,8191,2,28.28,59.52,1004.86,40,1,HIGH
2026-09-13T18:51:38.103+08:00,RUN_20260913_171419,385,6040718,SESSION_005,1,0,8190,4,28.28,59.5,1004.86,40,1,HIGH
2026-09-13T18:51:39.106+08:00,RUN_20260913_171419,386,6041721,SESSION_005,0,0,8190,4,28.28,59.5,1004.86,40,1,HIGH
2026-09-13T18:51:40.109+08:00,RUN_20260913_171419,387,6042724,SESSION_005,0,0,8190,4,28.28,59.6,1004.86,40,1,HIGH
2026-09-13T18:51:41.112+08:00,RUN_20260913_171419,388,6043727,SESSION_005,1,0,8190,4,28.28,59.55,1004.86,40,1,HIGH
2026-09-13T18:51:42.297+08:00,RUN_20260913_171419,389,6044912,SESSION_005,0,0,8190,4,28.28,59.59,1004.86,40,1,HIGH
2026-09-13T18:51:43.120+08:00,RUN_20260913_171419,390,6045735,SESSION_005,0,0,8190,4,28.28,59.54,1004.86,40,1,HIGH
2026-09-13T18:51:44.305+08:00,RUN_20260913_171419,391,6046920,SESSION_005,1,0,8190,4,28.28,59.51,1004.86,40,1,HIGH
2026-09-13T18:51:45.128+08:00,RUN_20260913_171419,392,6047743,SESSION_005,0,0,8190,4,28.28,59.6,1004.86,40,1,HIGH
2026-09-13T18:51:46.131+08:00,RUN_20260913_171419,393,6048746,SESSION_005,0,0,8190,4,28.28,59.6,1004.86,40,1,HIGH
2026-09-13T18:51:47.134+08:00,RUN_20260913_171419,394,6049749,SESSION_005,1,0,8190,4,28.28,59.53,1004.86,40,1,HIGH
2026-09-13T18:51:48.319+08:00,RUN_20260913_171419,395,6050934,SESSION_005,0,0,8191,2,28.28,59.51,1004.86,40,1,HIGH
2026-09-13T18:51:49.142+08:00,RUN_20260913_171419,396,6051757,SESSION_005,0,1,8190,4,28.28,59.53,1004.86,40,1,HIGH
2026-09-13T18:51:50.145+08:00,RUN_20260913_171419,397,6052760,SESSION_005,0,1,8190,4,28.28,59.53,1004.86,40,1,HIGH
2026-09-13T18:51:51.148+08:00,RUN_20260913_171419,398,6053763,SESSION_005,0,0,8190,4,28.28,59.62,1004.86,40,1,HIGH
2026-09-13T18:51:52.333+08:00,RUN_20260913_171419,399,6054948,SESSION_005,0,0,8190,4,28.28,59.53,1004.87,40,1,HIGH
2026-09-13T18:51:53.156+08:00,RUN_20260913_171419,400,6055771,SESSION_005,0,1,8190,4,28.28,59.53,1004.87,40,1,HIGH
2026-09-13T18:51:54.159+08:00,RUN_20260913_171419,401,6056774,SESSION_005,0,1,8190,4,28.28,59.52,1004.87,40,1,HIGH
2026-09-13T18:51:55.162+08:00,RUN_20260913_171419,402,6057777,SESSION_005,0,1,8190,4,28.28,59.6,1004.88,40,1,HIGH
2026-09-13T18:51:56.165+08:00,RUN_20260913_171419,403,6058780,SESSION_005,0,0,8190,4,28.28,59.56,1004.88,40,1,HIGH
2026-09-13T18:51:57.168+08:00,RUN_20260913_171419,404,6059783,SESSION_005,0,0,8190,4,28.28,59.54,1004.88,40,1,HIGH
2026-09-13T18:51:58.353+08:00,RUN_20260913_171419,405,6060968,SESSION_005,0,1,8190,4,28.28,59.62,1004.88,40,1,HIGH
2026-09-13T18:51:59.358+08:00,RUN_20260913_171419,406,6061973,SESSION_005,0,0,8191,2,28.29,59.57,1004.89,40,1,HIGH
2026-09-13T18:52:00.363+08:00,RUN_20260913_171419,407,6062978,SESSION_005,1,0,8191,2,28.29,59.64,1004.89,40,1,HIGH
2026-09-13T18:52:01.368+08:00,RUN_20260913_171419,408,6063983,SESSION_005,1,0,8191,2,28.29,59.62,1004.89,39.2,1,HIGH
2026-09-13T18:52:02.373+08:00,RUN_20260913_171419,409,6064988,SESSION_005,1,1,274,0,28.29,59.64,1004.89,39.2,1,HIGH
2026-09-13T18:52:03.378+08:00,RUN_20260913_171419,410,6065993,SESSION_005,1,0,278,0,28.29,59.66,1004.89,39.2,1,HIGH
2026-09-13T18:52:04.383+08:00,RUN_20260913_171419,411,6066998,SESSION_005,1,1,299,0,28.29,59.57,1004.89,39.2,1,HIGH
2026-09-13T18:52:05.388+08:00,RUN_20260913_171419,412,6068003,SESSION_005,0,1,284,0,28.29,59.64,1004.89,39.2,1,HIGH
2026-09-13T18:52:06.393+08:00,RUN_20260913_171419,413,6069008,SESSION_005,0,1,232,0,28.29,59.68,1004.89,39.2,1,HIGH
2026-09-13T18:52:07.398+08:00,RUN_20260913_171419,414,6070013,SESSION_005,1,1,353,0,28.29,59.69,1004.89,39.2,1,HIGH
2026-09-13T18:52:08.403+08:00,RUN_20260913_171419,415,6071018,SESSION_005,1,1,8191,2,28.29,59.68,1004.89,40,1,HIGH
2026-09-13T18:52:09.408+08:00,RUN_20260913_171419,416,6072023,SESSION_005,1,0,418,0,28.29,59.64,1004.89,40,1,HIGH
2026-09-13T18:52:10.231+08:00,RUN_20260913_171419,417,6072846,SESSION_005,1,0,8190,4,28.3,59.62,1004.89,40,1,HIGH
2026-09-13T18:52:11.416+08:00,RUN_20260913_171419,418,6074031,SESSION_005,1,0,8190,4,28.3,59.57,1004.88,39.2,1,HIGH
2026-09-13T18:52:12.239+08:00,RUN_20260913_171419,419,6074854,SESSION_005,1,1,8190,4,28.3,59.64,1004.88,40,1,HIGH
2026-09-13T18:52:13.242+08:00,RUN_20260913_171419,420,6075857,SESSION_005,1,0,8190,4,28.3,59.63,1004.88,40,1,HIGH
2026-09-13T18:52:14.427+08:00,RUN_20260913_171419,421,6077042,SESSION_005,0,0,309,0,28.3,59.56,1004.88,40,1,HIGH
2026-09-13T18:52:15.432+08:00,RUN_20260913_171419,422,6078047,SESSION_005,0,1,8190,4,28.3,59.67,1004.88,39.2,1,HIGH
2026-09-13T18:52:16.255+08:00,RUN_20260913_171419,423,6078870,SESSION_005,1,1,8190,4,28.3,59.69,1004.88,39.2,1,HIGH
2026-09-13T18:52:17.258+08:00,RUN_20260913_171419,424,6079873,SESSION_005,0,0,8190,4,28.3,59.55,1004.87,38.3,1,HIGH
2026-09-13T18:52:18.261+08:00,RUN_20260913_171419,425,6080876,SESSION_005,0,0,8190,4,28.3,59.55,1004.88,36.7,1,HIGH
2026-09-13T18:52:19.264+08:00,RUN_20260913_171419,426,6081879,SESSION_005,1,1,8190,4,28.3,59.54,1004.88,37.5,1,HIGH
2026-09-13T18:52:20.267+08:00,RUN_20260913_171419,427,6082882,SESSION_005,1,0,8190,4,28.3,59.62,1004.87,39.2,1,HIGH
2026-09-13T18:52:21.452+08:00,RUN_20260913_171419,428,6084067,SESSION_005,0,0,8190,4,28.31,59.62,1004.88,40,1,HIGH
2026-09-13T18:52:22.457+08:00,RUN_20260913_171419,429,6085072,SESSION_005,0,0,8190,4,28.31,59.61,1004.87,40,1,HIGH
2026-09-13T18:52:23.462+08:00,RUN_20260913_171419,430,6086077,SESSION_005,0,1,8190,4,28.31,59.61,1004.87,40,1,HIGH
2026-09-13T18:52:24.467+08:00,RUN_20260913_171419,431,6087082,SESSION_005,1,0,8190,4,28.31,59.63,1004.87,40,1,HIGH
2026-09-13T18:52:25.290+08:00,RUN_20260913_171419,432,6087905,SESSION_005,1,1,8190,4,28.31,59.57,1004.87,40,1,HIGH
2026-09-13T18:52:26.293+08:00,RUN_20260913_171419,433,6088908,SESSION_005,1,0,8190,4,28.31,59.64,1004.87,40,1,HIGH
2026-09-13T18:52:27.296+08:00,RUN_20260913_171419,434,6089911,SESSION_005,1,0,8190,4,28.31,59.61,1004.87,40,1,HIGH
2026-09-13T18:52:28.299+08:00,RUN_20260913_171419,435,6090914,SESSION_005,0,0,8190,4,28.31,59.55,1004.87,40,1,HIGH
2026-09-13T18:52:29.302+08:00,RUN_20260913_171419,436,6091917,SESSION_005,0,0,8190,4,28.31,59.54,1004.87,40,1,HIGH
2026-09-13T18:52:30.305+08:00,RUN_20260913_171419,437,6092920,SESSION_005,0,0,8190,4,28.31,59.55,1004.87,40,1,HIGH
2026-09-13T18:52:31.308+08:00,RUN_20260913_171419,438,6093923,SESSION_005,1,0,8190,4,28.31,59.58,1004.87,40,1,HIGH
2026-09-13T18:52:32.493+08:00,RUN_20260913_171419,439,6095108,SESSION_005,0,0,8190,4,28.31,59.6,1004.86,40,1,HIGH
2026-09-13T18:52:33.316+08:00,RUN_20260913_171419,440,6095931,SESSION_005,0,0,8190,4,28.31,59.6,1004.86,40,1,HIGH
2026-09-13T18:52:34.319+08:00,RUN_20260913_171419,441,6096934,SESSION_005,1,0,8190,4,28.31,59.58,1004.86,40,1,HIGH
2026-09-13T18:52:35.322+08:00,RUN_20260913_171419,442,6097937,SESSION_005,0,0,8190,4,28.31,59.6,1004.86,40,1,HIGH
2026-09-13T18:52:36.325+08:00,RUN_20260913_171419,443,6098940,SESSION_005,0,0,8190,4,28.31,59.62,1004.86,40,1,HIGH
2026-09-13T18:52:37.328+08:00,RUN_20260913_171419,444,6099943,SESSION_005,0,0,8190,4,28.31,59.64,1004.86,40,1,HIGH
2026-09-13T18:52:38.331+08:00,RUN_20260913_171419,445,6100946,SESSION_005,1,0,8190,4,28.31,59.69,1004.86,40,1,HIGH
2026-09-13T18:52:39.334+08:00,RUN_20260913_171419,446,6101949,SESSION_005,0,0,8190,4,28.31,59.69,1004.86,40,1,HIGH
2026-09-13T18:52:40.337+08:00,RUN_20260913_171419,447,6102952,SESSION_005,0,0,8190,4,28.31,59.69,1004.86,40,1,HIGH
2026-09-13T18:52:41.340+08:00,RUN_20260913_171419,448,6103955,SESSION_005,0,1,8190,4,28.32,59.69,1004.86,39.2,1,HIGH
2026-09-13T18:52:42.343+08:00,RUN_20260913_171419,449,6104958,SESSION_005,1,1,8190,4,28.32,59.77,1004.86,39.2,1,HIGH
2026-09-13T18:52:43.346+08:00,RUN_20260913_171419,450,6105961,SESSION_005,0,0,8190,4,28.32,59.62,1004.86,40,1,HIGH
2026-09-13T18:52:44.349+08:00,RUN_20260913_171419,451,6106964,SESSION_005,0,0,8190,4,28.32,59.68,1004.86,40,1,HIGH
2026-09-13T18:52:45.352+08:00,RUN_20260913_171419,452,6107967,SESSION_005,0,0,8190,4,28.32,59.73,1004.86,40,1,HIGH
2026-09-13T18:52:46.355+08:00,RUN_20260913_171419,453,6108970,SESSION_005,0,1,8190,4,28.32,59.66,1004.86,40,1,HIGH
2026-09-13T18:52:47.358+08:00,RUN_20260913_171419,454,6109973,SESSION_005,0,0,8190,4,28.32,59.62,1004.86,40,1,HIGH
2026-09-13T18:52:48.543+08:00,RUN_20260913_171419,455,6111158,SESSION_005,0,0,8190,4,28.32,59.64,1004.86,40,1,HIGH
2026-09-13T18:52:49.366+08:00,RUN_20260913_171419,456,6111981,SESSION_005,0,1,8190,4,28.32,59.66,1004.86,40,1,HIGH
2026-09-13T18:52:50.369+08:00,RUN_20260913_171419,457,6112984,SESSION_005,0,0,8190,4,28.32,59.69,1004.86,40,1,HIGH
2026-09-13T18:52:51.372+08:00,RUN_20260913_171419,458,6113987,SESSION_005,0,0,8190,4,28.32,59.63,1004.86,40,1,HIGH
2026-09-13T18:52:52.375+08:00,RUN_20260913_171419,459,6114990,SESSION_005,0,0,8190,4,28.32,59.63,1004.86,40,1,HIGH
2026-09-13T18:52:53.378+08:00,RUN_20260913_171419,460,6115993,SESSION_005,0,1,8190,4,28.32,59.64,1004.86,40,1,HIGH
2026-09-13T18:52:54.381+08:00,RUN_20260913_171419,461,6116996,SESSION_005,0,1,8190,4,28.32,59.74,1004.86,40,1,HIGH
2026-09-13T18:52:55.384+08:00,RUN_20260913_171419,462,6117999,SESSION_005,0,1,8190,4,28.32,59.75,1004.86,40,1,HIGH
2026-09-13T18:52:56.387+08:00,RUN_20260913_171419,463,6119002,SESSION_005,0,0,8190,4,28.32,59.74,1004.86,40,1,HIGH
2026-09-13T18:52:57.390+08:00,RUN_20260913_171419,464,6120005,SESSION_005,0,0,8190,4,28.32,59.67,1004.86,40,1,HIGH
2026-09-13T18:52:58.575+08:00,RUN_20260913_171419,465,6121190,SESSION_005,0,1,8190,4,28.32,59.73,1004.86,39.2,1,HIGH
2026-09-13T18:52:59.398+08:00,RUN_20260913_171419,466,6122013,SESSION_005,0,1,8190,4,28.32,59.79,1004.86,39.2,1,HIGH
2026-09-13T18:53:00.401+08:00,RUN_20260913_171419,467,6123016,SESSION_005,0,0,8190,4,28.32,59.77,1004.86,39.2,1,HIGH
2026-09-13T18:53:01.404+08:00,RUN_20260913_171419,468,6124019,SESSION_005,0,0,8190,4,28.32,59.65,1004.86,40,1,HIGH
2026-09-13T18:53:02.407+08:00,RUN_20260913_171419,469,6125022,SESSION_005,0,1,8190,4,28.32,59.74,1004.86,40,1,HIGH
2026-09-13T18:53:03.592+08:00,RUN_20260913_171419,470,6126207,SESSION_005,0,1,8190,4,28.32,59.61,1004.86,40,1,HIGH
2026-09-13T18:53:04.597+08:00,RUN_20260913_171419,471,6127212,SESSION_005,0,0,8190,4,28.32,59.7,1004.86,40,1,HIGH
2026-09-13T18:53:05.420+08:00,RUN_20260913_171419,472,6128035,SESSION_005,0,0,8190,4,28.32,59.68,1004.86,40,1,HIGH
2026-09-13T18:53:06.423+08:00,RUN_20260913_171419,473,6129038,SESSION_005,0,0,8190,4,28.32,59.67,1004.86,40,1,HIGH
2026-09-13T18:53:07.426+08:00,RUN_20260913_171419,474,6130041,SESSION_005,0,0,8190,4,28.32,59.63,1004.86,40,1,HIGH
2026-09-13T18:53:08.429+08:00,RUN_20260913_171419,475,6131044,SESSION_005,0,0,8190,4,28.32,59.69,1004.86,40,1,HIGH
2026-09-13T18:53:09.614+08:00,RUN_20260913_171419,476,6132229,SESSION_005,0,1,8190,4,28.32,59.57,1004.86,40,1,HIGH
2026-09-13T18:53:10.437+08:00,RUN_20260913_171419,477,6133052,SESSION_005,0,0,8190,4,28.32,59.6,1004.86,40,1,HIGH
2026-09-13T18:53:11.440+08:00,RUN_20260913_171419,478,6134055,SESSION_005,0,0,8190,4,28.32,59.65,1004.86,40,1,HIGH
2026-09-13T18:53:12.625+08:00,RUN_20260913_171419,479,6135240,SESSION_005,0,0,8190,4,28.32,59.61,1004.86,40,1,HIGH
2026-09-13T18:53:13.630+08:00,RUN_20260913_171419,480,6136245,SESSION_005,0,0,8190,4,28.32,59.61,1004.86,40,1,HIGH
2026-09-13T18:53:14.453+08:00,RUN_20260913_171419,481,6137068,SESSION_005,0,0,8190,4,28.32,59.66,1004.86,40,1,HIGH
2026-09-13T18:53:15.456+08:00,RUN_20260913_171419,482,6138071,SESSION_005,0,0,8190,4,28.32,59.66,1004.86,40,1,HIGH
2026-09-13T18:53:16.459+08:00,RUN_20260913_171419,483,6139074,SESSION_005,0,0,8190,4,28.32,59.6,1004.86,40,1,HIGH
2026-09-13T18:53:17.644+08:00,RUN_20260913_171419,484,6140259,SESSION_005,0,0,8190,4,28.33,59.68,1004.87,40,1,HIGH
2026-09-13T18:53:18.467+08:00,RUN_20260913_171419,485,6141082,SESSION_005,0,0,8190,4,28.33,59.69,1004.87,40,1,HIGH
2026-09-13T18:53:19.470+08:00,RUN_20260913_171419,486,6142085,SESSION_005,0,0,8190,4,28.33,59.69,1004.87,40,1,HIGH
2026-09-13T18:53:20.655+08:00,RUN_20260913_171419,487,6143270,SESSION_005,0,0,8190,4,28.33,59.69,1004.87,40,1,HIGH
2026-09-13T18:53:21.478+08:00,RUN_20260913_171419,488,6144093,SESSION_005,0,0,8190,4,28.33,59.69,1004.87,40,1,HIGH
2026-09-13T18:53:22.481+08:00,RUN_20260913_171419,489,6145096,SESSION_005,0,0,8190,4,28.33,59.59,1004.87,40,1,HIGH
2026-09-13T18:53:23.484+08:00,RUN_20260913_171419,490,6146099,SESSION_005,0,0,8190,4,28.33,59.57,1004.87,40,1,HIGH
2026-09-13T18:53:24.487+08:00,RUN_20260913_171419,491,6147102,SESSION_005,0,0,8190,4,28.33,59.63,1004.86,40,1,HIGH
2026-09-13T18:53:25.490+08:00,RUN_20260913_171419,492,6148105,SESSION_005,0,0,8190,4,28.33,59.62,1004.87,40,1,HIGH
2026-09-13T18:53:26.493+08:00,RUN_20260913_171419,493,6149108,SESSION_005,0,0,8190,4,28.33,59.54,1004.87,40,1,HIGH
2026-09-13T18:53:27.496+08:00,RUN_20260913_171419,494,6150111,SESSION_005,0,0,8190,4,28.33,59.51,1004.87,40,1,HIGH
2026-09-13T18:53:28.499+08:00,RUN_20260913_171419,495,6151114,SESSION_005,0,0,8190,4,28.33,59.44,1004.87,40,1,HIGH
2026-09-13T18:53:29.684+08:00,RUN_20260913_171419,496,6152299,SESSION_005,0,0,8190,4,28.33,59.48,1004.87,40,1,HIGH
2026-09-13T18:53:30.507+08:00,RUN_20260913_171419,497,6153122,SESSION_005,0,0,8190,4,28.33,59.46,1004.87,40,1,HIGH
2026-09-13T18:53:31.692+08:00,RUN_20260913_171419,498,6154307,SESSION_005,0,0,8190,4,28.33,59.34,1004.87,40,1,HIGH
2026-09-13T18:53:32.515+08:00,RUN_20260913_171419,499,6155130,SESSION_005,0,0,8190,4,28.33,59.34,1004.87,40,1,HIGH
2026-09-13T18:53:33.518+08:00,RUN_20260913_171419,500,6156133,SESSION_005,0,0,8190,4,28.33,59.35,1004.87,40,1,HIGH
2026-09-13T18:53:34.521+08:00,RUN_20260913_171419,501,6157136,SESSION_005,0,0,8190,4,28.33,59.35,1004.87,40,1,HIGH
2026-09-13T18:53:35.524+08:00,RUN_20260913_171419,502,6158139,SESSION_005,0,0,8190,4,28.33,59.36,1004.87,40,1,HIGH
2026-09-13T18:53:36.709+08:00,RUN_20260913_171419,503,6159324,SESSION_005,0,1,8190,4,28.33,59.4,1004.87,40,1,HIGH
2026-09-13T18:53:37.532+08:00,RUN_20260913_171419,504,6160147,SESSION_005,0,1,8190,4,28.33,59.47,1004.87,40,1,HIGH
2026-09-13T18:53:38.535+08:00,RUN_20260913_171419,505,6161150,SESSION_005,0,0,8190,4,28.33,59.43,1004.87,40,1,HIGH
2026-09-13T18:53:39.538+08:00,RUN_20260913_171419,506,6162153,SESSION_005,0,0,8190,4,28.33,59.48,1004.87,40,1,HIGH
2026-09-13T18:53:40.541+08:00,RUN_20260913_171419,507,6163156,SESSION_005,0,0,8190,4,28.33,59.49,1004.87,40,1,HIGH
2026-09-13T18:53:41.544+08:00,RUN_20260913_171419,508,6164159,SESSION_005,0,1,8190,4,28.33,59.54,1004.87,40,1,HIGH
2026-09-13T18:53:42.547+08:00,RUN_20260913_171419,509,6165162,SESSION_005,0,1,8190,4,28.33,59.51,1004.87,40,1,HIGH
2026-09-13T18:53:43.550+08:00,RUN_20260913_171419,510,6166165,SESSION_005,0,1,8190,4,28.33,59.46,1004.87,40,1,HIGH
2026-09-13T18:53:44.553+08:00,RUN_20260913_171419,511,6167168,SESSION_005,0,0,8190,4,28.33,59.41,1004.88,40,1,HIGH
2026-09-13T18:53:45.556+08:00,RUN_20260913_171419,512,6168171,SESSION_005,0,0,8190,4,28.33,59.43,1004.88,40,1,HIGH
2026-09-13T18:53:46.559+08:00,RUN_20260913_171419,513,6169174,SESSION_005,0,1,8190,4,28.33,59.41,1004.88,40,1,HIGH
2026-09-13T18:53:47.562+08:00,RUN_20260913_171419,514,6170177,SESSION_005,0,1,8190,4,28.33,59.46,1004.88,40,1,HIGH
2026-09-13T18:53:48.747+08:00,RUN_20260913_171419,515,6171362,SESSION_005,0,0,8190,4,28.33,59.54,1004.88,40,1,HIGH
2026-09-13T18:53:49.570+08:00,RUN_20260913_171419,516,6172185,SESSION_005,0,0,8190,4,28.33,59.55,1004.87,40,1,HIGH
2026-09-13T18:53:50.573+08:00,RUN_20260913_171419,517,6173188,SESSION_005,0,1,8190,4,28.33,59.44,1004.87,40,1,HIGH
2026-09-13T18:53:51.576+08:00,RUN_20260913_171419,518,6174191,SESSION_005,0,1,8190,4,28.33,59.44,1004.88,40,1,HIGH
2026-09-13T18:53:52.579+08:00,RUN_20260913_171419,519,6175194,SESSION_005,0,1,8190,4,28.33,59.38,1004.88,40,1,HIGH
2026-09-13T18:53:53.764+08:00,RUN_20260913_171419,520,6176379,SESSION_005,0,1,8191,2,28.33,59.38,1004.88,40,1,HIGH
2026-09-13T18:53:54.769+08:00,RUN_20260913_171419,521,6177384,SESSION_005,0,0,8191,2,28.33,59.35,1004.88,40,1,HIGH
2026-09-13T18:53:55.774+08:00,RUN_20260913_171419,522,6178389,SESSION_005,1,0,516,0,28.33,59.47,1004.88,40,1,HIGH
2026-09-13T18:53:56.779+08:00,RUN_20260913_171419,523,6179394,SESSION_005,1,0,8190,4,28.33,59.43,1004.88,40,1,HIGH
2026-09-13T18:53:57.602+08:00,RUN_20260913_171419,524,6180217,SESSION_005,0,0,8190,4,28.33,59.37,1004.88,40,1,HIGH
2026-09-13T18:53:58.605+08:00,RUN_20260913_171419,525,6181220,SESSION_005,0,0,8190,4,28.33,59.3,1004.88,40,1,HIGH
2026-09-13T18:53:59.608+08:00,RUN_20260913_171419,526,6182223,SESSION_005,1,0,8190,4,28.33,59.4,1004.88,40,1,HIGH
2026-09-13T18:54:00.611+08:00,RUN_20260913_171419,527,6183226,SESSION_005,0,0,8190,4,28.33,59.34,1004.88,40,1,HIGH
2026-09-13T18:54:01.614+08:00,RUN_20260913_171419,528,6184229,SESSION_005,0,0,8190,4,28.33,59.34,1004.88,40,1,HIGH
2026-09-13T18:54:02.617+08:00,RUN_20260913_171419,529,6185232,SESSION_005,0,0,8190,4,28.33,59.38,1004.88,40,1,HIGH
2026-09-13T18:54:03.620+08:00,RUN_20260913_171419,530,6186235,SESSION_005,1,0,8190,4,28.33,59.29,1004.88,40,1,HIGH
2026-09-13T18:54:04.623+08:00,RUN_20260913_171419,531,6187238,SESSION_005,1,0,8190,4,28.33,59.35,1004.88,40,1,HIGH
2026-09-13T18:54:05.626+08:00,RUN_20260913_171419,532,6188241,SESSION_005,0,1,8190,4,28.34,59.28,1004.88,39.2,1,HIGH
2026-09-13T18:54:06.629+08:00,RUN_20260913_171419,533,6189244,SESSION_005,0,1,8190,4,28.34,59.35,1004.88,39.2,1,HIGH
2026-09-13T18:54:07.814+08:00,RUN_20260913_171419,534,6190429,SESSION_005,1,1,8190,4,28.34,59.36,1004.88,39.2,1,HIGH
2026-09-13T18:54:08.819+08:00,RUN_20260913_171419,535,6191434,SESSION_005,1,0,234,0,28.34,59.33,1004.87,40,1,HIGH
2026-09-13T18:54:09.824+08:00,RUN_20260913_171419,536,6192439,SESSION_005,1,0,241,0,28.34,59.31,1004.88,40,1,HIGH
2026-09-13T18:54:10.829+08:00,RUN_20260913_171419,537,6193444,SESSION_005,1,1,248,0,28.34,59.34,1004.88,39.2,1,HIGH
2026-09-13T18:54:11.834+08:00,RUN_20260913_171419,538,6194449,SESSION_005,1,1,8190,4,28.34,59.36,1004.88,39.2,1,HIGH
2026-09-13T18:54:12.657+08:00,RUN_20260913_171419,539,6195272,SESSION_005,1,1,8190,4,28.34,59.46,1004.87,39.2,1,HIGH
2026-09-13T18:54:13.842+08:00,RUN_20260913_171419,540,6196457,SESSION_005,1,0,423,0,28.34,59.46,1004.87,39.2,1,HIGH
2026-09-13T18:54:14.847+08:00,RUN_20260913_171419,541,6197462,SESSION_005,1,0,8191,2,28.34,59.47,1004.88,40,1,HIGH
2026-09-13T18:54:15.852+08:00,RUN_20260913_171419,542,6198467,SESSION_005,0,1,8190,4,28.34,59.44,1004.88,38.3,1,HIGH
2026-09-13T18:54:16.675+08:00,RUN_20260913_171419,543,6199290,SESSION_005,0,1,8190,4,28.34,59.4,1004.87,37.5,1,HIGH
2026-09-13T18:54:17.860+08:00,RUN_20260913_171419,544,6200475,SESSION_005,0,1,8191,2,28.34,59.44,1004.87,39.2,1,HIGH
2026-09-13T18:54:18.865+08:00,RUN_20260913_171419,545,6201480,SESSION_005,1,1,8190,4,28.34,59.33,1004.88,40,1,HIGH
2026-09-13T18:54:19.870+08:00,RUN_20260913_171419,546,6202485,SESSION_005,1,0,8190,4,28.34,59.35,1004.87,40,1,HIGH
2026-09-13T18:54:20.693+08:00,RUN_20260913_171419,547,6203308,SESSION_005,0,0,8190,4,28.34,59.39,1004.87,40,1,HIGH
2026-09-13T18:54:21.696+08:00,RUN_20260913_171419,548,6204311,SESSION_005,0,0,8190,4,28.34,59.47,1004.88,40,1,HIGH
2026-09-13T18:54:22.699+08:00,RUN_20260913_171419,549,6205314,SESSION_005,1,0,8190,4,28.34,59.46,1004.88,40,1,HIGH
2026-09-13T18:54:23.702+08:00,RUN_20260913_171419,550,6206317,SESSION_005,1,0,8190,4,28.34,59.39,1004.87,40,1,HIGH
2026-09-13T18:54:24.705+08:00,RUN_20260913_171419,551,6207320,SESSION_005,0,0,8190,4,28.34,59.48,1004.87,40,1,HIGH
2026-09-13T18:54:25.708+08:00,RUN_20260913_171419,552,6208323,SESSION_005,0,0,8190,4,28.34,59.4,1004.87,40,1,HIGH
2026-09-13T18:54:26.711+08:00,RUN_20260913_171419,553,6209326,SESSION_005,0,0,8190,4,28.35,59.42,1004.88,40,1,HIGH
2026-09-13T18:54:27.714+08:00,RUN_20260913_171419,554,6210329,SESSION_005,1,0,8190,4,28.35,59.46,1004.88,40,1,HIGH
2026-09-13T18:54:28.717+08:00,RUN_20260913_171419,555,6211332,SESSION_005,1,0,8190,4,28.35,59.47,1004.88,40,1,HIGH
2026-09-13T18:54:29.720+08:00,RUN_20260913_171419,556,6212335,SESSION_005,0,0,8190,4,28.35,59.47,1004.89,40,1,HIGH
2026-09-13T18:54:30.905+08:00,RUN_20260913_171419,557,6213520,SESSION_005,0,0,475,0,28.35,59.47,1004.89,40,1,HIGH
2026-09-13T18:54:31.910+08:00,RUN_20260913_171419,558,6214525,SESSION_005,0,1,341,0,28.35,59.43,1004.89,40,1,HIGH
2026-09-13T18:54:32.733+08:00,RUN_20260913_171419,559,6215348,SESSION_005,1,1,8190,4,28.35,59.43,1004.89,40,1,HIGH
2026-09-13T18:54:33.736+08:00,RUN_20260913_171419,560,6216351,SESSION_005,0,1,8190,4,28.35,59.49,1004.89,40,1,HIGH
2026-09-13T18:54:34.739+08:00,RUN_20260913_171419,561,6217354,SESSION_005,0,0,8190,4,28.35,59.42,1004.89,40,1,HIGH
2026-09-13T18:54:35.742+08:00,RUN_20260913_171419,562,6218357,SESSION_005,0,0,8190,4,28.35,59.42,1004.89,40,1,HIGH
2026-09-13T18:54:36.745+08:00,RUN_20260913_171419,563,6219360,SESSION_005,0,0,8190,4,28.35,59.4,1004.89,40,1,HIGH
2026-09-13T18:54:37.748+08:00,RUN_20260913_171419,564,6220363,SESSION_005,0,1,8190,4,28.35,59.42,1004.89,40,1,HIGH
2026-09-13T18:54:38.751+08:00,RUN_20260913_171419,565,6221366,SESSION_005,0,1,8190,4,28.35,59.46,1004.89,40,1,HIGH
2026-09-13T18:54:39.754+08:00,RUN_20260913_171419,566,6222369,SESSION_005,0,0,8190,4,28.35,59.29,1004.89,40,1,HIGH
2026-09-13T18:54:40.757+08:00,RUN_20260913_171419,567,6223372,SESSION_005,0,0,8190,4,28.35,59.29,1004.89,40,1,HIGH
2026-09-13T18:54:41.760+08:00,RUN_20260913_171419,568,6224375,SESSION_005,0,1,8190,4,28.35,59.33,1004.89,40,1,HIGH
2026-09-13T18:54:42.763+08:00,RUN_20260913_171419,569,6225378,SESSION_005,0,1,8190,4,28.35,59.27,1004.9,40,1,HIGH
2026-09-13T18:54:43.766+08:00,RUN_20260913_171419,570,6226381,SESSION_005,0,0,8190,4,28.35,59.33,1004.9,40,1,HIGH
2026-09-13T18:54:44.769+08:00,RUN_20260913_171419,571,6227384,SESSION_005,0,0,8190,4,28.35,59.38,1004.9,40,1,HIGH
2026-09-13T18:54:45.772+08:00,RUN_20260913_171419,572,6228387,SESSION_005,0,0,8190,4,28.35,59.38,1004.9,40,1,HIGH
2026-09-13T18:54:46.775+08:00,RUN_20260913_171419,573,6229390,SESSION_005,0,1,8190,4,28.35,59.32,1004.9,39.2,1,HIGH
2026-09-13T18:54:47.778+08:00,RUN_20260913_171419,574,6230393,SESSION_005,0,1,8190,4,28.35,59.4,1004.9,40,1,HIGH
2026-09-13T18:54:48.781+08:00,RUN_20260913_171419,575,6231396,SESSION_005,0,1,8190,4,28.35,59.38,1004.9,39.2,1,HIGH
2026-09-13T18:54:49.966+08:00,RUN_20260913_171419,576,6232581,SESSION_005,0,1,8190,4,28.35,59.39,1004.89,39.2,1,HIGH
2026-09-13T18:54:50.971+08:00,RUN_20260913_171419,577,6233586,SESSION_005,0,1,8191,2,28.35,59.3,1004.89,40,1,HIGH
2026-09-13T18:54:51.794+08:00,RUN_20260913_171419,578,6234409,SESSION_005,1,1,8190,4,28.35,59.34,1004.89,40,1,HIGH
2026-09-13T18:54:52.979+08:00,RUN_20260913_171419,579,6235594,SESSION_005,1,0,484,0,28.35,59.36,1004.89,40,1,HIGH
2026-09-13T18:54:53.984+08:00,RUN_20260913_171419,580,6236599,SESSION_005,0,0,437,0,28.35,59.34,1004.89,40,1,HIGH
2026-09-13T18:54:54.989+08:00,RUN_20260913_171419,581,6237604,SESSION_005,0,1,8190,4,28.35,59.43,1004.89,40,1,HIGH
2026-09-13T18:54:55.994+08:00,RUN_20260913_171419,582,6238609,SESSION_005,1,1,8190,4,28.35,59.39,1004.89,40,1,HIGH
2026-09-13T18:54:56.817+08:00,RUN_20260913_171419,583,6239432,SESSION_005,1,1,8190,4,28.35,59.45,1004.88,40,1,HIGH
2026-09-13T18:54:57.820+08:00,RUN_20260913_171419,584,6240435,SESSION_005,0,0,8190,4,28.35,59.45,1004.89,40,1,HIGH
2026-09-13T18:54:59.005+08:00,RUN_20260913_171419,585,6241620,SESSION_005,0,0,8190,4,28.35,59.41,1004.89,40,1,HIGH
2026-09-13T18:55:00.010+08:00,RUN_20260913_171419,586,6242625,SESSION_005,0,0,8190,4,28.35,59.33,1004.89,40,1,HIGH
2026-09-13T18:55:00.833+08:00,RUN_20260913_171419,587,6243448,SESSION_005,0,1,8190,4,28.35,59.32,1004.88,39.2,1,HIGH
2026-09-13T18:55:01.836+08:00,RUN_20260913_171419,588,6244451,SESSION_005,0,1,8190,4,28.35,59.41,1004.88,39.2,1,HIGH
2026-09-13T18:55:02.839+08:00,RUN_20260913_171419,589,6245454,SESSION_005,0,1,8190,4,28.35,59.35,1004.88,40,1,HIGH
2026-09-13T18:55:03.842+08:00,RUN_20260913_171419,590,6246457,SESSION_005,0,0,8190,4,28.35,59.34,1004.89,40,1,HIGH
2026-09-13T18:55:04.845+08:00,RUN_20260913_171419,591,6247460,SESSION_005,0,0,8190,4,28.35,59.32,1004.89,40,1,HIGH
2026-09-13T18:55:05.848+08:00,RUN_20260913_171419,592,6248463,SESSION_005,0,0,8190,4,28.35,59.39,1004.89,40,1,HIGH
2026-09-13T18:55:06.851+08:00,RUN_20260913_171419,593,6249466,SESSION_005,0,0,8190,4,28.35,59.32,1004.89,40,1,HIGH
2026-09-13T18:55:07.854+08:00,RUN_20260913_171419,594,6250469,SESSION_005,0,0,8190,4,28.35,59.3,1004.89,39.2,1,HIGH
2026-09-13T18:55:08.857+08:00,RUN_20260913_171419,595,6251472,SESSION_005,0,0,8190,4,28.35,59.33,1004.89,40,1,HIGH
2026-09-13T18:55:09.860+08:00,RUN_20260913_171419,596,6252475,SESSION_005,0,0,8190,4,28.35,59.34,1004.88,39.2,1,HIGH
2026-09-13T18:55:10.863+08:00,RUN_20260913_171419,597,6253478,SESSION_005,0,0,8190,4,28.35,59.33,1004.88,40,1,HIGH
2026-09-13T18:55:11.866+08:00,RUN_20260913_171419,598,6254481,SESSION_005,0,0,8190,4,28.35,59.33,1004.88,39.2,1,HIGH
2026-09-13T18:55:12.869+08:00,RUN_20260913_171419,599,6255484,SESSION_005,0,1,8190,4,28.35,59.33,1004.88,39.2,1,HIGH
2026-09-13T18:55:13.872+08:00,RUN_20260913_171419,600,6256487,SESSION_005,0,0,8190,4,28.35,59.43,1004.88,39.2,1,HIGH
2026-09-13T18:55:14.875+08:00,RUN_20260913_171419,601,6257490,SESSION_005,0,0,8190,4,28.35,59.4,1004.88,39.2,1,HIGH
2026-09-13T18:55:16.060+08:00,RUN_20260913_171419,602,6258675,SESSION_005,0,1,8191,2,28.35,59.42,1004.88,40,1,HIGH
2026-09-13T18:55:16.883+08:00,RUN_20260913_171419,603,6259498,SESSION_005,1,0,8190,4,28.35,59.41,1004.88,40,1,HIGH
2026-09-13T18:55:17.886+08:00,RUN_20260913_171419,604,6260501,SESSION_005,1,0,8190,4,28.35,59.52,1004.88,40,1,HIGH
2026-09-13T18:55:18.889+08:00,RUN_20260913_171419,605,6261504,SESSION_005,0,0,8190,4,28.35,59.53,1004.88,40,1,HIGH
2026-09-13T18:55:19.892+08:00,RUN_20260913_171419,606,6262507,SESSION_005,0,0,8190,4,28.35,59.45,1004.88,40,1,HIGH
2026-09-13T18:55:20.895+08:00,RUN_20260913_171419,607,6263510,SESSION_005,0,0,8190,4,28.35,59.43,1004.88,40,1,HIGH
2026-09-13T18:55:21.898+08:00,RUN_20260913_171419,608,6264513,SESSION_005,0,0,8190,4,28.35,59.49,1004.88,40,1,HIGH
2026-09-13T18:55:22.901+08:00,RUN_20260913_171419,609,6265516,SESSION_005,0,0,8190,4,28.35,59.42,1004.88,40,1,HIGH
2026-09-13T18:55:23.904+08:00,RUN_20260913_171419,610,6266519,SESSION_005,0,0,8190,4,28.35,59.43,1004.89,40,1,HIGH
2026-09-13T18:55:24.907+08:00,RUN_20260913_171419,611,6267522,SESSION_005,1,0,8190,4,28.35,59.45,1004.89,40,1,HIGH
2026-09-13T18:55:25.910+08:00,RUN_20260913_171419,612,6268525,SESSION_005,0,0,8190,4,28.35,59.52,1004.89,40,1,HIGH
2026-09-13T18:55:26.913+08:00,RUN_20260913_171419,613,6269528,SESSION_005,0,0,8190,4,28.36,59.43,1004.89,40,1,HIGH
2026-09-13T18:55:27.916+08:00,RUN_20260913_171419,614,6270531,SESSION_005,1,0,8190,4,28.36,59.51,1004.89,40,1,HIGH
2026-09-13T18:55:28.919+08:00,RUN_20260913_171419,615,6271534,SESSION_005,1,0,8190,4,28.36,59.49,1004.89,40,1,HIGH
2026-09-13T18:55:29.922+08:00,RUN_20260913_171419,616,6272537,SESSION_005,0,0,8190,4,28.36,59.45,1004.89,40,1,HIGH
2026-09-13T18:55:30.925+08:00,RUN_20260913_171419,617,6273540,SESSION_005,0,0,8190,4,28.36,59.53,1004.89,40,1,HIGH
2026-09-13T18:55:31.928+08:00,RUN_20260913_171419,618,6274543,SESSION_005,0,0,8190,4,28.36,59.51,1004.89,40,1,HIGH
2026-09-13T18:55:32.931+08:00,RUN_20260913_171419,619,6275546,SESSION_005,0,0,8190,4,28.36,59.43,1004.88,40,1,HIGH
2026-09-13T18:55:33.934+08:00,RUN_20260913_171419,620,6276549,SESSION_005,1,0,8190,4,28.36,59.51,1004.88,40,1,HIGH
2026-09-13T18:55:34.937+08:00,RUN_20260913_171419,621,6277552,SESSION_005,0,0,8190,4,28.36,59.43,1004.88,40,1,HIGH
2026-09-13T18:55:35.940+08:00,RUN_20260913_171419,622,6278555,SESSION_005,0,0,8190,4,28.36,59.43,1004.88,40,1,HIGH
2026-09-13T18:55:36.943+08:00,RUN_20260913_171419,623,6279558,SESSION_005,0,0,8190,4,28.36,59.42,1004.88,40,1,HIGH
2026-09-13T18:55:37.946+08:00,RUN_20260913_171419,624,6280561,SESSION_005,0,0,8190,4,28.36,59.48,1004.88,40,1,HIGH
2026-09-13T18:55:38.949+08:00,RUN_20260913_171419,625,6281564,SESSION_005,0,0,8190,4,28.36,59.42,1004.88,40,1,HIGH
2026-09-13T18:55:39.952+08:00,RUN_20260913_171419,626,6282567,SESSION_005,1,0,8190,4,28.36,59.39,1004.87,40,1,HIGH
2026-09-13T18:55:40.955+08:00,RUN_20260913_171419,627,6283570,SESSION_005,0,0,8190,4,28.36,59.39,1004.87,40,1,HIGH
2026-09-13T18:55:41.958+08:00,RUN_20260913_171419,628,6284573,SESSION_005,0,0,8190,4,28.36,59.47,1004.88,40,1,HIGH
2026-09-13T18:55:42.961+08:00,RUN_20260913_171419,629,6285576,SESSION_005,0,0,8190,4,28.36,59.48,1004.88,40,1,HIGH
2026-09-13T18:55:43.964+08:00,RUN_20260913_171419,630,6286579,SESSION_005,0,0,8190,4,28.36,59.5,1004.88,40,1,HIGH
2026-09-13T18:55:44.967+08:00,RUN_20260913_171419,631,6287582,SESSION_005,0,0,8190,4,28.36,59.47,1004.88,40,1,HIGH
2026-09-13T18:55:45.970+08:00,RUN_20260913_171419,632,6288585,SESSION_005,0,0,8190,4,28.36,59.5,1004.88,40,1,HIGH
2026-09-13T18:55:46.973+08:00,RUN_20260913_171419,633,6289588,SESSION_005,0,0,8190,4,28.36,59.53,1004.88,40,1,HIGH
2026-09-13T18:55:47.976+08:00,RUN_20260913_171419,634,6290591,SESSION_005,0,0,8190,4,28.36,59.53,1004.88,40,1,HIGH
2026-09-13T18:55:48.979+08:00,RUN_20260913_171419,635,6291594,SESSION_005,0,0,8190,4,28.36,59.41,1004.88,40,1,HIGH
2026-09-13T18:55:49.982+08:00,RUN_20260913_171419,636,6292597,SESSION_005,0,0,8190,4,28.36,59.39,1004.88,40,1,HIGH
2026-09-13T18:55:50.985+08:00,RUN_20260913_171419,637,6293600,SESSION_005,0,0,8190,4,28.36,59.42,1004.88,40,1,HIGH
2026-09-13T18:55:51.988+08:00,RUN_20260913_171419,638,6294603,SESSION_005,0,0,8190,4,28.36,59.41,1004.88,40,1,HIGH
2026-09-13T18:55:52.991+08:00,RUN_20260913_171419,639,6295606,SESSION_005,0,0,8190,4,28.36,59.41,1004.88,40,1,HIGH
2026-09-13T18:55:53.994+08:00,RUN_20260913_171419,640,6296609,SESSION_005,1,0,8190,4,28.37,59.41,1004.88,40,1,HIGH
2026-09-13T18:55:54.997+08:00,RUN_20260913_171419,641,6297612,SESSION_005,0,0,8190,4,28.37,59.39,1004.88,40,1,HIGH
2026-09-13T18:55:56.000+08:00,RUN_20260913_171419,642,6298615,SESSION_005,0,0,8190,4,28.37,59.37,1004.87,40,1,HIGH
2026-09-13T18:55:57.003+08:00,RUN_20260913_171419,643,6299618,SESSION_005,0,0,8190,4,28.37,59.35,1004.87,40,1,HIGH
2026-09-13T18:55:58.006+08:00,RUN_20260913_171419,644,6300621,SESSION_005,1,0,8190,4,28.37,59.37,1004.87,40,1,HIGH
2026-09-13T18:55:59.009+08:00,RUN_20260913_171419,645,6301624,SESSION_005,0,0,8190,4,28.37,59.35,1004.87,40,1,HIGH
2026-09-13T18:56:00.012+08:00,RUN_20260913_171419,646,6302627,SESSION_005,0,0,8190,4,28.37,59.33,1004.87,40,1,HIGH
2026-09-13T18:56:01.015+08:00,RUN_20260913_171419,647,6303630,SESSION_005,0,0,8190,4,28.37,59.33,1004.87,40,1,HIGH
2026-09-13T18:56:02.018+08:00,RUN_20260913_171419,648,6304633,SESSION_005,1,0,8190,4,28.37,59.44,1004.87,40,1,HIGH
2026-09-13T18:56:03.021+08:00,RUN_20260913_171419,649,6305636,SESSION_005,0,0,8190,4,28.37,59.34,1004.87,40,1,HIGH
2026-09-13T18:56:04.024+08:00,RUN_20260913_171419,650,6306639,SESSION_005,0,0,8190,4,28.37,59.32,1004.87,40,1,HIGH
2026-09-13T18:56:05.027+08:00,RUN_20260913_171419,651,6307642,SESSION_005,1,0,8190,4,28.37,59.32,1004.87,40,1,HIGH
2026-09-13T18:56:06.030+08:00,RUN_20260913_171419,652,6308645,SESSION_005,1,0,8190,4,28.37,59.32,1004.87,40,1,HIGH
2026-09-13T18:56:07.033+08:00,RUN_20260913_171419,653,6309648,SESSION_005,0,0,8190,4,28.37,59.38,1004.87,40,1,HIGH
2026-09-13T18:56:08.218+08:00,RUN_20260913_171419,654,6310833,SESSION_005,0,0,8190,4,28.37,59.27,1004.87,40,1,HIGH
2026-09-13T18:56:09.223+08:00,RUN_20260913_171419,655,6311838,SESSION_005,1,0,8190,4,28.37,59.27,1004.87,40,1,HIGH
2026-09-13T18:56:10.228+08:00,RUN_20260913_171419,656,6312843,SESSION_005,0,0,8190,4,28.37,59.28,1004.87,40,1,HIGH
2026-09-13T18:56:11.233+08:00,RUN_20260913_171419,657,6313848,SESSION_005,0,0,8190,4,28.37,59.37,1004.87,40,1,HIGH
2026-09-13T18:56:12.238+08:00,RUN_20260913_171419,658,6314853,SESSION_005,0,0,8190,4,28.37,59.31,1004.87,40,1,HIGH
2026-09-13T18:56:13.243+08:00,RUN_20260913_171419,659,6315858,SESSION_005,0,0,8190,4,28.37,59.27,1004.87,40,1,HIGH
2026-09-13T18:56:14.248+08:00,RUN_20260913_171419,660,6316863,SESSION_005,0,0,8191,2,28.37,59.21,1004.87,40,1,HIGH
2026-09-13T18:56:15.253+08:00,RUN_20260913_171419,661,6317868,SESSION_005,0,0,391,0,28.37,59.18,1004.87,40,1,HIGH
2026-09-13T18:56:16.258+08:00,RUN_20260913_171419,662,6318873,SESSION_005,0,0,421,0,28.37,59.27,1004.87,40,1,HIGH
2026-09-13T18:56:17.081+08:00,RUN_20260913_171419,663,6319696,SESSION_005,0,1,8190,4,28.37,59.29,1004.87,40,1,HIGH
2026-09-13T18:56:18.084+08:00,RUN_20260913_171419,664,6320699,SESSION_005,0,1,8190,4,28.37,59.26,1004.86,40,1,HIGH
2026-09-13T18:56:19.087+08:00,RUN_20260913_171419,665,6321702,SESSION_005,0,0,8190,4,28.37,59.22,1004.86,39.2,1,HIGH
2026-09-13T18:56:20.090+08:00,RUN_20260913_171419,666,6322705,SESSION_005,0,0,8190,4,28.37,59.22,1004.86,40,1,HIGH
2026-09-13T18:56:21.093+08:00,RUN_20260913_171419,667,6323708,SESSION_005,0,0,8190,4,28.37,59.22,1004.86,40,1,HIGH
2026-09-13T18:56:22.096+08:00,RUN_20260913_171419,668,6324711,SESSION_005,0,0,8190,4,28.37,59.29,1004.86,40,1,HIGH
2026-09-13T18:56:23.099+08:00,RUN_20260913_171419,669,6325714,SESSION_005,0,0,8190,4,28.37,59.33,1004.86,40,1,HIGH
2026-09-13T18:56:24.102+08:00,RUN_20260913_171419,670,6326717,SESSION_005,0,1,8190,4,28.37,59.25,1004.87,40,1,HIGH
2026-09-13T18:56:25.105+08:00,RUN_20260913_171419,671,6327720,SESSION_005,0,1,8190,4,28.37,59.25,1004.87,40,1,HIGH
2026-09-13T18:56:26.108+08:00,RUN_20260913_171419,672,6328723,SESSION_005,0,1,8190,4,28.37,59.22,1004.87,39.2,1,HIGH
2026-09-13T18:56:27.293+08:00,RUN_20260913_171419,673,6329908,SESSION_005,1,0,61,0,28.37,59.32,1004.87,39.2,1,HIGH
2026-09-13T18:56:28.298+08:00,RUN_20260913_171419,674,6330913,SESSION_005,1,0,62,0,28.37,59.38,1004.86,39.2,1,HIGH
