2026-09-14T12:26:55.067+08:00,RUN_20260914_120952,1,2385200,SESSION_003,0,1,56,0,25.82,72.44,1007.75,199.2,1,EMPTY
2026-09-14T12:26:56.072+08:00,RUN_20260914_120952,2,2386205,SESSION_003,0,0,8191,2,25.82,72.38,1007.76,197.5,1,EMPTY
2026-09-14T12:26:57.077+08:00,RUN_20260914_120952,3,2387210,SESSION_003,0,0,8191,2,25.82,72.36,1007.75,197.5,1,EMPTY
2026-09-14T12:26:58.082+08:00,RUN_20260914_120952,4,2388215,SESSION_003,0,1,8191,2,25.83,72.3,1007.76,197.5,1,EMPTY
2026-09-14T12:26:59.087+08:00,RUN_20260914_120952,5,2389220,SESSION_003,0,1,8191,2,25.83,72.23,1007.76,197.5,1,EMPTY
2026-09-14T12:27:00.092+08:00,RUN_20260914_120952,6,2390225,SESSION_003,0,0,8191,2,25.83,72.27,1007.76,197.5,1,EMPTY
2026-09-14T12:27:01.097+08:00,RUN_20260914_120952,7,2391230,SESSION_003,0,0,8191,2,25.83,72.33,1007.75,197.5,1,EMPTY
2026-09-14T12:27:01.920+08:00,RUN_20260914_120952,8,2392053,SESSION_003,0,0,8190,4,25.83,72.33,1007.76,197.5,1,EMPTY
2026-09-14T12:27:03.105+08:00,RUN_20260914_120952,9,2393238,SESSION_003,0,1,8191,2,25.83,72.25,1007.75,197.5,1,EMPTY
2026-09-14T12:27:04.110+08:00,RUN_20260914_120952,10,2394243,SESSION_003,0,1,8191,2,25.83,72.21,1007.76,197.5,1,EMPTY
2026-09-14T12:27:05.110+08:00,RUN_20260914_120952,11,2395243,SESSION_003,0,1,8191,2,25.83,72.13,1007.75,197.5,1,EMPTY
2026-09-14T12:27:05.928+08:00,RUN_20260914_120952,12,2396061,SESSION_003,0,0,8190,4,25.83,72.1,1007.76,198.3,1,EMPTY
2026-09-14T12:27:07.114+08:00,RUN_20260914_120952,13,2397247,SESSION_003,0,0,8191,2,25.83,72.09,1007.75,198.3,1,EMPTY
2026-09-14T12:27:08.114+08:00,RUN_20260914_120952,14,2398247,SESSION_003,0,0,8191,2,25.84,72.1,1007.75,198.3,1,EMPTY
2026-09-14T12:27:09.114+08:00,RUN_20260914_120952,15,2399247,SESSION_003,0,1,8191,2,25.84,72.15,1007.74,198.3,1,EMPTY
2026-09-14T12:27:10.114+08:00,RUN_20260914_120952,16,2400247,SESSION_003,0,0,8191,2,25.84,72.14,1007.74,198.3,1,EMPTY
2026-09-14T12:27:11.114+08:00,RUN_20260914_120952,17,2401247,SESSION_003,0,0,8191,2,25.84,72.05,1007.74,198.3,1,EMPTY
2026-09-14T12:27:12.114+08:00,RUN_20260914_120952,18,2402247,SESSION_003,0,0,8191,2,25.84,71.97,1007.74,198.3,1,EMPTY
2026-09-14T12:27:13.114+08:00,RUN_20260914_120952,19,2403247,SESSION_003,0,0,8191,2,25.84,71.91,1007.74,198.3,1,EMPTY
2026-09-14T12:27:14.114+08:00,RUN_20260914_120952,20,2404247,SESSION_003,0,0,8191,2,25.84,71.91,1007.74,198.3,1,EMPTY
2026-09-14T12:27:15.114+08:00,RUN_20260914_120952,21,2405247,SESSION_003,0,0,8191,2,25.84,71.94,1007.74,198.3,1,EMPTY
2026-09-14T12:27:15.932+08:00,RUN_20260914_120952,22,2406065,SESSION_003,0,0,8190,4,25.84,72.01,1007.74,198.3,1,EMPTY
2026-09-14T12:27:17.118+08:00,RUN_20260914_120952,23,2407251,SESSION_003,0,0,8191,2,25.84,71.97,1007.74,198.3,1,EMPTY
2026-09-14T12:27:18.118+08:00,RUN_20260914_120952,24,2408251,SESSION_003,0,0,8191,2,25.84,71.98,1007.74,198.3,1,EMPTY
2026-09-14T12:27:19.118+08:00,RUN_20260914_120952,25,2409251,SESSION_003,0,0,8191,2,25.84,71.95,1007.74,198.3,1,EMPTY
2026-09-14T12:27:20.118+08:00,RUN_20260914_120952,26,2410251,SESSION_003,0,0,8191,2,25.84,71.96,1007.74,198.3,1,EMPTY
2026-09-14T12:27:21.118+08:00,RUN_20260914_120952,27,2411251,SESSION_003,0,0,8191,2,25.83,71.92,1007.74,198.3,1,EMPTY
2026-09-14T12:27:22.118+08:00,RUN_20260914_120952,28,2412251,SESSION_003,0,0,8191,2,25.83,71.92,1007.74,198.3,1,EMPTY
2026-09-14T12:27:23.118+08:00,RUN_20260914_120952,29,2413251,SESSION_003,0,0,8191,2,25.83,71.85,1007.74,198.3,1,EMPTY
2026-09-14T12:27:23.936+08:00,RUN_20260914_120952,30,2414069,SESSION_003,0,0,8190,4,25.83,71.86,1007.74,198.3,1,EMPTY
2026-09-14T12:27:25.122+08:00,RUN_20260914_120952,31,2415255,SESSION_003,0,0,8191,2,25.83,71.85,1007.74,198.3,1,EMPTY
2026-09-14T12:27:26.122+08:00,RUN_20260914_120952,32,2416255,SESSION_003,0,0,8191,2,25.84,71.85,1007.74,197.5,1,EMPTY
2026-09-14T12:27:27.122+08:00,RUN_20260914_120952,33,2417255,SESSION_003,0,0,8191,2,25.83,71.84,1007.74,198.3,1,EMPTY
2026-09-14T12:27:28.122+08:00,RUN_20260914_120952,34,2418255,SESSION_003,0,0,8191,2,25.83,71.82,1007.74,198.3,1,EMPTY
2026-09-14T12:27:29.122+08:00,RUN_20260914_120952,35,2419255,SESSION_003,0,0,8191,2,25.83,71.82,1007.74,198.3,1,EMPTY
2026-09-14T12:27:30.122+08:00,RUN_20260914_120952,36,2420255,SESSION_003,0,0,8191,2,25.83,71.83,1007.74,197.5,1,EMPTY
2026-09-14T12:27:31.122+08:00,RUN_20260914_120952,37,2421255,SESSION_003,0,0,8191,2,25.83,71.81,1007.73,197.5,1,EMPTY
2026-09-14T12:27:32.122+08:00,RUN_20260914_120952,38,2422255,SESSION_003,0,0,8191,2,25.83,71.78,1007.74,198.3,1,EMPTY
2026-09-14T12:27:33.122+08:00,RUN_20260914_120952,39,2423255,SESSION_003,0,0,8191,2,25.83,71.82,1007.74,198.3,1,EMPTY
2026-09-14T12:27:34.122+08:00,RUN_20260914_120952,40,2424255,SESSION_003,0,0,8191,2,25.83,71.81,1007.74,197.5,1,EMPTY
2026-09-14T12:27:35.122+08:00,RUN_20260914_120952,41,2425255,SESSION_003,0,0,8191,2,25.83,71.82,1007.73,198.3,1,EMPTY
2026-09-14T12:27:36.122+08:00,RUN_20260914_120952,42,2426255,SESSION_003,0,0,8191,2,25.83,71.81,1007.73,197.5,1,EMPTY
2026-09-14T12:27:37.122+08:00,RUN_20260914_120952,43,2427255,SESSION_003,0,0,8191,2,25.83,71.86,1007.73,197.5,1,EMPTY
2026-09-14T12:27:38.122+08:00,RUN_20260914_120952,44,2428255,SESSION_003,0,0,8191,2,25.83,71.86,1007.73,197.5,1,EMPTY
2026-09-14T12:27:39.122+08:00,RUN_20260914_120952,45,2429255,SESSION_003,0,0,8191,2,25.83,71.86,1007.73,197.5,1,EMPTY
2026-09-14T12:27:40.122+08:00,RUN_20260914_120952,46,2430255,SESSION_003,0,0,8191,2,25.83,71.78,1007.73,197.5,1,EMPTY
2026-09-14T12:27:41.122+08:00,RUN_20260914_120952,47,2431255,SESSION_003,0,0,8191,2,25.83,71.82,1007.73,197.5,1,EMPTY
2026-09-14T12:27:42.122+08:00,RUN_20260914_120952,48,2432255,SESSION_003,0,0,8191,2,25.83,71.8,1007.73,198.3,1,EMPTY
2026-09-14T12:27:43.122+08:00,RUN_20260914_120952,49,2433255,SESSION_003,0,0,8191,2,25.83,71.8,1007.73,197.5,1,EMPTY
2026-09-14T12:27:44.122+08:00,RUN_20260914_120952,50,2434255,SESSION_003,0,0,8191,2,25.83,71.8,1007.73,197.5,1,EMPTY
2026-09-14T12:27:45.122+08:00,RUN_20260914_120952,51,2435255,SESSION_003,0,0,8191,2,25.82,71.79,1007.73,198.3,1,EMPTY
2026-09-14T12:27:46.122+08:00,RUN_20260914_120952,52,2436255,SESSION_003,0,0,8191,2,25.82,71.79,1007.73,197.5,1,EMPTY
2026-09-14T12:27:47.122+08:00,RUN_20260914_120952,53,2437255,SESSION_003,0,0,8191,2,25.82,71.79,1007.73,198.3,1,EMPTY
2026-09-14T12:27:48.122+08:00,RUN_20260914_120952,54,2438255,SESSION_003,0,0,8191,2,25.82,71.78,1007.73,198.3,1,EMPTY
2026-09-14T12:27:49.122+08:00,RUN_20260914_120952,55,2439255,SESSION_003,0,0,8191,2,25.82,71.8,1007.73,198.3,1,EMPTY
2026-09-14T12:27:50.122+08:00,RUN_20260914_120952,56,2440255,SESSION_003,0,0,8191,2,25.82,71.8,1007.73,197.5,1,EMPTY
2026-09-14T12:27:51.122+08:00,RUN_20260914_120952,57,2441255,SESSION_003,0,0,8191,2,25.82,71.82,1007.73,197.5,1,EMPTY
2026-09-14T12:27:52.122+08:00,RUN_20260914_120952,58,2442255,SESSION_003,0,0,8191,2,25.82,71.9,1007.73,197.5,1,EMPTY
2026-09-14T12:27:53.122+08:00,RUN_20260914_120952,59,2443255,SESSION_003,0,0,8191,2,25.82,71.89,1007.73,197.5,1,EMPTY
2026-09-14T12:27:54.122+08:00,RUN_20260914_120952,60,2444255,SESSION_003,0,0,8191,2,25.82,71.79,1007.73,197.5,1,EMPTY
2026-09-14T12:27:55.122+08:00,RUN_20260914_120952,61,2445255,SESSION_003,0,0,8191,2,25.82,71.8,1007.73,197.5,1,EMPTY
2026-09-14T12:27:56.122+08:00,RUN_20260914_120952,62,2446255,SESSION_003,0,0,8191,2,25.82,71.83,1007.73,197.5,1,EMPTY
2026-09-14T12:27:57.122+08:00,RUN_20260914_120952,63,2447255,SESSION_003,0,0,8191,2,25.82,71.79,1007.73,197.5,1,EMPTY
2026-09-14T12:27:58.122+08:00,RUN_20260914_120952,64,2448255,SESSION_003,0,0,8191,2,25.82,71.8,1007.73,197.5,1,EMPTY
2026-09-14T12:27:59.122+08:00,RUN_20260914_120952,65,2449255,SESSION_003,0,0,8191,2,25.82,71.82,1007.73,197.5,1,EMPTY
2026-09-14T12:28:00.122+08:00,RUN_20260914_120952,66,2450255,SESSION_003,0,0,8191,2,25.82,71.78,1007.73,197.5,1,EMPTY
2026-09-14T12:28:01.122+08:00,RUN_20260914_120952,67,2451255,SESSION_003,0,0,8191,2,25.82,71.79,1007.72,197.5,1,EMPTY
2026-09-14T12:28:02.122+08:00,RUN_20260914_120952,68,2452255,SESSION_003,0,0,8191,2,25.82,71.79,1007.72,197.5,1,EMPTY
2026-09-14T12:28:03.122+08:00,RUN_20260914_120952,69,2453255,SESSION_003,0,0,8191,2,25.82,71.9,1007.72,198.3,1,EMPTY
2026-09-14T12:28:04.122+08:00,RUN_20260914_120952,70,2454255,SESSION_003,0,0,8191,2,25.82,71.88,1007.72,197.5,1,EMPTY
2026-09-14T12:28:05.122+08:00,RUN_20260914_120952,71,2455255,SESSION_003,0,0,8191,2,25.82,71.89,1007.72,197.5,1,EMPTY
2026-09-14T12:28:06.122+08:00,RUN_20260914_120952,72,2456255,SESSION_003,0,0,8191,2,25.82,71.79,1007.72,197.5,1,EMPTY
2026-09-14T12:28:07.122+08:00,RUN_20260914_120952,73,2457255,SESSION_003,0,0,8191,2,25.82,71.82,1007.72,197.5,1,EMPTY
2026-09-14T12:28:08.122+08:00,RUN_20260914_120952,74,2458255,SESSION_003,0,0,8191,2,25.82,71.82,1007.72,197.5,1,EMPTY
2026-09-14T12:28:09.122+08:00,RUN_20260914_120952,75,2459255,SESSION_003,0,0,8191,2,25.81,71.81,1007.72,197.5,1,EMPTY
2026-09-14T12:28:10.122+08:00,RUN_20260914_120952,76,2460255,SESSION_003,0,0,8191,2,25.81,71.79,1007.72,197.5,1,EMPTY
2026-09-14T12:28:11.122+08:00,RUN_20260914_120952,77,2461255,SESSION_003,0,0,8191,2,25.81,71.8,1007.72,197.5,1,EMPTY
2026-09-14T12:28:12.122+08:00,RUN_20260914_120952,78,2462255,SESSION_003,0,0,8191,2,25.81,71.81,1007.72,197.5,1,EMPTY
2026-09-14T12:28:13.122+08:00,RUN_20260914_120952,79,2463255,SESSION_003,0,0,8191,2,25.81,71.79,1007.72,197.5,1,EMPTY
2026-09-14T12:28:14.122+08:00,RUN_20260914_120952,80,2464255,SESSION_003,0,0,8191,2,25.81,71.81,1007.72,197.5,1,EMPTY
2026-09-14T12:28:15.122+08:00,RUN_20260914_120952,81,2465255,SESSION_003,0,0,8191,2,25.81,71.8,1007.72,197.5,1,EMPTY
2026-09-14T12:28:16.122+08:00,RUN_20260914_120952,82,2466255,SESSION_003,0,0,8191,2,25.81,71.81,1007.72,197.5,1,EMPTY
2026-09-14T12:28:17.122+08:00,RUN_20260914_120952,83,2467255,SESSION_003,0,0,8191,2,25.81,71.79,1007.72,197.5,1,EMPTY
2026-09-14T12:28:18.122+08:00,RUN_20260914_120952,84,2468255,SESSION_003,0,0,8191,2,25.81,71.9,1007.72,197.5,1,EMPTY
2026-09-14T12:28:19.122+08:00,RUN_20260914_120952,85,2469255,SESSION_003,0,0,8191,2,25.81,71.8,1007.72,197.5,1,EMPTY
2026-09-14T12:28:20.122+08:00,RUN_20260914_120952,86,2470255,SESSION_003,0,0,8191,2,25.81,71.8,1007.72,197.5,1,EMPTY
2026-09-14T12:28:21.122+08:00,RUN_20260914_120952,87,2471255,SESSION_003,0,0,8191,2,25.8,71.81,1007.72,197.5,1,EMPTY
2026-09-14T12:28:22.122+08:00,RUN_20260914_120952,88,2472255,SESSION_003,0,0,8191,2,25.8,71.9,1007.72,197.5,1,EMPTY
2026-09-14T12:28:23.122+08:00,RUN_20260914_120952,89,2473255,SESSION_003,0,0,8191,2,25.8,71.79,1007.72,197.5,1,EMPTY
2026-09-14T12:28:24.122+08:00,RUN_20260914_120952,90,2474255,SESSION_003,0,0,8191,2,25.8,71.8,1007.72,197.5,1,EMPTY
2026-09-14T12:28:25.122+08:00,RUN_20260914_120952,91,2475255,SESSION_003,0,0,8191,2,25.8,71.88,1007.72,197.5,1,EMPTY
2026-09-14T12:28:26.122+08:00,RUN_20260914_120952,92,2476255,SESSION_003,0,0,8191,2,25.8,71.87,1007.72,197.5,1,EMPTY
2026-09-14T12:28:26.940+08:00,RUN_20260914_120952,93,2477073,SESSION_003,0,0,8190,4,25.8,71.79,1007.72,197.5,1,EMPTY
2026-09-14T12:28:28.126+08:00,RUN_20260914_120952,94,2478259,SESSION_003,0,0,8191,2,25.8,71.78,1007.72,197.5,1,EMPTY
2026-09-14T12:28:29.126+08:00,RUN_20260914_120952,95,2479259,SESSION_003,0,0,8191,2,25.8,71.87,1007.72,197.5,1,EMPTY
2026-09-14T12:28:30.126+08:00,RUN_20260914_120952,96,2480259,SESSION_003,0,0,8191,2,25.8,71.78,1007.71,197.5,1,EMPTY
2026-09-14T12:28:31.126+08:00,RUN_20260914_120952,97,2481259,SESSION_003,0,0,8191,2,25.8,71.78,1007.72,197.5,1,EMPTY
2026-09-14T12:28:32.126+08:00,RUN_20260914_120952,98,2482259,SESSION_003,0,0,8191,2,25.8,71.87,1007.72,197.5,1,EMPTY
2026-09-14T12:28:33.126+08:00,RUN_20260914_120952,99,2483259,SESSION_003,0,0,8191,2,25.8,71.86,1007.72,197.5,1,EMPTY
2026-09-14T12:28:34.126+08:00,RUN_20260914_120952,100,2484259,SESSION_003,0,0,8191,2,25.8,71.77,1007.72,197.5,1,EMPTY
2026-09-14T12:28:35.126+08:00,RUN_20260914_120952,101,2485259,SESSION_003,0,0,8191,2,25.8,71.8,1007.71,197.5,1,EMPTY
2026-09-14T12:28:36.126+08:00,RUN_20260914_120952,102,2486259,SESSION_003,0,0,8191,2,25.8,71.83,1007.71,197.5,1,EMPTY
2026-09-14T12:28:37.126+08:00,RUN_20260914_120952,103,2487259,SESSION_003,0,0,8191,2,25.8,71.81,1007.71,197.5,1,EMPTY
2026-09-14T12:28:38.126+08:00,RUN_20260914_120952,104,2488259,SESSION_003,0,0,8191,2,25.8,71.79,1007.71,197.5,1,EMPTY
2026-09-14T12:28:39.126+08:00,RUN_20260914_120952,105,2489259,SESSION_003,0,0,8191,2,25.8,71.81,1007.71,197.5,1,EMPTY
2026-09-14T12:28:40.126+08:00,RUN_20260914_120952,106,2490259,SESSION_003,0,0,8191,2,25.8,71.78,1007.72,197.5,1,EMPTY
2026-09-14T12:28:41.126+08:00,RUN_20260914_120952,107,2491259,SESSION_003,0,0,8191,2,25.8,71.8,1007.72,197.5,1,EMPTY
2026-09-14T12:28:42.126+08:00,RUN_20260914_120952,108,2492259,SESSION_003,0,0,8191,2,25.8,71.79,1007.71,197.5,1,EMPTY
2026-09-14T12:28:43.126+08:00,RUN_20260914_120952,109,2493259,SESSION_003,0,0,8191,2,25.8,71.81,1007.72,197.5,1,EMPTY
2026-09-14T12:28:44.126+08:00,RUN_20260914_120952,110,2494259,SESSION_003,0,0,8191,2,25.8,71.77,1007.72,197.5,1,EMPTY
2026-09-14T12:28:45.126+08:00,RUN_20260914_120952,111,2495259,SESSION_003,0,0,8191,2,25.8,71.74,1007.72,197.5,1,EMPTY
2026-09-14T12:28:46.126+08:00,RUN_20260914_120952,112,2496259,SESSION_003,0,0,8191,2,25.8,71.74,1007.71,197.5,1,EMPTY
2026-09-14T12:28:47.126+08:00,RUN_20260914_120952,113,2497259,SESSION_003,0,0,8191,2,25.8,71.74,1007.71,197.5,1,EMPTY
2026-09-14T12:28:48.126+08:00,RUN_20260914_120952,114,2498259,SESSION_003,0,0,8191,2,25.8,71.74,1007.71,197.5,1,EMPTY
2026-09-14T12:28:49.126+08:00,RUN_20260914_120952,115,2499259,SESSION_003,0,0,8191,2,25.8,71.73,1007.71,197.5,1,EMPTY
2026-09-14T12:28:49.944+08:00,RUN_20260914_120952,116,2500077,SESSION_003,0,0,8190,4,25.8,71.75,1007.71,197.5,1,EMPTY
2026-09-14T12:28:51.130+08:00,RUN_20260914_120952,117,2501263,SESSION_003,0,0,8191,2,25.8,71.79,1007.71,197.5,1,EMPTY
2026-09-14T12:28:52.130+08:00,RUN_20260914_120952,118,2502263,SESSION_003,0,0,8191,2,25.8,71.78,1007.71,197.5,1,EMPTY
2026-09-14T12:28:53.130+08:00,RUN_20260914_120952,119,2503263,SESSION_003,0,0,8191,2,25.8,71.79,1007.72,197.5,1,EMPTY
2026-09-14T12:28:54.130+08:00,RUN_20260914_120952,120,2504263,SESSION_003,0,0,8191,2,25.8,71.8,1007.71,197.5,1,EMPTY
2026-09-14T12:28:55.130+08:00,RUN_20260914_120952,121,2505263,SESSION_003,0,0,8191,2,25.8,71.8,1007.71,197.5,1,EMPTY
2026-09-14T12:28:56.130+08:00,RUN_20260914_120952,122,2506263,SESSION_003,0,0,8191,2,25.8,71.79,1007.71,197.5,1,EMPTY
2026-09-14T12:28:57.130+08:00,RUN_20260914_120952,123,2507263,SESSION_003,0,0,8191,2,25.8,71.81,1007.71,197.5,1,EMPTY
2026-09-14T12:28:58.130+08:00,RUN_20260914_120952,124,2508263,SESSION_003,0,0,8191,2,25.8,71.79,1007.71,197.5,1,EMPTY
2026-09-14T12:28:59.130+08:00,RUN_20260914_120952,125,2509263,SESSION_003,0,0,8191,2,25.8,71.74,1007.71,197.5,1,EMPTY
2026-09-14T12:29:00.130+08:00,RUN_20260914_120952,126,2510263,SESSION_003,0,0,8191,2,25.8,71.74,1007.71,197.5,1,EMPTY
2026-09-14T12:29:00.948+08:00,RUN_20260914_120952,127,2511081,SESSION_003,0,0,8190,4,25.8,71.74,1007.72,197.5,1,EMPTY
2026-09-14T12:29:02.134+08:00,RUN_20260914_120952,128,2512267,SESSION_003,0,0,8191,2,25.8,71.75,1007.72,197.5,1,EMPTY
2026-09-14T12:29:03.134+08:00,RUN_20260914_120952,129,2513267,SESSION_003,0,0,8191,2,25.8,71.75,1007.72,197.5,1,EMPTY
2026-09-14T12:29:04.134+08:00,RUN_20260914_120952,130,2514267,SESSION_003,0,0,8191,2,25.8,71.74,1007.72,197.5,1,EMPTY
2026-09-14T12:29:05.134+08:00,RUN_20260914_120952,131,2515267,SESSION_003,0,0,8191,2,25.8,71.77,1007.72,197.5,1,EMPTY
2026-09-14T12:29:06.134+08:00,RUN_20260914_120952,132,2516267,SESSION_003,0,0,8191,2,25.8,71.77,1007.72,197.5,1,EMPTY
2026-09-14T12:29:07.134+08:00,RUN_20260914_120952,133,2517267,SESSION_003,0,0,8191,2,25.8,71.74,1007.72,197.5,1,EMPTY
2026-09-14T12:29:08.134+08:00,RUN_20260914_120952,134,2518267,SESSION_003,0,0,8191,2,25.8,71.75,1007.72,197.5,1,EMPTY
2026-09-14T12:29:09.134+08:00,RUN_20260914_120952,135,2519267,SESSION_003,0,0,8191,2,25.8,71.72,1007.72,197.5,1,EMPTY
2026-09-14T12:29:10.134+08:00,RUN_20260914_120952,136,2520267,SESSION_003,0,0,8191,2,25.8,71.73,1007.72,197.5,1,EMPTY
2026-09-14T12:29:11.134+08:00,RUN_20260914_120952,137,2521267,SESSION_003,0,0,8191,2,25.8,71.74,1007.72,197.5,1,EMPTY
2026-09-14T12:29:12.134+08:00,RUN_20260914_120952,138,2522267,SESSION_003,0,0,8191,2,25.8,71.77,1007.72,197.5,1,EMPTY
2026-09-14T12:29:13.134+08:00,RUN_20260914_120952,139,2523267,SESSION_003,0,0,8191,2,25.8,71.86,1007.72,197.5,1,EMPTY
2026-09-14T12:29:14.134+08:00,RUN_20260914_120952,140,2524267,SESSION_003,0,0,8191,2,25.8,71.85,1007.72,197.5,1,EMPTY
2026-09-14T12:29:15.134+08:00,RUN_20260914_120952,141,2525267,SESSION_003,0,0,8191,2,25.8,71.84,1007.72,197.5,1,EMPTY
2026-09-14T12:29:16.134+08:00,RUN_20260914_120952,142,2526267,SESSION_003,0,0,8191,2,25.8,71.86,1007.72,197.5,1,EMPTY
2026-09-14T12:29:17.134+08:00,RUN_20260914_120952,143,2527267,SESSION_003,0,0,8191,2,25.8,71.85,1007.72,197.5,1,EMPTY
2026-09-14T12:29:18.134+08:00,RUN_20260914_120952,144,2528267,SESSION_003,0,0,8191,2,25.8,71.9,1007.72,197.5,1,EMPTY
2026-09-14T12:29:19.134+08:00,RUN_20260914_120952,145,2529267,SESSION_003,0,0,8191,2,25.8,71.86,1007.72,197.5,1,EMPTY
2026-09-14T12:29:20.134+08:00,RUN_20260914_120952,146,2530267,SESSION_003,0,0,8191,2,25.8,71.86,1007.72,197.5,1,EMPTY
2026-09-14T12:29:21.134+08:00,RUN_20260914_120952,147,2531267,SESSION_003,0,0,8191,2,25.8,71.8,1007.72,197.5,1,EMPTY
2026-09-14T12:29:22.134+08:00,RUN_20260914_120952,148,2532267,SESSION_003,0,0,8191,2,25.8,71.77,1007.72,197.5,1,EMPTY
2026-09-14T12:29:23.134+08:00,RUN_20260914_120952,149,2533267,SESSION_003,0,0,8191,2,25.8,71.87,1007.72,197.5,1,EMPTY
2026-09-14T12:29:24.134+08:00,RUN_20260914_120952,150,2534267,SESSION_003,0,0,8191,2,25.8,71.85,1007.72,197.5,1,EMPTY
2026-09-14T12:29:25.134+08:00,RUN_20260914_120952,151,2535267,SESSION_003,0,0,8191,2,25.8,71.76,1007.72,197.5,1,EMPTY
2026-09-14T12:29:26.134+08:00,RUN_20260914_120952,152,2536267,SESSION_003,0,0,8191,2,25.8,71.75,1007.72,197.5,1,EMPTY
2026-09-14T12:29:27.134+08:00,RUN_20260914_120952,153,2537267,SESSION_003,0,0,8191,2,25.8,71.86,1007.72,197.5,1,EMPTY
2026-09-14T12:29:28.134+08:00,RUN_20260914_120952,154,2538267,SESSION_003,0,0,8191,2,25.8,71.89,1007.72,197.5,1,EMPTY
2026-09-14T12:29:29.134+08:00,RUN_20260914_120952,155,2539267,SESSION_003,0,0,8191,2,25.8,71.86,1007.72,197.5,1,EMPTY
2026-09-14T12:29:30.134+08:00,RUN_20260914_120952,156,2540267,SESSION_003,0,0,8191,2,25.8,71.86,1007.72,197.5,1,EMPTY
2026-09-14T12:29:31.134+08:00,RUN_20260914_120952,157,2541267,SESSION_003,0,0,8191,2,25.79,71.8,1007.72,197.5,1,EMPTY
2026-09-14T12:29:32.134+08:00,RUN_20260914_120952,158,2542267,SESSION_003,0,0,8191,2,25.79,71.85,1007.72,197.5,1,EMPTY
2026-09-14T12:29:33.134+08:00,RUN_20260914_120952,159,2543267,SESSION_003,0,0,8191,2,25.79,71.86,1007.72,197.5,1,EMPTY
2026-09-14T12:29:34.134+08:00,RUN_20260914_120952,160,2544267,SESSION_003,0,0,8191,2,25.79,71.82,1007.72,197.5,1,EMPTY
2026-09-14T12:29:35.134+08:00,RUN_20260914_120952,161,2545267,SESSION_003,0,0,8191,2,25.79,71.89,1007.72,197.5,1,EMPTY
2026-09-14T12:29:36.134+08:00,RUN_20260914_120952,162,2546267,SESSION_003,0,0,8191,2,25.79,71.81,1007.72,197.5,1,EMPTY
2026-09-14T12:29:37.134+08:00,RUN_20260914_120952,163,2547267,SESSION_003,0,0,8191,2,25.79,71.81,1007.71,197.5,1,EMPTY
2026-09-14T12:29:38.134+08:00,RUN_20260914_120952,164,2548267,SESSION_003,0,0,8191,2,25.79,71.83,1007.72,197.5,1,EMPTY
2026-09-14T12:29:39.134+08:00,RUN_20260914_120952,165,2549267,SESSION_003,0,0,8191,2,25.79,71.85,1007.72,197.5,1,EMPTY
2026-09-14T12:29:40.134+08:00,RUN_20260914_120952,166,2550267,SESSION_003,0,0,8191,2,25.79,71.78,1007.72,197.5,1,EMPTY
2026-09-14T12:29:41.134+08:00,RUN_20260914_120952,167,2551267,SESSION_003,0,0,8191,2,25.79,71.79,1007.72,197.5,1,EMPTY
2026-09-14T12:29:42.134+08:00,RUN_20260914_120952,168,2552267,SESSION_003,0,0,8191,2,25.79,71.79,1007.72,197.5,1,EMPTY
2026-09-14T12:29:43.134+08:00,RUN_20260914_120952,169,2553267,SESSION_003,0,0,8191,2,25.79,71.8,1007.72,197.5,1,EMPTY
2026-09-14T12:29:44.134+08:00,RUN_20260914_120952,170,2554267,SESSION_003,0,0,8191,2,25.79,71.78,1007.71,197.5,1,EMPTY
2026-09-14T12:29:45.134+08:00,RUN_20260914_120952,171,2555267,SESSION_003,0,0,8191,2,25.79,71.85,1007.71,197.5,1,EMPTY
2026-09-14T12:29:46.134+08:00,RUN_20260914_120952,172,2556267,SESSION_003,0,0,8191,2,25.79,71.86,1007.71,196.7,1,EMPTY
2026-09-14T12:29:47.134+08:00,RUN_20260914_120952,173,2557267,SESSION_003,0,0,8191,2,25.79,71.85,1007.71,197.5,1,EMPTY
2026-09-14T12:29:48.134+08:00,RUN_20260914_120952,174,2558267,SESSION_003,0,0,8191,2,25.79,71.83,1007.72,197.5,1,EMPTY
2026-09-14T12:29:49.134+08:00,RUN_20260914_120952,175,2559267,SESSION_003,0,0,8191,2,25.78,71.86,1007.71,197.5,1,EMPTY
2026-09-14T12:29:50.134+08:00,RUN_20260914_120952,176,2560267,SESSION_003,0,0,8191,2,25.78,71.92,1007.71,197.5,1,EMPTY
2026-09-14T12:29:51.134+08:00,RUN_20260914_120952,177,2561267,SESSION_003,0,0,8191,2,25.78,71.89,1007.72,197.5,1,EMPTY
2026-09-14T12:29:52.134+08:00,RUN_20260914_120952,178,2562267,SESSION_003,0,0,8191,2,25.78,71.9,1007.71,196.7,1,EMPTY
2026-09-14T12:29:53.134+08:00,RUN_20260914_120952,179,2563267,SESSION_003,0,0,8191,2,25.78,71.82,1007.71,197.5,1,EMPTY
2026-09-14T12:29:54.134+08:00,RUN_20260914_120952,180,2564267,SESSION_003,0,0,8191,2,25.78,71.8,1007.71,197.5,1,EMPTY
2026-09-14T12:29:55.134+08:00,RUN_20260914_120952,181,2565267,SESSION_003,0,0,8191,2,25.78,71.87,1007.71,197.5,1,EMPTY
2026-09-14T12:29:56.134+08:00,RUN_20260914_120952,182,2566267,SESSION_003,0,0,8191,2,25.78,71.86,1007.71,197.5,1,EMPTY
2026-09-14T12:29:57.134+08:00,RUN_20260914_120952,183,2567267,SESSION_003,0,0,8191,2,25.78,71.81,1007.71,197.5,1,EMPTY
2026-09-14T12:29:58.134+08:00,RUN_20260914_120952,184,2568267,SESSION_003,0,0,8191,2,25.78,71.82,1007.71,197.5,1,EMPTY
2026-09-14T12:29:59.134+08:00,RUN_20260914_120952,185,2569267,SESSION_003,0,0,8191,2,25.78,71.83,1007.71,197.5,1,EMPTY
2026-09-14T12:30:00.134+08:00,RUN_20260914_120952,186,2570267,SESSION_003,0,0,8191,2,25.78,71.8,1007.72,196.7,1,EMPTY
2026-09-14T12:30:01.134+08:00,RUN_20260914_120952,187,2571267,SESSION_003,0,0,8191,2,25.78,71.79,1007.72,197.5,1,EMPTY
2026-09-14T12:30:02.134+08:00,RUN_20260914_120952,188,2572267,SESSION_003,0,0,8191,2,25.78,71.75,1007.72,197.5,1,EMPTY
2026-09-14T12:30:03.134+08:00,RUN_20260914_120952,189,2573267,SESSION_003,0,0,8191,2,25.78,71.76,1007.72,197.5,1,EMPTY
2026-09-14T12:30:04.134+08:00,RUN_20260914_120952,190,2574267,SESSION_003,0,0,8191,2,25.78,71.8,1007.72,197.5,1,EMPTY
2026-09-14T12:30:05.134+08:00,RUN_20260914_120952,191,2575267,SESSION_003,0,0,8191,2,25.78,71.8,1007.72,197.5,1,EMPTY
2026-09-14T12:30:06.134+08:00,RUN_20260914_120952,192,2576267,SESSION_003,0,0,8191,2,25.78,71.8,1007.71,197.5,1,EMPTY
2026-09-14T12:30:07.134+08:00,RUN_20260914_120952,193,2577267,SESSION_003,0,0,8191,2,25.78,71.8,1007.71,196.7,1,EMPTY
2026-09-14T12:30:08.134+08:00,RUN_20260914_120952,194,2578267,SESSION_003,0,0,8191,2,25.78,71.89,1007.71,197.5,1,EMPTY
2026-09-14T12:30:09.134+08:00,RUN_20260914_120952,195,2579267,SESSION_003,0,0,8191,2,25.77,71.81,1007.71,196.7,1,EMPTY
2026-09-14T12:30:10.134+08:00,RUN_20260914_120952,196,2580267,SESSION_003,0,0,8191,2,25.77,71.87,1007.71,197.5,1,EMPTY
2026-09-14T12:30:11.134+08:00,RUN_20260914_120952,197,2581267,SESSION_003,0,0,8191,2,25.77,71.84,1007.71,197.5,1,EMPTY
2026-09-14T12:30:12.134+08:00,RUN_20260914_120952,198,2582267,SESSION_003,0,0,8191,2,25.77,71.94,1007.71,196.7,1,EMPTY
2026-09-14T12:30:13.134+08:00,RUN_20260914_120952,199,2583267,SESSION_003,0,0,8191,2,25.77,71.92,1007.71,197.5,1,EMPTY
2026-09-14T12:30:14.134+08:00,RUN_20260914_120952,200,2584267,SESSION_003,0,0,8191,2,25.77,71.86,1007.71,196.7,1,EMPTY
2026-09-14T12:30:15.134+08:00,RUN_20260914_120952,201,2585267,SESSION_003,0,0,8191,2,25.77,71.81,1007.71,196.7,1,EMPTY
2026-09-14T12:30:16.134+08:00,RUN_20260914_120952,202,2586267,SESSION_003,0,0,8191,2,25.77,71.89,1007.71,196.7,1,EMPTY
2026-09-14T12:30:17.134+08:00,RUN_20260914_120952,203,2587267,SESSION_003,0,0,8191,2,25.77,71.8,1007.71,196.7,1,EMPTY
2026-09-14T12:30:18.134+08:00,RUN_20260914_120952,204,2588267,SESSION_003,0,0,8191,2,25.77,71.83,1007.72,197.5,1,EMPTY
2026-09-14T12:30:19.134+08:00,RUN_20260914_120952,205,2589267,SESSION_003,0,0,8191,2,25.77,71.82,1007.72,196.7,1,EMPTY
2026-09-14T12:30:20.134+08:00,RUN_20260914_120952,206,2590267,SESSION_003,0,0,8191,2,25.77,71.8,1007.72,196.7,1,EMPTY
2026-09-14T12:30:21.134+08:00,RUN_20260914_120952,207,2591267,SESSION_003,0,0,8191,2,25.77,71.82,1007.72,196.7,1,EMPTY
2026-09-14T12:30:22.134+08:00,RUN_20260914_120952,208,2592267,SESSION_003,0,0,8191,2,25.77,71.83,1007.72,196.7,1,EMPTY
2026-09-14T12:30:23.134+08:00,RUN_20260914_120952,209,2593267,SESSION_003,0,0,8191,2,25.77,71.86,1007.72,196.7,1,EMPTY
2026-09-14T12:30:24.134+08:00,RUN_20260914_120952,210,2594267,SESSION_003,0,0,8191,2,25.77,71.82,1007.71,196.7,1,EMPTY
2026-09-14T12:30:25.134+08:00,RUN_20260914_120952,211,2595267,SESSION_003,0,0,8191,2,25.77,71.87,1007.71,196.7,1,EMPTY
2026-09-14T12:30:26.134+08:00,RUN_20260914_120952,212,2596267,SESSION_003,0,0,8191,2,25.77,71.94,1007.71,196.7,1,EMPTY
2026-09-14T12:30:27.134+08:00,RUN_20260914_120952,213,2597267,SESSION_003,0,0,8191,2,25.77,71.91,1007.71,197.5,1,EMPTY
2026-09-14T12:30:28.134+08:00,RUN_20260914_120952,214,2598267,SESSION_003,0,0,8191,2,25.77,71.81,1007.72,196.7,1,EMPTY
2026-09-14T12:30:28.952+08:00,RUN_20260914_120952,215,2599085,SESSION_003,0,0,8190,4,25.77,71.81,1007.71,197.5,1,EMPTY
2026-09-14T12:30:30.138+08:00,RUN_20260914_120952,216,2600271,SESSION_003,0,0,8191,2,25.77,71.82,1007.71,196.7,1,EMPTY
2026-09-14T12:30:31.138+08:00,RUN_20260914_120952,217,2601271,SESSION_003,0,0,8191,2,25.77,71.82,1007.71,196.7,1,EMPTY
2026-09-14T12:30:32.138+08:00,RUN_20260914_120952,218,2602271,SESSION_003,0,0,8191,2,25.77,71.79,1007.71,196.7,1,EMPTY
2026-09-14T12:30:33.138+08:00,RUN_20260914_120952,219,2603271,SESSION_003,0,0,8191,2,25.77,71.86,1007.71,196.7,1,EMPTY
2026-09-14T12:30:34.138+08:00,RUN_20260914_120952,220,2604271,SESSION_003,0,0,8191,2,25.77,71.79,1007.71,196.7,1,EMPTY
2026-09-14T12:30:35.138+08:00,RUN_20260914_120952,221,2605271,SESSION_003,0,0,8191,2,25.77,71.77,1007.71,196.7,1,EMPTY
2026-09-14T12:30:36.138+08:00,RUN_20260914_120952,222,2606271,SESSION_003,0,0,8191,2,25.77,71.87,1007.71,196.7,1,EMPTY
2026-09-14T12:30:37.138+08:00,RUN_20260914_120952,223,2607271,SESSION_003,0,0,8191,2,25.77,71.87,1007.71,196.7,1,EMPTY
2026-09-14T12:30:38.138+08:00,RUN_20260914_120952,224,2608271,SESSION_003,0,0,8191,2,25.78,71.8,1007.71,196.7,1,EMPTY
2026-09-14T12:30:39.138+08:00,RUN_20260914_120952,225,2609271,SESSION_003,0,0,8191,2,25.78,71.75,1007.71,196.7,1,EMPTY
2026-09-14T12:30:40.138+08:00,RUN_20260914_120952,226,2610271,SESSION_003,0,0,8191,2,25.78,71.84,1007.71,196.7,1,EMPTY
2026-09-14T12:30:41.138+08:00,RUN_20260914_120952,227,2611271,SESSION_003,0,0,8191,2,25.78,71.83,1007.71,196.7,1,EMPTY
2026-09-14T12:30:42.138+08:00,RUN_20260914_120952,228,2612271,SESSION_003,0,0,8191,2,25.78,71.83,1007.71,196.7,1,EMPTY
2026-09-14T12:30:43.138+08:00,RUN_20260914_120952,229,2613271,SESSION_003,0,0,8191,2,25.78,71.8,1007.71,196.7,1,EMPTY
2026-09-14T12:30:44.138+08:00,RUN_20260914_120952,230,2614271,SESSION_003,0,0,8191,2,25.78,71.8,1007.71,196.7,1,EMPTY
2026-09-14T12:30:45.138+08:00,RUN_20260914_120952,231,2615271,SESSION_003,0,0,8191,2,25.78,71.82,1007.72,196.7,1,EMPTY
2026-09-14T12:30:46.138+08:00,RUN_20260914_120952,232,2616271,SESSION_003,0,0,8191,2,25.78,71.82,1007.71,196.7,1,EMPTY
2026-09-14T12:30:47.138+08:00,RUN_20260914_120952,233,2617271,SESSION_003,0,0,8191,2,25.78,71.8,1007.72,196.7,1,EMPTY
2026-09-14T12:30:48.138+08:00,RUN_20260914_120952,234,2618271,SESSION_003,0,0,8191,2,25.78,71.71,1007.71,196.7,1,EMPTY
2026-09-14T12:30:49.138+08:00,RUN_20260914_120952,235,2619271,SESSION_003,0,0,8191,2,25.78,71.8,1007.71,196.7,1,EMPTY
2026-09-14T12:30:50.138+08:00,RUN_20260914_120952,236,2620271,SESSION_003,0,0,8191,2,25.78,71.75,1007.71,196.7,1,EMPTY
2026-09-14T12:30:51.138+08:00,RUN_20260914_120952,237,2621271,SESSION_003,0,0,8191,2,25.78,71.74,1007.72,196.7,1,EMPTY
2026-09-14T12:30:52.138+08:00,RUN_20260914_120952,238,2622271,SESSION_003,0,0,8191,2,25.78,71.73,1007.72,196.7,1,EMPTY
2026-09-14T12:30:53.138+08:00,RUN_20260914_120952,239,2623271,SESSION_003,0,0,8191,2,25.78,71.74,1007.72,196.7,1,EMPTY
2026-09-14T12:30:54.138+08:00,RUN_20260914_120952,240,2624271,SESSION_003,0,0,8191,2,25.78,71.73,1007.72,196.7,1,EMPTY
2026-09-14T12:30:54.956+08:00,RUN_20260914_120952,241,2625089,SESSION_003,0,0,8190,4,25.78,71.82,1007.72,196.7,1,EMPTY
2026-09-14T12:30:56.142+08:00,RUN_20260914_120952,242,2626275,SESSION_003,0,0,8191,2,25.78,71.82,1007.72,196.7,1,EMPTY
2026-09-14T12:30:57.142+08:00,RUN_20260914_120952,243,2627275,SESSION_003,0,0,8191,2,25.78,71.75,1007.72,196.7,1,EMPTY
2026-09-14T12:30:58.142+08:00,RUN_20260914_120952,244,2628275,SESSION_003,0,0,8191,2,25.78,71.78,1007.72,196.7,1,EMPTY
2026-09-14T12:30:59.142+08:00,RUN_20260914_120952,245,2629275,SESSION_003,0,0,8191,2,25.78,71.82,1007.72,196.7,1,EMPTY
2026-09-14T12:31:00.142+08:00,RUN_20260914_120952,246,2630275,SESSION_003,0,0,8191,2,25.78,71.82,1007.72,196.7,1,EMPTY
2026-09-14T12:31:01.142+08:00,RUN_20260914_120952,247,2631275,SESSION_003,0,0,8191,2,25.78,71.83,1007.72,196.7,1,EMPTY
2026-09-14T12:31:02.142+08:00,RUN_20260914_120952,248,2632275,SESSION_003,0,0,8191,2,25.78,71.81,1007.73,196.7,1,EMPTY
2026-09-14T12:31:03.142+08:00,RUN_20260914_120952,249,2633275,SESSION_003,0,0,8191,2,25.78,71.75,1007.73,196.7,1,EMPTY
2026-09-14T12:31:04.142+08:00,RUN_20260914_120952,250,2634275,SESSION_003,0,0,8191,2,25.78,71.75,1007.72,196.7,1,EMPTY
2026-09-14T12:31:05.142+08:00,RUN_20260914_120952,251,2635275,SESSION_003,0,0,8191,2,25.78,71.82,1007.72,196.7,1,EMPTY
2026-09-14T12:31:06.142+08:00,RUN_20260914_120952,252,2636275,SESSION_003,0,0,8191,2,25.79,71.83,1007.73,196.7,1,EMPTY
2026-09-14T12:31:07.142+08:00,RUN_20260914_120952,253,2637275,SESSION_003,0,0,8191,2,25.79,71.85,1007.73,196.7,1,EMPTY
2026-09-14T12:31:08.142+08:00,RUN_20260914_120952,254,2638275,SESSION_003,0,0,8191,2,25.79,71.75,1007.73,196.7,1,EMPTY
2026-09-14T12:31:09.142+08:00,RUN_20260914_120952,255,2639275,SESSION_003,0,0,8191,2,25.79,71.73,1007.73,196.7,1,EMPTY
2026-09-14T12:31:10.142+08:00,RUN_20260914_120952,256,2640275,SESSION_003,0,0,8191,2,25.78,71.78,1007.72,196.7,1,EMPTY
2026-09-14T12:31:11.142+08:00,RUN_20260914_120952,257,2641275,SESSION_003,0,0,8191,2,25.78,71.74,1007.72,196.7,1,EMPTY
2026-09-14T12:31:12.142+08:00,RUN_20260914_120952,258,2642275,SESSION_003,0,0,8191,2,25.78,71.8,1007.72,196.7,1,EMPTY
2026-09-14T12:31:13.142+08:00,RUN_20260914_120952,259,2643275,SESSION_003,0,0,8191,2,25.79,71.83,1007.73,196.7,1,EMPTY
2026-09-14T12:31:14.142+08:00,RUN_20260914_120952,260,2644275,SESSION_003,0,0,8191,2,25.78,71.76,1007.72,196.7,1,EMPTY
2026-09-14T12:31:15.142+08:00,RUN_20260914_120952,261,2645275,SESSION_003,0,0,8191,2,25.78,71.74,1007.72,196.7,1,EMPTY
2026-09-14T12:31:16.142+08:00,RUN_20260914_120952,262,2646275,SESSION_003,0,0,8191,2,25.78,71.7,1007.72,196.7,1,EMPTY
2026-09-14T12:31:17.142+08:00,RUN_20260914_120952,263,2647275,SESSION_003,0,0,8191,2,25.78,71.74,1007.72,196.7,1,EMPTY
2026-09-14T12:31:18.142+08:00,RUN_20260914_120952,264,2648275,SESSION_003,0,0,8191,2,25.78,71.73,1007.72,196.7,1,EMPTY
2026-09-14T12:31:19.142+08:00,RUN_20260914_120952,265,2649275,SESSION_003,0,0,8191,2,25.78,71.73,1007.72,196.7,1,EMPTY
2026-09-14T12:31:20.142+08:00,RUN_20260914_120952,266,2650275,SESSION_003,0,0,8191,2,25.78,71.8,1007.72,196.7,1,EMPTY
2026-09-14T12:31:21.142+08:00,RUN_20260914_120952,267,2651275,SESSION_003,0,0,8191,2,25.78,71.78,1007.72,196.7,1,EMPTY
2026-09-14T12:31:22.142+08:00,RUN_20260914_120952,268,2652275,SESSION_003,0,0,8191,2,25.78,71.76,1007.72,196.7,1,EMPTY
2026-09-14T12:31:23.142+08:00,RUN_20260914_120952,269,2653275,SESSION_003,0,0,8191,2,25.78,71.68,1007.72,196.7,1,EMPTY
2026-09-14T12:31:24.142+08:00,RUN_20260914_120952,270,2654275,SESSION_003,0,0,8191,2,25.78,71.68,1007.72,196.7,1,EMPTY
2026-09-14T12:31:25.142+08:00,RUN_20260914_120952,271,2655275,SESSION_003,0,0,8191,2,25.78,71.73,1007.72,196.7,1,EMPTY
2026-09-14T12:31:26.142+08:00,RUN_20260914_120952,272,2656275,SESSION_003,0,0,8191,2,25.78,71.73,1007.72,196.7,1,EMPTY
2026-09-14T12:31:27.142+08:00,RUN_20260914_120952,273,2657275,SESSION_003,0,0,8191,2,25.78,71.75,1007.72,196.7,1,EMPTY
2026-09-14T12:31:28.142+08:00,RUN_20260914_120952,274,2658275,SESSION_003,0,0,8191,2,25.78,71.76,1007.72,196.7,1,EMPTY
2026-09-14T12:31:29.142+08:00,RUN_20260914_120952,275,2659275,SESSION_003,0,0,8191,2,25.78,71.73,1007.72,196.7,1,EMPTY
2026-09-14T12:31:30.142+08:00,RUN_20260914_120952,276,2660275,SESSION_003,0,0,8191,2,25.78,71.73,1007.72,196.7,1,EMPTY
2026-09-14T12:31:31.142+08:00,RUN_20260914_120952,277,2661275,SESSION_003,0,0,8191,2,25.78,71.73,1007.71,196.7,1,EMPTY
2026-09-14T12:31:32.142+08:00,RUN_20260914_120952,278,2662275,SESSION_003,0,0,8191,2,25.78,71.75,1007.71,196.7,1,EMPTY
2026-09-14T12:31:33.142+08:00,RUN_20260914_120952,279,2663275,SESSION_003,0,0,8191,2,25.78,71.74,1007.71,196.7,1,EMPTY
2026-09-14T12:31:34.142+08:00,RUN_20260914_120952,280,2664275,SESSION_003,0,0,8191,2,25.78,71.75,1007.72,196.7,1,EMPTY
2026-09-14T12:31:34.960+08:00,RUN_20260914_120952,281,2665093,SESSION_003,0,0,8190,4,25.78,71.75,1007.71,196.7,1,EMPTY
2026-09-14T12:31:36.146+08:00,RUN_20260914_120952,282,2666279,SESSION_003,0,0,8191,2,25.78,71.83,1007.71,196.7,1,EMPTY
2026-09-14T12:31:37.146+08:00,RUN_20260914_120952,283,2667279,SESSION_003,0,0,8191,2,25.78,71.84,1007.71,196.7,1,EMPTY
2026-09-14T12:31:38.146+08:00,RUN_20260914_120952,284,2668279,SESSION_003,0,0,8191,2,25.78,71.83,1007.71,196.7,1,EMPTY
2026-09-14T12:31:39.146+08:00,RUN_20260914_120952,285,2669279,SESSION_003,0,0,8191,2,25.78,71.83,1007.71,196.7,1,EMPTY
2026-09-14T12:31:40.146+08:00,RUN_20260914_120952,286,2670279,SESSION_003,0,0,8191,2,25.78,71.84,1007.71,196.7,1,EMPTY
2026-09-14T12:31:41.146+08:00,RUN_20260914_120952,287,2671279,SESSION_003,0,0,8191,2,25.78,71.86,1007.71,196.7,1,EMPTY
2026-09-14T12:31:42.146+08:00,RUN_20260914_120952,288,2672279,SESSION_003,0,0,8191,2,25.77,71.84,1007.71,196.7,1,EMPTY
2026-09-14T12:31:43.146+08:00,RUN_20260914_120952,289,2673279,SESSION_003,0,0,8191,2,25.77,71.76,1007.71,196.7,1,EMPTY
2026-09-14T12:31:44.146+08:00,RUN_20260914_120952,290,2674279,SESSION_003,0,0,8191,2,25.77,71.76,1007.71,196.7,1,EMPTY
2026-09-14T12:31:44.964+08:00,RUN_20260914_120952,291,2675097,SESSION_003,0,0,8190,4,25.77,71.77,1007.72,196.7,1,EMPTY
2026-09-14T12:31:46.150+08:00,RUN_20260914_120952,292,2676283,SESSION_003,0,0,8191,2,25.77,71.78,1007.71,196.7,1,EMPTY
2026-09-14T12:31:47.150+08:00,RUN_20260914_120952,293,2677283,SESSION_003,0,0,8191,2,25.77,71.78,1007.72,196.7,1,EMPTY
2026-09-14T12:31:48.150+08:00,RUN_20260914_120952,294,2678283,SESSION_003,0,0,8191,2,25.77,71.78,1007.72,196.7,1,EMPTY
2026-09-14T12:31:49.150+08:00,RUN_20260914_120952,295,2679283,SESSION_003,0,0,8191,2,25.77,71.78,1007.72,196.7,1,EMPTY
2026-09-14T12:31:50.150+08:00,RUN_20260914_120952,296,2680283,SESSION_003,0,0,8191,2,25.77,71.77,1007.72,196.7,1,EMPTY
2026-09-14T12:31:51.150+08:00,RUN_20260914_120952,297,2681283,SESSION_003,0,0,8191,2,25.77,71.76,1007.72,196.7,1,EMPTY
2026-09-14T12:31:51.968+08:00,RUN_20260914_120952,298,2682101,SESSION_003,0,0,8190,4,25.77,71.77,1007.72,196.7,1,EMPTY
2026-09-14T12:31:53.154+08:00,RUN_20260914_120952,299,2683287,SESSION_003,0,0,8191,2,25.77,71.84,1007.72,196.7,1,EMPTY
2026-09-14T12:31:54.154+08:00,RUN_20260914_120952,300,2684287,SESSION_003,0,0,8191,2,25.77,71.76,1007.71,196.7,1,EMPTY
2026-09-14T12:31:55.154+08:00,RUN_20260914_120952,301,2685287,SESSION_003,0,0,8191,2,25.77,71.76,1007.71,196.7,1,EMPTY
2026-09-14T12:31:56.154+08:00,RUN_20260914_120952,302,2686287,SESSION_003,0,0,8191,2,25.77,71.77,1007.71,195.8,1,EMPTY
2026-09-14T12:31:57.154+08:00,RUN_20260914_120952,303,2687287,SESSION_003,0,0,8191,2,25.77,71.83,1007.71,196.7,1,EMPTY
2026-09-14T12:31:57.972+08:00,RUN_20260914_120952,304,2688105,SESSION_003,0,0,8190,4,25.77,71.78,1007.71,196.7,1,EMPTY
2026-09-14T12:31:59.158+08:00,RUN_20260914_120952,305,2689291,SESSION_003,0,0,8191,2,25.77,71.78,1007.71,196.7,1,EMPTY
2026-09-14T12:31:59.976+08:00,RUN_20260914_120952,306,2690109,SESSION_003,0,0,8190,4,25.77,71.8,1007.71,196.7,1,EMPTY
2026-09-14T12:32:01.162+08:00,RUN_20260914_120952,307,2691295,SESSION_003,0,0,8191,2,25.77,71.81,1007.71,196.7,1,EMPTY
2026-09-14T12:32:02.162+08:00,RUN_20260914_120952,308,2692295,SESSION_003,0,0,8191,2,25.77,71.78,1007.71,196.7,1,EMPTY
2026-09-14T12:32:03.162+08:00,RUN_20260914_120952,309,2693295,SESSION_003,0,0,8191,2,25.77,71.78,1007.71,195.8,1,EMPTY
2026-09-14T12:32:04.162+08:00,RUN_20260914_120952,310,2694295,SESSION_003,0,0,8191,2,25.76,71.85,1007.7,195.8,1,EMPTY
2026-09-14T12:32:05.162+08:00,RUN_20260914_120952,311,2695295,SESSION_003,0,0,8191,2,25.76,71.88,1007.71,196.7,1,EMPTY
2026-09-14T12:32:06.162+08:00,RUN_20260914_120952,312,2696295,SESSION_003,0,0,8191,2,25.76,71.89,1007.71,196.7,1,EMPTY
2026-09-14T12:32:07.162+08:00,RUN_20260914_120952,313,2697295,SESSION_003,0,0,8191,2,25.76,71.89,1007.71,195.8,1,EMPTY
2026-09-14T12:32:08.162+08:00,RUN_20260914_120952,314,2698295,SESSION_003,0,0,8191,2,25.76,71.91,1007.71,196.7,1,EMPTY
2026-09-14T12:32:09.162+08:00,RUN_20260914_120952,315,2699295,SESSION_003,0,0,8191,2,25.76,71.9,1007.71,196.7,1,EMPTY
2026-09-14T12:32:10.162+08:00,RUN_20260914_120952,316,2700295,SESSION_003,0,0,8191,2,25.76,71.9,1007.71,196.7,1,EMPTY
2026-09-14T12:32:11.162+08:00,RUN_20260914_120952,317,2701295,SESSION_003,0,0,8191,2,25.76,71.92,1007.71,196.7,1,EMPTY
2026-09-14T12:32:12.162+08:00,RUN_20260914_120952,318,2702295,SESSION_003,0,0,8191,2,25.76,71.87,1007.71,196.7,1,EMPTY
2026-09-14T12:32:13.162+08:00,RUN_20260914_120952,319,2703295,SESSION_003,0,0,8191,2,25.76,71.87,1007.71,196.7,1,EMPTY
2026-09-14T12:32:13.980+08:00,RUN_20260914_120952,320,2704113,SESSION_003,0,0,8190,4,25.75,71.95,1007.71,196.7,1,EMPTY
2026-09-14T12:32:15.166+08:00,RUN_20260914_120952,321,2705299,SESSION_003,0,0,8191,2,25.75,71.95,1007.71,195.8,1,EMPTY
2026-09-14T12:32:16.166+08:00,RUN_20260914_120952,322,2706299,SESSION_003,0,0,8191,2,25.75,71.95,1007.71,196.7,1,EMPTY
2026-09-14T12:32:17.166+08:00,RUN_20260914_120952,323,2707299,SESSION_003,0,0,8191,2,25.75,71.89,1007.71,195.8,1,EMPTY
2026-09-14T12:32:18.166+08:00,RUN_20260914_120952,324,2708299,SESSION_003,0,0,8191,2,25.75,71.9,1007.72,196.7,1,EMPTY
2026-09-14T12:32:19.166+08:00,RUN_20260914_120952,325,2709299,SESSION_003,0,0,8191,2,25.75,71.9,1007.71,196.7,1,EMPTY
2026-09-14T12:32:20.166+08:00,RUN_20260914_120952,326,2710299,SESSION_003,0,0,8191,2,25.75,71.97,1007.72,196.7,1,EMPTY
2026-09-14T12:32:21.166+08:00,RUN_20260914_120952,327,2711299,SESSION_003,0,0,8191,2,25.75,71.9,1007.71,195.8,1,EMPTY
2026-09-14T12:32:22.166+08:00,RUN_20260914_120952,328,2712299,SESSION_003,0,0,8191,2,25.75,71.86,1007.71,195.8,1,EMPTY
2026-09-14T12:32:23.166+08:00,RUN_20260914_120952,329,2713299,SESSION_003,0,0,8191,2,25.75,71.96,1007.71,196.7,1,EMPTY
2026-09-14T12:32:24.166+08:00,RUN_20260914_120952,330,2714299,SESSION_003,0,0,8191,2,25.74,71.89,1007.71,195.8,1,EMPTY
2026-09-14T12:32:25.166+08:00,RUN_20260914_120952,331,2715299,SESSION_003,0,0,8191,2,25.74,71.91,1007.71,195.8,1,EMPTY
2026-09-14T12:32:26.166+08:00,RUN_20260914_120952,332,2716299,SESSION_003,0,0,8191,2,25.74,71.91,1007.71,195.8,1,EMPTY
2026-09-14T12:32:27.166+08:00,RUN_20260914_120952,333,2717299,SESSION_003,0,0,8191,2,25.74,71.92,1007.71,195.8,1,EMPTY
2026-09-14T12:32:28.166+08:00,RUN_20260914_120952,334,2718299,SESSION_003,0,0,8191,2,25.74,71.9,1007.71,196.7,1,EMPTY
2026-09-14T12:32:29.166+08:00,RUN_20260914_120952,335,2719299,SESSION_003,0,0,8191,2,25.74,72,1007.71,195.8,1,EMPTY
2026-09-14T12:32:29.984+08:00,RUN_20260914_120952,336,2720117,SESSION_003,0,0,8190,4,25.74,72.01,1007.71,195.8,1,EMPTY
2026-09-14T12:32:31.170+08:00,RUN_20260914_120952,337,2721303,SESSION_003,0,0,8191,2,25.74,72.01,1007.71,196.7,1,EMPTY
2026-09-14T12:32:32.170+08:00,RUN_20260914_120952,338,2722303,SESSION_003,0,0,8191,2,25.74,71.94,1007.71,195.8,1,EMPTY
2026-09-14T12:32:33.170+08:00,RUN_20260914_120952,339,2723303,SESSION_003,0,0,8191,2,25.74,71.92,1007.71,195.8,1,EMPTY
2026-09-14T12:32:34.170+08:00,RUN_20260914_120952,340,2724303,SESSION_003,0,0,8191,2,25.74,71.9,1007.71,195.8,1,EMPTY
2026-09-14T12:32:35.170+08:00,RUN_20260914_120952,341,2725303,SESSION_003,0,0,8191,2,25.74,71.97,1007.71,196.7,1,EMPTY
2026-09-14T12:32:36.170+08:00,RUN_20260914_120952,342,2726303,SESSION_003,0,0,8191,2,25.74,71.96,1007.71,195.8,1,EMPTY
2026-09-14T12:32:37.170+08:00,RUN_20260914_120952,343,2727303,SESSION_003,0,0,8191,2,25.74,71.85,1007.71,195.8,1,EMPTY
2026-09-14T12:32:38.170+08:00,RUN_20260914_120952,344,2728303,SESSION_003,0,0,8191,2,25.74,71.97,1007.71,195.8,1,EMPTY
2026-09-14T12:32:39.170+08:00,RUN_20260914_120952,345,2729303,SESSION_003,0,0,8190,4,25.73,71.9,1007.71,195.8,1,EMPTY
2026-09-14T12:32:40.170+08:00,RUN_20260914_120952,346,2730303,SESSION_003,0,0,8191,2,25.73,71.96,1007.71,195.8,1,EMPTY
2026-09-14T12:32:41.170+08:00,RUN_20260914_120952,347,2731303,SESSION_003,0,0,8191,2,25.73,71.93,1007.71,195.8,1,EMPTY
2026-09-14T12:32:42.170+08:00,RUN_20260914_120952,348,2732303,SESSION_003,0,0,8191,2,25.73,71.94,1007.71,195.8,1,EMPTY
2026-09-14T12:32:43.170+08:00,RUN_20260914_120952,349,2733303,SESSION_003,0,0,8191,2,25.73,71.97,1007.71,195.8,1,EMPTY
2026-09-14T12:32:44.170+08:00,RUN_20260914_120952,350,2734303,SESSION_003,0,0,8191,2,25.73,71.94,1007.71,195.8,1,EMPTY
2026-09-14T12:32:45.170+08:00,RUN_20260914_120952,351,2735303,SESSION_003,0,0,8191,2,25.73,71.92,1007.71,195.8,1,EMPTY
2026-09-14T12:32:46.170+08:00,RUN_20260914_120952,352,2736303,SESSION_003,0,0,8191,2,25.73,71.84,1007.71,195.8,1,EMPTY
2026-09-14T12:32:47.170+08:00,RUN_20260914_120952,353,2737303,SESSION_003,0,0,8191,2,25.73,71.94,1007.71,195.8,1,EMPTY
2026-09-14T12:32:48.170+08:00,RUN_20260914_120952,354,2738303,SESSION_003,0,0,8191,2,25.73,71.93,1007.71,196.7,1,EMPTY
2026-09-14T12:32:48.988+08:00,RUN_20260914_120952,355,2739121,SESSION_003,0,0,8190,4,25.73,71.96,1007.71,196.7,1,EMPTY
2026-09-14T12:32:50.174+08:00,RUN_20260914_120952,356,2740307,SESSION_003,0,0,8191,2,25.73,71.89,1007.71,195.8,1,EMPTY
2026-09-14T12:32:51.174+08:00,RUN_20260914_120952,357,2741307,SESSION_003,0,0,8191,2,25.74,71.87,1007.71,195.8,1,EMPTY
2026-09-14T12:32:52.174+08:00,RUN_20260914_120952,358,2742307,SESSION_003,0,0,8191,2,25.74,71.89,1007.71,195.8,1,EMPTY
2026-09-14T12:32:53.174+08:00,RUN_20260914_120952,359,2743307,SESSION_003,0,0,8191,2,25.74,71.93,1007.71,195.8,1,EMPTY
2026-09-14T12:32:54.174+08:00,RUN_20260914_120952,360,2744307,SESSION_003,0,0,8191,2,25.74,71.91,1007.71,195.8,1,EMPTY
2026-09-14T12:32:55.174+08:00,RUN_20260914_120952,361,2745307,SESSION_003,0,0,8191,2,25.74,71.92,1007.71,196.7,1,EMPTY
2026-09-14T12:32:56.174+08:00,RUN_20260914_120952,362,2746307,SESSION_003,0,0,8191,2,25.74,71.92,1007.7,195.8,1,EMPTY
2026-09-14T12:32:57.174+08:00,RUN_20260914_120952,363,2747307,SESSION_003,0,0,8191,2,25.74,71.96,1007.71,195.8,1,EMPTY
2026-09-14T12:32:58.174+08:00,RUN_20260914_120952,364,2748307,SESSION_003,0,0,8191,2,25.74,71.89,1007.71,195.8,1,EMPTY
2026-09-14T12:32:59.174+08:00,RUN_20260914_120952,365,2749307,SESSION_003,0,0,8191,2,25.74,71.86,1007.71,195.8,1,EMPTY
2026-09-14T12:33:00.174+08:00,RUN_20260914_120952,366,2750307,SESSION_003,0,0,8191,2,25.74,71.87,1007.71,195.8,1,EMPTY
2026-09-14T12:33:01.174+08:00,RUN_20260914_120952,367,2751307,SESSION_003,0,0,8191,2,25.74,71.87,1007.71,195.8,1,EMPTY
2026-09-14T12:33:01.992+08:00,RUN_20260914_120952,368,2752125,SESSION_003,0,0,8190,4,25.74,71.86,1007.71,196.7,1,EMPTY
2026-09-14T12:33:03.178+08:00,RUN_20260914_120952,369,2753311,SESSION_003,0,0,8191,2,25.74,71.87,1007.71,195.8,1,EMPTY
2026-09-14T12:33:04.178+08:00,RUN_20260914_120952,370,2754311,SESSION_003,0,0,8191,2,25.74,71.89,1007.7,195.8,1,EMPTY
2026-09-14T12:33:05.178+08:00,RUN_20260914_120952,371,2755311,SESSION_003,0,0,8191,2,25.74,71.91,1007.7,195.8,1,EMPTY
2026-09-14T12:33:06.178+08:00,RUN_20260914_120952,372,2756311,SESSION_003,0,0,8191,2,25.74,71.96,1007.7,195.8,1,EMPTY
2026-09-14T12:33:07.178+08:00,RUN_20260914_120952,373,2757311,SESSION_003,0,0,8191,2,25.74,71.9,1007.7,195.8,1,EMPTY
2026-09-14T12:33:08.178+08:00,RUN_20260914_120952,374,2758311,SESSION_003,0,0,8191,2,25.74,71.9,1007.7,195.8,1,EMPTY
2026-09-14T12:33:09.178+08:00,RUN_20260914_120952,375,2759311,SESSION_003,0,0,8191,2,25.74,71.89,1007.7,195.8,1,EMPTY
2026-09-14T12:33:10.178+08:00,RUN_20260914_120952,376,2760311,SESSION_003,0,0,8191,2,25.74,71.86,1007.7,195.8,1,EMPTY
2026-09-14T12:33:11.178+08:00,RUN_20260914_120952,377,2761311,SESSION_003,0,0,8191,2,25.74,71.96,1007.7,195.8,1,EMPTY
2026-09-14T12:33:12.178+08:00,RUN_20260914_120952,378,2762311,SESSION_003,0,0,8191,2,25.74,71.87,1007.7,195.8,1,EMPTY
2026-09-14T12:33:13.178+08:00,RUN_20260914_120952,379,2763311,SESSION_003,0,0,8191,2,25.74,71.86,1007.7,195.8,1,EMPTY
2026-09-14T12:33:14.178+08:00,RUN_20260914_120952,380,2764311,SESSION_003,0,0,8191,2,25.74,71.89,1007.7,195.8,1,EMPTY
2026-09-14T12:33:15.178+08:00,RUN_20260914_120952,381,2765311,SESSION_003,0,0,8191,2,25.74,71.89,1007.7,195.8,1,EMPTY
2026-09-14T12:33:16.178+08:00,RUN_20260914_120952,382,2766311,SESSION_003,0,0,8191,2,25.74,71.89,1007.7,195.8,1,EMPTY
2026-09-14T12:33:17.178+08:00,RUN_20260914_120952,383,2767311,SESSION_003,0,0,8191,2,25.74,71.89,1007.69,195.8,1,EMPTY
2026-09-14T12:33:18.178+08:00,RUN_20260914_120952,384,2768311,SESSION_003,0,0,8191,2,25.74,71.87,1007.69,195.8,1,EMPTY
2026-09-14T12:33:19.178+08:00,RUN_20260914_120952,385,2769311,SESSION_003,0,0,8191,2,25.74,71.92,1007.69,195.8,1,EMPTY
2026-09-14T12:33:20.178+08:00,RUN_20260914_120952,386,2770311,SESSION_003,0,0,8191,2,25.74,71.99,1007.69,195.8,1,EMPTY
2026-09-14T12:33:21.178+08:00,RUN_20260914_120952,387,2771311,SESSION_003,0,0,8191,2,25.74,71.87,1007.69,195.8,1,EMPTY
2026-09-14T12:33:22.178+08:00,RUN_20260914_120952,388,2772311,SESSION_003,0,0,8191,2,25.74,71.96,1007.69,195.8,1,EMPTY
2026-09-14T12:33:23.178+08:00,RUN_20260914_120952,389,2773311,SESSION_003,0,0,8191,2,25.74,71.99,1007.69,195.8,1,EMPTY
2026-09-14T12:33:24.178+08:00,RUN_20260914_120952,390,2774311,SESSION_003,0,0,8191,2,25.74,71.98,1007.69,195.8,1,EMPTY
2026-09-14T12:33:24.996+08:00,RUN_20260914_120952,391,2775129,SESSION_003,0,0,8190,4,25.74,71.91,1007.69,195.8,1,EMPTY
2026-09-14T12:33:26.182+08:00,RUN_20260914_120952,392,2776315,SESSION_003,0,0,8191,2,25.74,71.94,1007.69,195.8,1,EMPTY
2026-09-14T12:33:27.182+08:00,RUN_20260914_120952,393,2777315,SESSION_003,0,0,8191,2,25.74,71.93,1007.69,195.8,1,EMPTY
2026-09-14T12:33:28.182+08:00,RUN_20260914_120952,394,2778315,SESSION_003,0,0,8191,2,25.74,71.96,1007.69,195.8,1,EMPTY
2026-09-14T12:33:29.182+08:00,RUN_20260914_120952,395,2779315,SESSION_003,0,0,8191,2,25.74,71.98,1007.69,195.8,1,EMPTY
2026-09-14T12:33:30.182+08:00,RUN_20260914_120952,396,2780315,SESSION_003,0,0,8191,2,25.74,71.96,1007.69,195.8,1,EMPTY
2026-09-14T12:33:31.182+08:00,RUN_20260914_120952,397,2781315,SESSION_003,0,0,8191,2,25.74,71.92,1007.69,195.8,1,EMPTY
2026-09-14T12:33:32.182+08:00,RUN_20260914_120952,398,2782315,SESSION_003,0,0,8191,2,25.74,72,1007.69,195.8,1,EMPTY
2026-09-14T12:33:33.182+08:00,RUN_20260914_120952,399,2783315,SESSION_003,0,0,8191,2,25.74,72.01,1007.69,195.8,1,EMPTY
2026-09-14T12:33:34.182+08:00,RUN_20260914_120952,400,2784315,SESSION_003,0,0,8191,2,25.74,71.91,1007.69,195.8,1,EMPTY
2026-09-14T12:33:35.182+08:00,RUN_20260914_120952,401,2785315,SESSION_003,0,0,8191,2,25.74,71.96,1007.69,195.8,1,EMPTY
2026-09-14T12:33:36.182+08:00,RUN_20260914_120952,402,2786315,SESSION_003,0,0,8191,2,25.74,72.04,1007.68,195.8,1,EMPTY
2026-09-14T12:33:37.182+08:00,RUN_20260914_120952,403,2787315,SESSION_003,0,0,8191,2,25.74,72.07,1007.69,195.8,1,EMPTY
2026-09-14T12:33:38.182+08:00,RUN_20260914_120952,404,2788315,SESSION_003,0,0,8191,2,25.74,72,1007.69,195.8,1,EMPTY
2026-09-14T12:33:39.182+08:00,RUN_20260914_120952,405,2789315,SESSION_003,0,0,8191,2,25.74,72.03,1007.69,195.8,1,EMPTY
2026-09-14T12:33:40.182+08:00,RUN_20260914_120952,406,2790315,SESSION_003,0,0,8191,2,25.74,71.94,1007.69,195.8,1,EMPTY
2026-09-14T12:33:41.182+08:00,RUN_20260914_120952,407,2791315,SESSION_003,0,0,8191,2,25.74,71.96,1007.69,195.8,1,EMPTY
2026-09-14T12:33:42.182+08:00,RUN_20260914_120952,408,2792315,SESSION_003,0,0,8191,2,25.73,71.96,1007.68,195.8,1,EMPTY
2026-09-14T12:33:43.182+08:00,RUN_20260914_120952,409,2793315,SESSION_003,0,0,8191,2,25.73,71.99,1007.68,195.8,1,EMPTY
2026-09-14T12:33:44.182+08:00,RUN_20260914_120952,410,2794315,SESSION_003,0,0,8191,2,25.73,71.96,1007.68,195.8,1,EMPTY
2026-09-14T12:33:45.182+08:00,RUN_20260914_120952,411,2795315,SESSION_003,0,0,8191,2,25.73,72,1007.68,195.8,1,EMPTY
2026-09-14T12:33:46.182+08:00,RUN_20260914_120952,412,2796315,SESSION_003,0,0,8191,2,25.73,72.06,1007.68,195.8,1,EMPTY
2026-09-14T12:33:47.182+08:00,RUN_20260914_120952,413,2797315,SESSION_003,0,0,8191,2,25.73,72.07,1007.68,195.8,1,EMPTY
2026-09-14T12:33:48.182+08:00,RUN_20260914_120952,414,2798315,SESSION_003,0,0,8191,2,25.73,71.98,1007.68,195.8,1,EMPTY
2026-09-14T12:33:49.182+08:00,RUN_20260914_120952,415,2799315,SESSION_003,0,0,8191,2,25.73,71.97,1007.68,195.8,1,EMPTY
2026-09-14T12:33:50.182+08:00,RUN_20260914_120952,416,2800315,SESSION_003,0,0,8191,2,25.73,71.94,1007.68,195.8,1,EMPTY
2026-09-14T12:33:51.182+08:00,RUN_20260914_120952,417,2801315,SESSION_003,0,0,8191,2,25.73,71.96,1007.68,195.8,1,EMPTY
2026-09-14T12:33:52.182+08:00,RUN_20260914_120952,418,2802315,SESSION_003,0,0,8191,2,25.73,71.93,1007.68,195.8,1,EMPTY
2026-09-14T12:33:53.182+08:00,RUN_20260914_120952,419,2803315,SESSION_003,0,0,8191,2,25.73,71.93,1007.68,195.8,1,EMPTY
2026-09-14T12:33:54.182+08:00,RUN_20260914_120952,420,2804315,SESSION_003,0,0,8191,2,25.73,71.92,1007.67,195.8,1,EMPTY
2026-09-14T12:33:55.182+08:00,RUN_20260914_120952,421,2805315,SESSION_003,0,0,8191,2,25.73,71.93,1007.67,195.8,1,EMPTY
2026-09-14T12:33:56.182+08:00,RUN_20260914_120952,422,2806315,SESSION_003,0,0,8191,2,25.73,71.93,1007.67,195.8,1,EMPTY
2026-09-14T12:33:57.182+08:00,RUN_20260914_120952,423,2807315,SESSION_003,0,0,8191,2,25.73,71.92,1007.67,195.8,1,EMPTY
2026-09-14T12:33:58.182+08:00,RUN_20260914_120952,424,2808315,SESSION_003,0,0,8191,2,25.73,71.94,1007.67,195.8,1,EMPTY
2026-09-14T12:33:59.182+08:00,RUN_20260914_120952,425,2809315,SESSION_003,0,0,8191,2,25.73,71.94,1007.67,195.8,1,EMPTY
2026-09-14T12:34:00.182+08:00,RUN_20260914_120952,426,2810315,SESSION_003,0,0,8191,2,25.73,72.04,1007.67,195.8,1,EMPTY
2026-09-14T12:34:01.182+08:00,RUN_20260914_120952,427,2811315,SESSION_003,0,0,8191,2,25.74,72.01,1007.67,195.8,1,EMPTY
2026-09-14T12:34:02.182+08:00,RUN_20260914_120952,428,2812315,SESSION_003,0,0,8191,2,25.74,71.94,1007.67,195.8,1,EMPTY
2026-09-14T12:34:03.182+08:00,RUN_20260914_120952,429,2813315,SESSION_003,0,0,8191,2,25.74,71.94,1007.67,195.8,1,EMPTY
2026-09-14T12:34:04.182+08:00,RUN_20260914_120952,430,2814315,SESSION_003,0,0,8191,2,25.74,71.92,1007.66,195.8,1,EMPTY
2026-09-14T12:34:05.182+08:00,RUN_20260914_120952,431,2815315,SESSION_003,0,0,8191,2,25.74,71.99,1007.66,195.8,1,EMPTY
2026-09-14T12:34:06.182+08:00,RUN_20260914_120952,432,2816315,SESSION_003,0,0,8191,2,25.74,72.01,1007.66,195.8,1,EMPTY
2026-09-14T12:34:07.182+08:00,RUN_20260914_120952,433,2817315,SESSION_003,0,0,8191,2,25.74,72.05,1007.66,195.8,1,EMPTY
2026-09-14T12:34:08.182+08:00,RUN_20260914_120952,434,2818315,SESSION_003,0,0,8191,2,25.74,72.07,1007.66,195.8,1,EMPTY
2026-09-14T12:34:09.182+08:00,RUN_20260914_120952,435,2819315,SESSION_003,0,0,8191,2,25.74,72.07,1007.66,195.8,1,EMPTY
2026-09-14T12:34:10.182+08:00,RUN_20260914_120952,436,2820315,SESSION_003,0,0,8191,2,25.74,72.11,1007.66,195.8,1,EMPTY
2026-09-14T12:34:11.182+08:00,RUN_20260914_120952,437,2821315,SESSION_003,0,0,8191,2,25.74,72.06,1007.66,195.8,1,EMPTY
2026-09-14T12:34:12.182+08:00,RUN_20260914_120952,438,2822315,SESSION_003,0,0,8191,2,25.74,71.96,1007.66,195.8,1,EMPTY
2026-09-14T12:34:13.182+08:00,RUN_20260914_120952,439,2823315,SESSION_003,0,0,8191,2,25.74,72.06,1007.66,195.8,1,EMPTY
2026-09-14T12:34:14.182+08:00,RUN_20260914_120952,440,2824315,SESSION_003,0,0,8191,2,25.74,71.99,1007.66,195.8,1,EMPTY
2026-09-14T12:34:15.182+08:00,RUN_20260914_120952,441,2825315,SESSION_003,0,0,8191,2,25.74,71.98,1007.66,195.8,1,EMPTY
2026-09-14T12:34:16.182+08:00,RUN_20260914_120952,442,2826315,SESSION_003,0,0,8191,2,25.74,72,1007.66,195.8,1,EMPTY
2026-09-14T12:34:17.182+08:00,RUN_20260914_120952,443,2827315,SESSION_003,0,0,8191,2,25.74,72.07,1007.66,195.8,1,EMPTY
2026-09-14T12:34:18.182+08:00,RUN_20260914_120952,444,2828315,SESSION_003,0,0,8191,2,25.74,72.06,1007.66,195.8,1,EMPTY
2026-09-14T12:34:19.182+08:00,RUN_20260914_120952,445,2829315,SESSION_003,0,0,8191,2,25.74,72.05,1007.66,195.8,1,EMPTY
2026-09-14T12:34:20.182+08:00,RUN_20260914_120952,446,2830315,SESSION_003,0,0,8191,2,25.74,71.97,1007.66,195.8,1,EMPTY
2026-09-14T12:34:21.182+08:00,RUN_20260914_120952,447,2831315,SESSION_003,0,0,8191,2,25.74,72.05,1007.66,195.8,1,EMPTY
2026-09-14T12:34:22.182+08:00,RUN_20260914_120952,448,2832315,SESSION_003,0,0,8191,2,25.74,72.05,1007.66,195.8,1,EMPTY
2026-09-14T12:34:23.182+08:00,RUN_20260914_120952,449,2833315,SESSION_003,0,0,8191,2,25.74,71.99,1007.66,195.8,1,EMPTY
2026-09-14T12:34:24.182+08:00,RUN_20260914_120952,450,2834315,SESSION_003,0,0,8191,2,25.74,72,1007.67,195.8,1,EMPTY
2026-09-14T12:34:25.182+08:00,RUN_20260914_120952,451,2835315,SESSION_003,0,0,8191,2,25.74,71.99,1007.67,195.8,1,EMPTY
2026-09-14T12:34:26.182+08:00,RUN_20260914_120952,452,2836315,SESSION_003,0,0,8191,2,25.74,71.99,1007.67,195.8,1,EMPTY
2026-09-14T12:34:27.182+08:00,RUN_20260914_120952,453,2837315,SESSION_003,0,0,8191,2,25.73,72.05,1007.66,195.8,1,EMPTY
2026-09-14T12:34:28.182+08:00,RUN_20260914_120952,454,2838315,SESSION_003,0,0,8191,2,25.73,72.03,1007.67,195.8,1,EMPTY
2026-09-14T12:34:29.182+08:00,RUN_20260914_120952,455,2839315,SESSION_003,0,0,8191,2,25.73,72.06,1007.67,195.8,1,EMPTY
2026-09-14T12:34:30.182+08:00,RUN_20260914_120952,456,2840315,SESSION_003,0,0,8191,2,25.73,72.1,1007.67,195.8,1,EMPTY
2026-09-14T12:34:31.000+08:00,RUN_20260914_120952,457,2841133,SESSION_003,0,0,8190,4,25.73,72.1,1007.67,195.8,1,EMPTY
2026-09-14T12:34:32.186+08:00,RUN_20260914_120952,458,2842319,SESSION_003,0,0,8191,2,25.73,72.01,1007.67,195.8,1,EMPTY
2026-09-14T12:34:33.186+08:00,RUN_20260914_120952,459,2843319,SESSION_003,0,0,8191,2,25.73,72,1007.67,195.8,1,EMPTY
2026-09-14T12:34:34.186+08:00,RUN_20260914_120952,460,2844319,SESSION_003,0,0,8191,2,25.73,72.09,1007.67,195.8,1,EMPTY
2026-09-14T12:34:35.186+08:00,RUN_20260914_120952,461,2845319,SESSION_003,0,0,8191,2,25.73,72.09,1007.67,195.8,1,EMPTY
2026-09-14T12:34:36.186+08:00,RUN_20260914_120952,462,2846319,SESSION_003,0,0,8191,2,25.73,72.03,1007.67,195.8,1,EMPTY
2026-09-14T12:34:37.186+08:00,RUN_20260914_120952,463,2847319,SESSION_003,0,0,8191,2,25.73,72.07,1007.67,195.8,1,EMPTY
2026-09-14T12:34:38.186+08:00,RUN_20260914_120952,464,2848319,SESSION_003,0,0,8191,2,25.73,72.06,1007.67,195.8,1,EMPTY
2026-09-14T12:34:39.186+08:00,RUN_20260914_120952,465,2849319,SESSION_003,0,0,8191,2,25.73,72.09,1007.67,195.8,1,EMPTY
2026-09-14T12:34:40.186+08:00,RUN_20260914_120952,466,2850319,SESSION_003,0,0,8191,2,25.73,72.07,1007.67,195.8,1,EMPTY
2026-09-14T12:34:41.186+08:00,RUN_20260914_120952,467,2851319,SESSION_003,0,0,8191,2,25.73,72.1,1007.67,195.8,1,EMPTY
2026-09-14T12:34:42.186+08:00,RUN_20260914_120952,468,2852319,SESSION_003,0,0,8191,2,25.73,72.1,1007.67,195.8,1,EMPTY
2026-09-14T12:34:43.186+08:00,RUN_20260914_120952,469,2853319,SESSION_003,0,0,8191,2,25.73,72,1007.67,195,1,EMPTY
2026-09-14T12:34:44.186+08:00,RUN_20260914_120952,470,2854319,SESSION_003,0,0,8191,2,25.73,72,1007.67,195,1,EMPTY
2026-09-14T12:34:45.186+08:00,RUN_20260914_120952,471,2855319,SESSION_003,0,0,8191,2,25.73,72.04,1007.67,195.8,1,EMPTY
2026-09-14T12:34:46.186+08:00,RUN_20260914_120952,472,2856319,SESSION_003,0,0,8191,2,25.73,72.1,1007.67,195.8,1,EMPTY
2026-09-14T12:34:47.186+08:00,RUN_20260914_120952,473,2857319,SESSION_003,0,0,8191,2,25.73,72,1007.66,195,1,EMPTY
2026-09-14T12:34:48.186+08:00,RUN_20260914_120952,474,2858319,SESSION_003,0,0,8191,2,25.73,72.03,1007.67,195,1,EMPTY
2026-09-14T12:34:49.186+08:00,RUN_20260914_120952,475,2859319,SESSION_003,0,0,8191,2,25.73,72.05,1007.67,195.8,1,EMPTY
2026-09-14T12:34:50.186+08:00,RUN_20260914_120952,476,2860319,SESSION_003,0,0,8191,2,25.73,72.04,1007.67,195,1,EMPTY
2026-09-14T12:34:51.186+08:00,RUN_20260914_120952,477,2861319,SESSION_003,0,0,8191,2,25.73,72.13,1007.66,195.8,1,EMPTY
2026-09-14T12:34:52.186+08:00,RUN_20260914_120952,478,2862319,SESSION_003,0,0,8191,2,25.73,72.04,1007.66,195.8,1,EMPTY
2026-09-14T12:34:53.186+08:00,RUN_20260914_120952,479,2863319,SESSION_003,0,0,8191,2,25.73,72.1,1007.66,195.8,1,EMPTY
2026-09-14T12:34:54.186+08:00,RUN_20260914_120952,480,2864319,SESSION_003,0,0,8191,2,25.73,72.08,1007.66,195,1,EMPTY
2026-09-14T12:34:55.186+08:00,RUN_20260914_120952,481,2865319,SESSION_003,0,0,8191,2,25.73,72.01,1007.66,195.8,1,EMPTY
2026-09-14T12:34:56.186+08:00,RUN_20260914_120952,482,2866319,SESSION_003,0,0,8191,2,25.73,72.07,1007.67,195,1,EMPTY
2026-09-14T12:34:57.186+08:00,RUN_20260914_120952,483,2867319,SESSION_003,0,0,8191,2,25.73,72.06,1007.67,195,1,EMPTY
2026-09-14T12:34:58.186+08:00,RUN_20260914_120952,484,2868319,SESSION_003,0,0,8191,2,25.73,72.05,1007.67,195,1,EMPTY
2026-09-14T12:34:59.004+08:00,RUN_20260914_120952,485,2869137,SESSION_003,0,0,8190,4,25.73,72.03,1007.67,195.8,1,EMPTY
2026-09-14T12:35:00.190+08:00,RUN_20260914_120952,486,2870323,SESSION_003,0,0,8191,2,25.73,71.99,1007.67,195.8,1,EMPTY
2026-09-14T12:35:01.190+08:00,RUN_20260914_120952,487,2871323,SESSION_003,0,0,8191,2,25.73,72.1,1007.67,195,1,EMPTY
2026-09-14T12:35:02.008+08:00,RUN_20260914_120952,488,2872141,SESSION_003,0,0,8190,4,25.73,72.04,1007.67,195.8,1,EMPTY
2026-09-14T12:35:03.194+08:00,RUN_20260914_120952,489,2873327,SESSION_003,0,0,8191,2,25.73,72.11,1007.67,195,1,EMPTY
2026-09-14T12:35:04.194+08:00,RUN_20260914_120952,490,2874327,SESSION_003,0,0,8191,2,25.73,72.13,1007.66,195,1,EMPTY
2026-09-14T12:35:05.194+08:00,RUN_20260914_120952,491,2875327,SESSION_003,0,0,8191,2,25.73,72.11,1007.67,195,1,EMPTY
2026-09-14T12:35:06.194+08:00,RUN_20260914_120952,492,2876327,SESSION_003,0,0,8191,2,25.73,72.11,1007.66,195,1,EMPTY
2026-09-14T12:35:07.194+08:00,RUN_20260914_120952,493,2877327,SESSION_003,0,0,8191,2,25.73,72.09,1007.67,195,1,EMPTY
2026-09-14T12:35:08.194+08:00,RUN_20260914_120952,494,2878327,SESSION_003,0,0,8190,4,25.73,72.11,1007.67,195,1,EMPTY
2026-09-14T12:35:09.194+08:00,RUN_20260914_120952,495,2879327,SESSION_003,0,0,8191,2,25.73,72.04,1007.67,195.8,1,EMPTY
2026-09-14T12:35:10.194+08:00,RUN_20260914_120952,496,2880327,SESSION_003,0,0,8191,2,25.73,72.09,1007.67,195,1,EMPTY
2026-09-14T12:35:11.194+08:00,RUN_20260914_120952,497,2881327,SESSION_003,0,0,8191,2,25.73,72.13,1007.67,195,1,EMPTY
2026-09-14T12:35:12.194+08:00,RUN_20260914_120952,498,2882327,SESSION_003,0,0,8191,2,25.73,72.02,1007.67,195,1,EMPTY
2026-09-14T12:35:13.194+08:00,RUN_20260914_120952,499,2883327,SESSION_003,0,0,8191,2,25.73,72.12,1007.67,195,1,EMPTY
2026-09-14T12:35:14.194+08:00,RUN_20260914_120952,500,2884327,SESSION_003,0,0,8191,2,25.73,72.11,1007.67,195,1,EMPTY
2026-09-14T12:35:15.194+08:00,RUN_20260914_120952,501,2885327,SESSION_003,0,0,8191,2,25.72,72.02,1007.67,195,1,EMPTY
2026-09-14T12:35:16.194+08:00,RUN_20260914_120952,502,2886327,SESSION_003,0,0,8191,2,25.72,72.02,1007.67,195,1,EMPTY
2026-09-14T12:35:17.194+08:00,RUN_20260914_120952,503,2887327,SESSION_003,0,0,8191,2,25.72,72.05,1007.67,195,1,EMPTY
2026-09-14T12:35:18.194+08:00,RUN_20260914_120952,504,2888327,SESSION_003,0,0,8191,2,25.72,72.13,1007.67,195,1,EMPTY
2026-09-14T12:35:19.194+08:00,RUN_20260914_120952,505,2889327,SESSION_003,0,0,8191,2,25.72,72.13,1007.67,195,1,EMPTY
2026-09-14T12:35:20.194+08:00,RUN_20260914_120952,506,2890327,SESSION_003,0,0,8191,2,25.72,72.14,1007.67,195,1,EMPTY
2026-09-14T12:35:21.194+08:00,RUN_20260914_120952,507,2891327,SESSION_003,0,0,8191,2,25.72,72.14,1007.67,195,1,EMPTY
2026-09-14T12:35:22.194+08:00,RUN_20260914_120952,508,2892327,SESSION_003,0,0,8191,2,25.72,72.02,1007.67,195,1,EMPTY
2026-09-14T12:35:23.194+08:00,RUN_20260914_120952,509,2893327,SESSION_003,0,0,8191,2,25.72,72.02,1007.67,195,1,EMPTY
2026-09-14T12:35:24.194+08:00,RUN_20260914_120952,510,2894327,SESSION_003,0,0,8191,2,25.73,72.05,1007.67,195,1,EMPTY
2026-09-14T12:35:25.194+08:00,RUN_20260914_120952,511,2895327,SESSION_003,0,0,8191,2,25.73,72.11,1007.67,195,1,EMPTY
2026-09-14T12:35:26.194+08:00,RUN_20260914_120952,512,2896327,SESSION_003,0,0,8191,2,25.73,72.11,1007.67,195,1,EMPTY
2026-09-14T12:35:27.194+08:00,RUN_20260914_120952,513,2897327,SESSION_003,0,0,8191,2,25.73,72.08,1007.67,195,1,EMPTY
2026-09-14T12:35:28.194+08:00,RUN_20260914_120952,514,2898327,SESSION_003,0,0,8191,2,25.72,72.01,1007.67,195,1,EMPTY
2026-09-14T12:35:29.194+08:00,RUN_20260914_120952,515,2899327,SESSION_003,0,0,8191,2,25.72,72.04,1007.67,195,1,EMPTY
2026-09-14T12:35:30.194+08:00,RUN_20260914_120952,516,2900327,SESSION_003,0,0,8191,2,25.72,72.02,1007.67,195,1,EMPTY
2026-09-14T12:35:31.194+08:00,RUN_20260914_120952,517,2901327,SESSION_003,0,0,8191,2,25.72,72.02,1007.67,195,1,EMPTY
2026-09-14T12:35:32.012+08:00,RUN_20260914_120952,518,2902145,SESSION_003,0,0,8190,4,25.72,72.04,1007.67,195,1,EMPTY
2026-09-14T12:35:33.198+08:00,RUN_20260914_120952,519,2903331,SESSION_003,0,0,8191,2,25.72,72.05,1007.67,195,1,EMPTY
2026-09-14T12:35:34.198+08:00,RUN_20260914_120952,520,2904331,SESSION_003,0,0,8191,2,25.72,72.05,1007.67,195,1,EMPTY
2026-09-14T12:35:35.198+08:00,RUN_20260914_120952,521,2905331,SESSION_003,0,0,8191,2,25.72,72.01,1007.67,195,1,EMPTY
2026-09-14T12:35:36.198+08:00,RUN_20260914_120952,522,2906331,SESSION_003,0,0,8191,2,25.72,72.02,1007.67,195,1,EMPTY
2026-09-14T12:35:37.016+08:00,RUN_20260914_120952,523,2907149,SESSION_003,0,0,8190,4,25.72,71.99,1007.67,195,1,EMPTY
2026-09-14T12:35:38.202+08:00,RUN_20260914_120952,524,2908335,SESSION_003,0,0,8191,2,25.72,71.99,1007.67,195,1,EMPTY
2026-09-14T12:35:39.202+08:00,RUN_20260914_120952,525,2909335,SESSION_003,0,0,8191,2,25.72,71.95,1007.67,195,1,EMPTY
2026-09-14T12:35:40.202+08:00,RUN_20260914_120952,526,2910335,SESSION_003,0,0,8191,2,25.72,72.08,1007.67,195,1,EMPTY
2026-09-14T12:35:41.202+08:00,RUN_20260914_120952,527,2911335,SESSION_003,0,0,8191,2,25.72,71.98,1007.67,195,1,EMPTY
2026-09-14T12:35:42.202+08:00,RUN_20260914_120952,528,2912335,SESSION_003,0,0,8191,2,25.72,72.07,1007.67,195,1,EMPTY
2026-09-14T12:35:43.202+08:00,RUN_20260914_120952,529,2913335,SESSION_003,0,0,8191,2,25.72,71.99,1007.67,195,1,EMPTY
2026-09-14T12:35:44.202+08:00,RUN_20260914_120952,530,2914335,SESSION_003,0,0,8191,2,25.72,72.06,1007.67,195,1,EMPTY
2026-09-14T12:35:45.202+08:00,RUN_20260914_120952,531,2915335,SESSION_003,0,0,8191,2,25.72,72.09,1007.67,195,1,EMPTY
2026-09-14T12:35:46.202+08:00,RUN_20260914_120952,532,2916335,SESSION_003,0,0,8191,2,25.72,72.1,1007.66,195,1,EMPTY
2026-09-14T12:35:47.202+08:00,RUN_20260914_120952,533,2917335,SESSION_003,0,0,8191,2,25.72,72.09,1007.66,195,1,EMPTY
2026-09-14T12:35:48.202+08:00,RUN_20260914_120952,534,2918335,SESSION_003,0,0,8191,2,25.72,72.09,1007.67,195,1,EMPTY
2026-09-14T12:35:49.202+08:00,RUN_20260914_120952,535,2919335,SESSION_003,0,0,8191,2,25.72,72.1,1007.67,195,1,EMPTY
2026-09-14T12:35:50.202+08:00,RUN_20260914_120952,536,2920335,SESSION_003,0,0,8191,2,25.72,72.1,1007.67,195,1,EMPTY
2026-09-14T12:35:51.202+08:00,RUN_20260914_120952,537,2921335,SESSION_003,0,0,8191,2,25.72,72.02,1007.67,195,1,EMPTY
2026-09-14T12:35:52.202+08:00,RUN_20260914_120952,538,2922335,SESSION_003,0,0,8191,2,25.72,72.02,1007.67,195,1,EMPTY
2026-09-14T12:35:53.202+08:00,RUN_20260914_120952,539,2923335,SESSION_003,0,0,8191,2,25.71,72.09,1007.66,195,1,EMPTY
2026-09-14T12:35:54.202+08:00,RUN_20260914_120952,540,2924335,SESSION_003,0,0,8191,2,25.71,72.01,1007.66,195,1,EMPTY
2026-09-14T12:35:55.202+08:00,RUN_20260914_120952,541,2925335,SESSION_003,0,0,8191,2,25.71,72.03,1007.66,195,1,EMPTY
2026-09-14T12:35:56.202+08:00,RUN_20260914_120952,542,2926335,SESSION_003,0,0,8191,2,25.71,72.15,1007.66,195,1,EMPTY
2026-09-14T12:35:57.202+08:00,RUN_20260914_120952,543,2927335,SESSION_003,0,0,8191,2,25.71,72.14,1007.67,195,1,EMPTY
2026-09-14T12:35:58.202+08:00,RUN_20260914_120952,544,2928335,SESSION_003,0,0,8191,2,25.71,72.12,1007.66,195,1,EMPTY
2026-09-14T12:35:59.202+08:00,RUN_20260914_120952,545,2929335,SESSION_003,0,0,8191,2,25.71,72.14,1007.66,195,1,EMPTY
2026-09-14T12:36:00.202+08:00,RUN_20260914_120952,546,2930335,SESSION_003,0,0,8191,2,25.71,72.05,1007.66,195,1,EMPTY
2026-09-14T12:36:01.202+08:00,RUN_20260914_120952,547,2931335,SESSION_003,0,0,8191,2,25.71,72.13,1007.66,195,1,EMPTY
2026-09-14T12:36:02.202+08:00,RUN_20260914_120952,548,2932335,SESSION_003,0,0,8191,2,25.71,72.14,1007.66,195,1,EMPTY
2026-09-14T12:36:03.202+08:00,RUN_20260914_120952,549,2933335,SESSION_003,0,0,8191,2,25.71,72.12,1007.66,195,1,EMPTY
2026-09-14T12:36:04.202+08:00,RUN_20260914_120952,550,2934335,SESSION_003,0,1,8191,2,25.71,72.12,1007.65,195.8,1,EMPTY
2026-09-14T12:36:05.202+08:00,RUN_20260914_120952,551,2935335,SESSION_003,0,1,8191,2,25.71,72.09,1007.65,195.8,1,EMPTY
2026-09-14T12:36:06.202+08:00,RUN_20260914_120952,552,2936335,SESSION_003,0,1,8191,2,25.71,72.09,1007.65,195,1,EMPTY
2026-09-14T12:36:07.202+08:00,RUN_20260914_120952,553,2937335,SESSION_003,0,0,8191,2,25.71,72.13,1007.65,195,1,EMPTY
2026-09-14T12:36:08.202+08:00,RUN_20260914_120952,554,2938335,SESSION_003,0,0,8191,2,25.71,72.08,1007.65,195,1,EMPTY
2026-09-14T12:36:09.202+08:00,RUN_20260914_120952,555,2939335,SESSION_003,0,0,8191,2,25.71,72,1007.65,195,1,EMPTY
2026-09-14T12:36:10.202+08:00,RUN_20260914_120952,556,2940335,SESSION_003,0,0,8191,2,25.71,72,1007.65,195,1,EMPTY
2026-09-14T12:36:11.202+08:00,RUN_20260914_120952,557,2941335,SESSION_003,0,0,8191,2,25.71,72,1007.65,195,1,EMPTY
2026-09-14T12:36:12.202+08:00,RUN_20260914_120952,558,2942335,SESSION_003,0,0,8191,2,25.71,72.03,1007.65,195,1,EMPTY
2026-09-14T12:36:13.202+08:00,RUN_20260914_120952,559,2943335,SESSION_003,0,1,8191,2,25.71,72.12,1007.65,194.2,1,EMPTY
2026-09-14T12:36:14.202+08:00,RUN_20260914_120952,560,2944335,SESSION_003,0,1,8191,2,25.71,72.15,1007.65,194.2,1,EMPTY
2026-09-14T12:36:15.202+08:00,RUN_20260914_120952,561,2945335,SESSION_003,0,1,8191,2,25.71,72.05,1007.65,194.2,1,EMPTY
2026-09-14T12:36:16.202+08:00,RUN_20260914_120952,562,2946335,SESSION_003,0,1,72,0,25.71,72.02,1007.65,189.2,1,EMPTY
2026-09-14T12:36:17.207+08:00,RUN_20260914_120952,563,2947340,SESSION_003,1,1,69,0,25.71,72.09,1007.65,195.8,1,EMPTY
2026-09-14T12:36:18.212+08:00,RUN_20260914_120952,564,2948345,SESSION_003,0,0,64,0,25.71,72.86,1007.65,197.5,1,EMPTY
2026-09-14T12:36:19.217+08:00,RUN_20260914_120952,565,2949350,SESSION_003,0,0,66,0,25.71,72.65,1007.65,196.7,1,EMPTY
2026-09-14T12:36:20.222+08:00,RUN_20260914_120952,566,2950355,SESSION_003,1,0,68,0,25.71,72.53,1007.65,195.8,1,EMPTY
2026-09-14T12:36:21.227+08:00,RUN_20260914_120952,567,2951360,SESSION_003,1,1,44,0,25.71,72.69,1007.65,195,1,EMPTY
