2026-09-14T13:35:45.159+08:00,RUN_20260914_120952,1,6515292,SESSION_004,0,0,23,0,25.75,75.85,1006.87,205,1,LOW
2026-09-14T13:35:45.982+08:00,RUN_20260914_120952,2,6516115,SESSION_004,1,0,8190,4,25.76,75.59,1006.87,201.7,1,LOW
2026-09-14T13:35:47.167+08:00,RUN_20260914_120952,3,6517300,SESSION_004,1,0,8191,2,25.76,76.2,1006.88,207.5,1,LOW
2026-09-14T13:35:48.172+08:00,RUN_20260914_120952,4,6518305,SESSION_004,1,0,8191,2,25.77,76.14,1006.88,207.5,1,LOW
2026-09-14T13:35:49.177+08:00,RUN_20260914_120952,5,6519310,SESSION_004,0,0,8191,2,25.77,75.37,1006.87,207.5,1,LOW
2026-09-14T13:35:50.000+08:00,RUN_20260914_120952,6,6520133,SESSION_004,0,0,8190,4,25.78,74.9,1006.88,207.5,1,LOW
2026-09-14T13:35:51.185+08:00,RUN_20260914_120952,7,6521318,SESSION_004,1,0,8191,2,25.78,74.27,1006.87,207.5,1,LOW
2026-09-14T13:35:52.190+08:00,RUN_20260914_120952,8,6522323,SESSION_004,0,0,8191,2,25.78,73.74,1006.87,207.5,1,LOW
2026-09-14T13:35:53.195+08:00,RUN_20260914_120952,9,6523328,SESSION_004,0,0,8191,2,25.78,73.64,1006.87,207.5,1,LOW
2026-09-14T13:35:54.018+08:00,RUN_20260914_120952,10,6524151,SESSION_004,0,0,8190,4,25.78,73.59,1006.87,207.5,1,LOW
2026-09-14T13:35:55.021+08:00,RUN_20260914_120952,11,6525154,SESSION_004,1,0,8190,4,25.79,73.58,1006.87,207.5,1,LOW
2026-09-14T13:35:56.206+08:00,RUN_20260914_120952,12,6526339,SESSION_004,0,0,8191,2,25.79,73.58,1006.87,207.5,1,LOW
2026-09-14T13:35:57.211+08:00,RUN_20260914_120952,13,6527344,SESSION_004,0,0,8191,2,25.79,73.6,1006.86,207.5,1,LOW
2026-09-14T13:35:58.216+08:00,RUN_20260914_120952,14,6528349,SESSION_004,0,0,8191,2,25.79,73.47,1006.86,207.5,1,LOW
2026-09-14T13:35:59.221+08:00,RUN_20260914_120952,15,6529354,SESSION_004,0,0,8191,2,25.79,73.36,1006.86,207.5,1,LOW
2026-09-14T13:36:00.226+08:00,RUN_20260914_120952,16,6530359,SESSION_004,0,0,8191,2,25.79,73.22,1006.86,207.5,1,LOW
2026-09-14T13:36:01.231+08:00,RUN_20260914_120952,17,6531364,SESSION_004,0,0,8191,2,25.79,73.19,1006.86,208.3,1,LOW
2026-09-14T13:36:02.236+08:00,RUN_20260914_120952,18,6532369,SESSION_004,1,0,8191,2,25.79,73.11,1006.86,207.5,1,LOW
2026-09-14T13:36:03.241+08:00,RUN_20260914_120952,19,6533374,SESSION_004,1,0,8191,2,25.79,73.09,1006.86,207.5,1,LOW
2026-09-14T13:36:04.246+08:00,RUN_20260914_120952,20,6534379,SESSION_004,0,0,8191,2,25.79,73.12,1006.86,208.3,1,LOW
2026-09-14T13:36:05.251+08:00,RUN_20260914_120952,21,6535384,SESSION_004,0,0,8191,2,25.79,73.09,1006.86,208.3,1,LOW
2026-09-14T13:36:06.074+08:00,RUN_20260914_120952,22,6536207,SESSION_004,1,0,8190,4,25.79,73.09,1006.86,208.3,1,LOW
2026-09-14T13:36:07.077+08:00,RUN_20260914_120952,23,6537210,SESSION_004,0,0,8190,4,25.79,72.99,1006.86,208.3,1,LOW
2026-09-14T13:36:08.262+08:00,RUN_20260914_120952,24,6538395,SESSION_004,0,0,8191,2,25.79,73.05,1006.86,208.3,1,LOW
2026-09-14T13:36:09.085+08:00,RUN_20260914_120952,25,6539218,SESSION_004,0,0,8190,4,25.79,72.98,1006.86,208.3,1,LOW
2026-09-14T13:36:10.270+08:00,RUN_20260914_120952,26,6540403,SESSION_004,0,0,8191,2,25.79,73.01,1006.87,208.3,1,LOW
2026-09-14T13:36:11.093+08:00,RUN_20260914_120952,27,6541226,SESSION_004,0,0,8190,4,25.79,72.96,1006.86,208.3,1,LOW
2026-09-14T13:36:12.278+08:00,RUN_20260914_120952,28,6542411,SESSION_004,1,0,8191,2,25.79,73.01,1006.86,208.3,1,LOW
2026-09-14T13:36:13.101+08:00,RUN_20260914_120952,29,6543234,SESSION_004,1,0,8190,4,25.79,73.01,1006.86,208.3,1,LOW
2026-09-14T13:36:14.104+08:00,RUN_20260914_120952,30,6544237,SESSION_004,0,0,8190,4,25.79,73,1006.86,208.3,1,LOW
2026-09-14T13:36:15.289+08:00,RUN_20260914_120952,31,6545422,SESSION_004,0,0,8191,2,25.79,72.91,1006.86,208.3,1,LOW
2026-09-14T13:36:16.294+08:00,RUN_20260914_120952,32,6546427,SESSION_004,0,0,8191,2,25.79,73.01,1006.86,208.3,1,LOW
2026-09-14T13:36:17.299+08:00,RUN_20260914_120952,33,6547432,SESSION_004,0,0,8191,2,25.79,73.01,1006.86,208.3,1,LOW
2026-09-14T13:36:18.122+08:00,RUN_20260914_120952,34,6548255,SESSION_004,0,0,8190,4,25.79,72.99,1006.86,208.3,1,LOW
2026-09-14T13:36:19.307+08:00,RUN_20260914_120952,35,6549440,SESSION_004,0,0,8191,2,25.79,72.92,1006.86,208.3,1,LOW
2026-09-14T13:36:20.130+08:00,RUN_20260914_120952,36,6550263,SESSION_004,0,0,8190,4,25.79,72.92,1006.86,208.3,1,LOW
2026-09-14T13:36:21.315+08:00,RUN_20260914_120952,37,6551448,SESSION_004,0,0,8191,2,25.79,72.89,1006.86,208.3,1,LOW
2026-09-14T13:36:22.320+08:00,RUN_20260914_120952,38,6552453,SESSION_004,0,0,8191,2,25.79,72.86,1006.86,208.3,1,LOW
2026-09-14T13:36:23.325+08:00,RUN_20260914_120952,39,6553458,SESSION_004,0,0,8191,2,25.79,72.85,1006.86,208.3,1,LOW
2026-09-14T13:36:24.330+08:00,RUN_20260914_120952,40,6554463,SESSION_004,0,0,8191,2,25.79,72.85,1006.86,208.3,1,LOW
2026-09-14T13:36:25.335+08:00,RUN_20260914_120952,41,6555468,SESSION_004,0,0,8191,2,25.79,72.82,1006.86,208.3,1,LOW
2026-09-14T13:36:26.158+08:00,RUN_20260914_120952,42,6556291,SESSION_004,0,0,8190,4,25.79,72.85,1006.86,208.3,1,LOW
2026-09-14T13:36:27.161+08:00,RUN_20260914_120952,43,6557294,SESSION_004,0,0,8190,4,25.79,72.86,1006.86,208.3,1,LOW
2026-09-14T13:36:28.346+08:00,RUN_20260914_120952,44,6558479,SESSION_004,0,0,8191,2,25.79,72.75,1006.86,208.3,1,LOW
2026-09-14T13:36:29.351+08:00,RUN_20260914_120952,45,6559484,SESSION_004,0,0,8191,2,25.79,72.71,1006.86,208.3,1,LOW
2026-09-14T13:36:30.174+08:00,RUN_20260914_120952,46,6560307,SESSION_004,0,0,8190,4,25.79,72.78,1006.86,208.3,1,LOW
2026-09-14T13:36:31.177+08:00,RUN_20260914_120952,47,6561310,SESSION_004,0,0,8190,4,25.79,72.79,1006.86,208.3,1,LOW
2026-09-14T13:36:32.362+08:00,RUN_20260914_120952,48,6562495,SESSION_004,0,0,8191,2,25.79,72.72,1006.86,208.3,1,LOW
2026-09-14T13:36:33.367+08:00,RUN_20260914_120952,49,6563500,SESSION_004,0,0,8191,2,25.78,72.69,1006.86,208.3,1,LOW
2026-09-14T13:36:34.372+08:00,RUN_20260914_120952,50,6564505,SESSION_004,1,0,8191,2,25.78,72.66,1006.86,208.3,1,LOW
2026-09-14T13:36:35.195+08:00,RUN_20260914_120952,51,6565328,SESSION_004,1,0,8190,4,25.78,72.67,1006.86,208.3,1,LOW
2026-09-14T13:36:36.380+08:00,RUN_20260914_120952,52,6566513,SESSION_004,0,0,8191,2,25.78,72.65,1006.86,208.3,1,LOW
2026-09-14T13:36:37.385+08:00,RUN_20260914_120952,53,6567518,SESSION_004,0,0,8191,2,25.78,72.65,1006.86,208.3,1,LOW
2026-09-14T13:36:38.390+08:00,RUN_20260914_120952,54,6568523,SESSION_004,1,0,8191,2,25.78,72.68,1006.86,208.3,1,LOW
2026-09-14T13:36:39.395+08:00,RUN_20260914_120952,55,6569528,SESSION_004,0,0,8191,2,25.78,72.64,1006.86,208.3,1,LOW
2026-09-14T13:36:40.218+08:00,RUN_20260914_120952,56,6570351,SESSION_004,0,0,8190,4,25.78,72.66,1006.86,208.3,1,LOW
2026-09-14T13:36:41.403+08:00,RUN_20260914_120952,57,6571536,SESSION_004,1,0,8191,2,25.78,72.56,1006.86,208.3,1,LOW
2026-09-14T13:36:42.226+08:00,RUN_20260914_120952,58,6572359,SESSION_004,1,0,8190,4,25.78,72.63,1006.86,208.3,1,LOW
2026-09-14T13:36:43.229+08:00,RUN_20260914_120952,59,6573362,SESSION_004,0,0,8190,4,25.78,72.62,1006.86,209.2,1,LOW
2026-09-14T13:36:44.414+08:00,RUN_20260914_120952,60,6574547,SESSION_004,0,0,8191,2,25.78,72.6,1006.86,210,1,LOW
2026-09-14T13:36:45.419+08:00,RUN_20260914_120952,61,6575552,SESSION_004,0,0,8191,2,25.77,72.6,1006.86,208.3,1,LOW
2026-09-14T13:36:46.424+08:00,RUN_20260914_120952,62,6576557,SESSION_004,0,0,8191,2,25.77,72.57,1006.86,208.3,1,LOW
2026-09-14T13:36:47.247+08:00,RUN_20260914_120952,63,6577380,SESSION_004,1,0,8190,4,25.77,72.54,1006.86,208.3,1,LOW
2026-09-14T13:36:48.432+08:00,RUN_20260914_120952,64,6578565,SESSION_004,0,0,8191,2,25.77,72.55,1006.86,208.3,1,LOW
2026-09-14T13:36:49.437+08:00,RUN_20260914_120952,65,6579570,SESSION_004,0,0,8191,2,25.77,72.55,1006.86,208.3,1,LOW
2026-09-14T13:36:50.442+08:00,RUN_20260914_120952,66,6580575,SESSION_004,0,0,8191,2,25.77,72.56,1006.86,208.3,1,LOW
2026-09-14T13:36:51.447+08:00,RUN_20260914_120952,67,6581580,SESSION_004,1,0,8191,2,25.77,72.57,1006.86,208.3,1,LOW
2026-09-14T13:36:52.270+08:00,RUN_20260914_120952,68,6582403,SESSION_004,0,0,8190,4,25.77,72.56,1006.86,208.3,1,LOW
2026-09-14T13:36:53.455+08:00,RUN_20260914_120952,69,6583588,SESSION_004,0,0,8191,2,25.77,72.56,1006.86,208.3,1,LOW
2026-09-14T13:36:54.278+08:00,RUN_20260914_120952,70,6584411,SESSION_004,0,0,8190,4,25.77,72.65,1006.86,208.3,1,LOW
2026-09-14T13:36:55.463+08:00,RUN_20260914_120952,71,6585596,SESSION_004,0,0,8191,2,25.77,72.56,1006.86,208.3,1,LOW
2026-09-14T13:36:56.468+08:00,RUN_20260914_120952,72,6586601,SESSION_004,0,0,8191,2,25.76,72.57,1006.86,207.5,1,LOW
2026-09-14T13:36:57.291+08:00,RUN_20260914_120952,73,6587424,SESSION_004,0,0,8190,4,25.76,72.55,1006.86,208.3,1,LOW
2026-09-14T13:36:58.476+08:00,RUN_20260914_120952,74,6588609,SESSION_004,0,0,8191,2,25.76,72.57,1006.86,208.3,1,LOW
2026-09-14T13:36:59.299+08:00,RUN_20260914_120952,75,6589432,SESSION_004,0,0,8190,4,25.76,72.63,1006.86,208.3,1,LOW
2026-09-14T13:37:00.484+08:00,RUN_20260914_120952,76,6590617,SESSION_004,0,0,8191,2,25.76,72.52,1006.86,208.3,1,LOW
2026-09-14T13:37:01.307+08:00,RUN_20260914_120952,77,6591440,SESSION_004,0,0,8190,4,25.76,72.54,1006.86,208.3,1,LOW
2026-09-14T13:37:02.492+08:00,RUN_20260914_120952,78,6592625,SESSION_004,0,0,8191,2,25.76,72.58,1006.86,208.3,1,LOW
2026-09-14T13:37:03.497+08:00,RUN_20260914_120952,79,6593630,SESSION_004,0,0,8191,2,25.76,72.62,1006.86,208.3,1,LOW
2026-09-14T13:37:04.320+08:00,RUN_20260914_120952,80,6594453,SESSION_004,0,0,8190,4,25.76,72.61,1006.86,208.3,1,LOW
2026-09-14T13:37:05.505+08:00,RUN_20260914_120952,81,6595638,SESSION_004,0,0,8191,2,25.76,72.54,1006.86,208.3,1,LOW
2026-09-14T13:37:06.510+08:00,RUN_20260914_120952,82,6596643,SESSION_004,0,0,8191,2,25.76,72.52,1006.86,208.3,1,LOW
2026-09-14T13:37:07.515+08:00,RUN_20260914_120952,83,6597648,SESSION_004,0,0,8191,2,25.76,72.54,1006.86,208.3,1,LOW
2026-09-14T13:37:08.520+08:00,RUN_20260914_120952,84,6598653,SESSION_004,1,0,8191,2,25.75,72.54,1006.86,208.3,1,LOW
2026-09-14T13:37:09.343+08:00,RUN_20260914_120952,85,6599476,SESSION_004,0,0,8190,4,25.75,72.56,1006.86,208.3,1,LOW
2026-09-14T13:37:10.346+08:00,RUN_20260914_120952,86,6600479,SESSION_004,0,0,8190,4,25.75,72.57,1006.86,208.3,1,LOW
2026-09-14T13:37:11.531+08:00,RUN_20260914_120952,87,6601664,SESSION_004,0,0,8191,2,25.75,72.64,1006.86,208.3,1,LOW
2026-09-14T13:37:12.536+08:00,RUN_20260914_120952,88,6602669,SESSION_004,1,0,8191,2,25.75,72.6,1006.86,208.3,1,LOW
2026-09-14T13:37:13.359+08:00,RUN_20260914_120952,89,6603492,SESSION_004,0,0,8190,4,25.75,72.6,1006.86,208.3,1,LOW
2026-09-14T13:37:14.362+08:00,RUN_20260914_120952,90,6604495,SESSION_004,0,0,8190,4,25.75,72.6,1006.86,208.3,1,LOW
2026-09-14T13:37:15.547+08:00,RUN_20260914_120952,91,6605680,SESSION_004,0,0,8191,2,25.75,72.57,1006.86,208.3,1,LOW
2026-09-14T13:37:16.370+08:00,RUN_20260914_120952,92,6606503,SESSION_004,0,0,8190,4,25.75,72.6,1006.86,208.3,1,LOW
2026-09-14T13:37:17.555+08:00,RUN_20260914_120952,93,6607688,SESSION_004,0,0,8191,2,25.74,72.7,1006.86,208.3,1,LOW
2026-09-14T13:37:18.560+08:00,RUN_20260914_120952,94,6608693,SESSION_004,1,0,8191,2,25.74,72.68,1006.86,208.3,1,LOW
2026-09-14T13:37:19.383+08:00,RUN_20260914_120952,95,6609516,SESSION_004,1,0,8190,4,25.74,72.66,1006.86,208.3,1,LOW
2026-09-14T13:37:20.568+08:00,RUN_20260914_120952,96,6610701,SESSION_004,0,0,8191,2,25.74,72.67,1006.86,208.3,1,LOW
2026-09-14T13:37:21.573+08:00,RUN_20260914_120952,97,6611706,SESSION_004,0,0,8191,2,25.74,72.66,1006.86,208.3,1,LOW
2026-09-14T13:37:22.578+08:00,RUN_20260914_120952,98,6612711,SESSION_004,0,0,8191,2,25.74,72.66,1006.86,208.3,1,LOW
2026-09-14T13:37:23.583+08:00,RUN_20260914_120952,99,6613716,SESSION_004,0,0,8191,2,25.74,72.66,1006.86,208.3,1,LOW
2026-09-14T13:37:24.588+08:00,RUN_20260914_120952,100,6614721,SESSION_004,0,0,8191,2,25.73,72.67,1006.86,208.3,1,LOW
2026-09-14T13:37:25.593+08:00,RUN_20260914_120952,101,6615726,SESSION_004,1,0,8191,2,25.73,72.58,1006.86,208.3,1,LOW
2026-09-14T13:37:26.416+08:00,RUN_20260914_120952,102,6616549,SESSION_004,0,0,8190,4,25.73,72.6,1006.86,208.3,1,LOW
2026-09-14T13:37:27.601+08:00,RUN_20260914_120952,103,6617734,SESSION_004,0,0,8191,2,25.73,72.68,1006.86,208.3,1,LOW
2026-09-14T13:37:28.424+08:00,RUN_20260914_120952,104,6618557,SESSION_004,0,0,8190,4,25.73,72.68,1006.86,208.3,1,LOW
2026-09-14T13:37:29.609+08:00,RUN_20260914_120952,105,6619742,SESSION_004,0,0,8191,2,25.73,72.71,1006.86,208.3,1,LOW
2026-09-14T13:37:30.614+08:00,RUN_20260914_120952,106,6620747,SESSION_004,1,0,8191,2,25.73,72.62,1006.86,208.3,1,LOW
2026-09-14T13:37:31.619+08:00,RUN_20260914_120952,107,6621752,SESSION_004,0,0,8191,2,25.73,72.63,1006.86,208.3,1,LOW
2026-09-14T13:37:32.624+08:00,RUN_20260914_120952,108,6622757,SESSION_004,0,0,8191,2,25.73,72.66,1006.86,208.3,1,LOW
2026-09-14T13:37:33.447+08:00,RUN_20260914_120952,109,6623580,SESSION_004,0,0,8190,4,25.72,72.76,1006.86,208.3,1,LOW
2026-09-14T13:37:34.632+08:00,RUN_20260914_120952,110,6624765,SESSION_004,1,0,8191,2,25.72,72.75,1006.86,208.3,1,LOW
2026-09-14T13:37:35.637+08:00,RUN_20260914_120952,111,6625770,SESSION_004,0,0,8191,2,25.72,72.74,1006.86,208.3,1,LOW
2026-09-14T13:37:36.642+08:00,RUN_20260914_120952,112,6626775,SESSION_004,0,0,8191,2,25.72,72.73,1006.86,208.3,1,LOW
2026-09-14T13:37:37.465+08:00,RUN_20260914_120952,113,6627598,SESSION_004,1,0,8190,4,25.72,72.61,1006.86,208.3,1,LOW
2026-09-14T13:37:38.468+08:00,RUN_20260914_120952,114,6628601,SESSION_004,1,0,8190,4,25.72,72.63,1006.86,208.3,1,LOW
2026-09-14T13:37:39.653+08:00,RUN_20260914_120952,115,6629786,SESSION_004,0,0,8191,2,25.72,72.67,1006.86,208.3,1,LOW
2026-09-14T13:37:40.658+08:00,RUN_20260914_120952,116,6630791,SESSION_004,0,0,8191,2,25.72,72.69,1006.86,208.3,1,LOW
2026-09-14T13:37:41.481+08:00,RUN_20260914_120952,117,6631614,SESSION_004,0,0,8190,4,25.72,72.74,1006.86,208.3,1,LOW
2026-09-14T13:37:42.666+08:00,RUN_20260914_120952,118,6632799,SESSION_004,1,0,8191,2,25.72,72.71,1006.86,208.3,1,LOW
2026-09-14T13:37:43.671+08:00,RUN_20260914_120952,119,6633804,SESSION_004,0,0,8191,2,25.72,72.62,1006.85,208.3,1,LOW
2026-09-14T13:37:44.676+08:00,RUN_20260914_120952,120,6634809,SESSION_004,0,0,8191,2,25.72,72.74,1006.86,208.3,1,LOW
2026-09-14T13:37:45.681+08:00,RUN_20260914_120952,121,6635814,SESSION_004,1,0,8191,2,25.72,72.76,1006.86,208.3,1,LOW
2026-09-14T13:37:46.686+08:00,RUN_20260914_120952,122,6636819,SESSION_004,0,0,8191,2,25.72,72.79,1006.85,208.3,1,LOW
2026-09-14T13:37:47.691+08:00,RUN_20260914_120952,123,6637824,SESSION_004,0,0,8191,2,25.72,72.68,1006.85,208.3,1,LOW
2026-09-14T13:37:48.514+08:00,RUN_20260914_120952,124,6638647,SESSION_004,0,0,8190,4,25.71,72.73,1006.85,208.3,1,LOW
2026-09-14T13:37:49.517+08:00,RUN_20260914_120952,125,6639650,SESSION_004,0,0,8190,4,25.71,72.75,1006.85,208.3,1,LOW
2026-09-14T13:37:50.702+08:00,RUN_20260914_120952,126,6640835,SESSION_004,0,0,8191,2,25.71,72.66,1006.85,208.3,1,LOW
2026-09-14T13:37:51.707+08:00,RUN_20260914_120952,127,6641840,SESSION_004,0,0,8191,2,25.71,72.67,1006.85,208.3,1,LOW
2026-09-14T13:37:52.712+08:00,RUN_20260914_120952,128,6642845,SESSION_004,0,0,8191,2,25.71,72.67,1006.85,208.3,1,LOW
2026-09-14T13:37:53.717+08:00,RUN_20260914_120952,129,6643850,SESSION_004,1,0,8191,2,25.71,72.77,1006.85,208.3,1,LOW
2026-09-14T13:37:54.540+08:00,RUN_20260914_120952,130,6644673,SESSION_004,1,0,8190,4,25.71,72.77,1006.85,208.3,1,LOW
2026-09-14T13:37:55.725+08:00,RUN_20260914_120952,131,6645858,SESSION_004,0,0,8191,2,25.71,72.68,1006.85,208.3,1,LOW
2026-09-14T13:37:56.548+08:00,RUN_20260914_120952,132,6646681,SESSION_004,0,0,8190,4,25.7,72.69,1006.85,208.3,1,LOW
2026-09-14T13:37:57.551+08:00,RUN_20260914_120952,133,6647684,SESSION_004,0,0,8190,4,25.7,72.73,1006.85,208.3,1,LOW
2026-09-14T13:37:58.554+08:00,RUN_20260914_120952,134,6648687,SESSION_004,0,0,8190,4,25.7,72.83,1006.85,208.3,1,LOW
2026-09-14T13:37:59.739+08:00,RUN_20260914_120952,135,6649872,SESSION_004,0,0,8191,2,25.7,72.83,1006.85,208.3,1,LOW
2026-09-14T13:38:00.562+08:00,RUN_20260914_120952,136,6650695,SESSION_004,0,0,8190,4,25.7,72.8,1006.85,208.3,1,LOW
2026-09-14T13:38:01.747+08:00,RUN_20260914_120952,137,6651880,SESSION_004,0,0,8191,2,25.7,72.84,1006.85,208.3,1,LOW
2026-09-14T13:38:02.752+08:00,RUN_20260914_120952,138,6652885,SESSION_004,0,0,8191,2,25.7,72.82,1006.85,208.3,1,LOW
2026-09-14T13:38:03.757+08:00,RUN_20260914_120952,139,6653890,SESSION_004,0,0,8191,2,25.7,72.74,1006.85,208.3,1,LOW
2026-09-14T13:38:04.580+08:00,RUN_20260914_120952,140,6654713,SESSION_004,0,0,8190,4,25.7,72.8,1006.85,208.3,1,LOW
2026-09-14T13:38:05.765+08:00,RUN_20260914_120952,141,6655898,SESSION_004,0,0,8191,2,25.7,72.8,1006.85,208.3,1,LOW
2026-09-14T13:38:06.770+08:00,RUN_20260914_120952,142,6656903,SESSION_004,0,0,8191,2,25.69,72.77,1006.84,208.3,1,LOW
2026-09-14T13:38:07.593+08:00,RUN_20260914_120952,143,6657726,SESSION_004,0,0,8190,4,25.69,72.69,1006.85,208.3,1,LOW
2026-09-14T13:38:08.778+08:00,RUN_20260914_120952,144,6658911,SESSION_004,0,0,8191,2,25.69,72.77,1006.85,208.3,1,LOW
2026-09-14T13:38:09.783+08:00,RUN_20260914_120952,145,6659916,SESSION_004,0,0,8191,2,25.69,72.67,1006.85,208.3,1,LOW
2026-09-14T13:38:10.788+08:00,RUN_20260914_120952,146,6660921,SESSION_004,1,0,8191,2,25.69,72.76,1006.85,208.3,1,LOW
2026-09-14T13:38:11.793+08:00,RUN_20260914_120952,147,6661926,SESSION_004,0,0,8191,2,25.69,72.77,1006.85,208.3,1,LOW
2026-09-14T13:38:12.616+08:00,RUN_20260914_120952,148,6662749,SESSION_004,0,0,8190,4,25.69,72.67,1006.85,208.3,1,LOW
2026-09-14T13:38:13.801+08:00,RUN_20260914_120952,149,6663934,SESSION_004,0,0,8191,2,25.69,72.75,1006.85,208.3,1,LOW
2026-09-14T13:38:14.624+08:00,RUN_20260914_120952,150,6664757,SESSION_004,0,0,8190,4,25.69,72.72,1006.85,208.3,1,LOW
2026-09-14T13:38:15.809+08:00,RUN_20260914_120952,151,6665942,SESSION_004,0,0,8191,2,25.69,72.76,1006.84,208.3,1,LOW
2026-09-14T13:38:16.814+08:00,RUN_20260914_120952,152,6666947,SESSION_004,1,0,8191,2,25.69,72.65,1006.84,208.3,1,LOW
2026-09-14T13:38:17.819+08:00,RUN_20260914_120952,153,6667952,SESSION_004,1,0,8191,2,25.69,72.65,1006.84,208.3,1,LOW
2026-09-14T13:38:18.824+08:00,RUN_20260914_120952,154,6668957,SESSION_004,0,0,8191,2,25.69,72.65,1006.84,208.3,1,LOW
2026-09-14T13:38:19.647+08:00,RUN_20260914_120952,155,6669780,SESSION_004,0,0,8190,4,25.69,72.67,1006.84,208.3,1,LOW
2026-09-14T13:38:20.832+08:00,RUN_20260914_120952,156,6670965,SESSION_004,0,0,8191,2,25.69,72.64,1006.84,208.3,1,LOW
2026-09-14T13:38:21.837+08:00,RUN_20260914_120952,157,6671970,SESSION_004,1,0,8191,2,25.69,72.75,1006.84,208.3,1,LOW
2026-09-14T13:38:22.842+08:00,RUN_20260914_120952,158,6672975,SESSION_004,0,0,8191,2,25.69,72.67,1006.85,208.3,1,LOW
2026-09-14T13:38:23.847+08:00,RUN_20260914_120952,159,6673980,SESSION_004,0,0,8191,2,25.69,72.67,1006.85,208.3,1,LOW
2026-09-14T13:38:24.852+08:00,RUN_20260914_120952,160,6674985,SESSION_004,1,0,8191,2,25.69,72.68,1006.85,208.3,1,LOW
2026-09-14T13:38:25.857+08:00,RUN_20260914_120952,161,6675990,SESSION_004,0,0,8191,2,25.69,72.68,1006.85,208.3,1,LOW
2026-09-14T13:38:26.680+08:00,RUN_20260914_120952,162,6676813,SESSION_004,0,0,8190,4,25.69,72.65,1006.84,208.3,1,LOW
2026-09-14T13:38:27.683+08:00,RUN_20260914_120952,163,6677816,SESSION_004,1,0,8190,4,25.69,72.67,1006.85,208.3,1,LOW
2026-09-14T13:38:28.868+08:00,RUN_20260914_120952,164,6679001,SESSION_004,1,0,8191,2,25.69,72.77,1006.85,208.3,1,LOW
2026-09-14T13:38:29.691+08:00,RUN_20260914_120952,165,6679824,SESSION_004,1,0,8190,4,25.69,72.7,1006.85,208.3,1,LOW
2026-09-14T13:38:30.876+08:00,RUN_20260914_120952,166,6681009,SESSION_004,1,0,8191,2,25.69,72.79,1006.85,208.3,1,LOW
2026-09-14T13:38:31.881+08:00,RUN_20260914_120952,167,6682014,SESSION_004,0,0,8191,2,25.68,72.71,1006.85,208.3,1,LOW
2026-09-14T13:38:32.704+08:00,RUN_20260914_120952,168,6682837,SESSION_004,0,0,8190,4,25.68,72.71,1006.84,208.3,1,LOW
2026-09-14T13:38:33.889+08:00,RUN_20260914_120952,169,6684022,SESSION_004,1,0,8191,2,25.68,72.7,1006.84,208.3,1,LOW
2026-09-14T13:38:34.712+08:00,RUN_20260914_120952,170,6684845,SESSION_004,0,0,8190,4,25.68,72.69,1006.85,208.3,1,LOW
2026-09-14T13:38:35.715+08:00,RUN_20260914_120952,171,6685848,SESSION_004,0,0,8190,4,25.68,72.79,1006.85,208.3,1,LOW
2026-09-14T13:38:36.900+08:00,RUN_20260914_120952,172,6687033,SESSION_004,1,0,8191,2,25.68,72.73,1006.85,208.3,1,LOW
2026-09-14T13:38:37.723+08:00,RUN_20260914_120952,173,6687856,SESSION_004,0,0,8190,4,25.68,72.71,1006.85,208.3,1,LOW
2026-09-14T13:38:38.908+08:00,RUN_20260914_120952,174,6689041,SESSION_004,0,0,8191,2,25.68,72.78,1006.85,208.3,1,LOW
2026-09-14T13:38:39.731+08:00,RUN_20260914_120952,175,6689864,SESSION_004,0,0,8190,4,25.68,72.79,1006.85,208.3,1,LOW
2026-09-14T13:38:40.916+08:00,RUN_20260914_120952,176,6691049,SESSION_004,1,0,8191,2,25.68,72.8,1006.85,208.3,1,LOW
2026-09-14T13:38:41.739+08:00,RUN_20260914_120952,177,6691872,SESSION_004,1,0,8190,4,25.67,72.75,1006.84,208.3,1,LOW
2026-09-14T13:38:42.924+08:00,RUN_20260914_120952,178,6693057,SESSION_004,0,0,8191,2,25.67,72.75,1006.84,208.3,1,LOW
2026-09-14T13:38:43.929+08:00,RUN_20260914_120952,179,6694062,SESSION_004,0,0,8191,2,25.67,72.75,1006.84,208.3,1,LOW
2026-09-14T13:38:44.934+08:00,RUN_20260914_120952,180,6695067,SESSION_004,1,0,8191,2,25.67,72.75,1006.84,208.3,1,LOW
2026-09-14T13:38:45.939+08:00,RUN_20260914_120952,181,6696072,SESSION_004,1,1,8191,2,25.68,72.79,1006.85,208.3,1,LOW
2026-09-14T13:38:46.944+08:00,RUN_20260914_120952,182,6697077,SESSION_004,0,1,8191,2,25.68,72.82,1006.85,208.3,1,LOW
2026-09-14T13:38:47.949+08:00,RUN_20260914_120952,183,6698082,SESSION_004,0,0,8191,2,25.68,72.75,1006.85,208.3,1,LOW
2026-09-14T13:38:48.954+08:00,RUN_20260914_120952,184,6699087,SESSION_004,1,0,8191,2,25.68,72.72,1006.85,208.3,1,LOW
2026-09-14T13:38:49.959+08:00,RUN_20260914_120952,185,6700092,SESSION_004,0,0,216,0,25.68,72.73,1006.85,208.3,1,LOW
2026-09-14T13:38:50.782+08:00,RUN_20260914_120952,186,6700915,SESSION_004,0,0,8190,4,25.68,72.71,1006.85,208.3,1,LOW
2026-09-14T13:38:51.785+08:00,RUN_20260914_120952,187,6701918,SESSION_004,1,0,8190,4,25.68,72.69,1006.85,208.3,1,LOW
2026-09-14T13:38:52.970+08:00,RUN_20260914_120952,188,6703103,SESSION_004,1,0,8191,2,25.68,72.73,1006.85,208.3,1,LOW
2026-09-14T13:38:53.975+08:00,RUN_20260914_120952,189,6704108,SESSION_004,1,0,8191,2,25.68,72.83,1006.85,208.3,1,LOW
2026-09-14T13:38:54.980+08:00,RUN_20260914_120952,190,6705113,SESSION_004,0,0,8191,2,25.68,72.88,1006.85,208.3,1,LOW
2026-09-14T13:38:55.798+08:00,RUN_20260914_120952,191,6705931,SESSION_004,0,0,8190,4,25.68,72.79,1006.84,209.2,1,LOW
2026-09-14T13:38:56.801+08:00,RUN_20260914_120952,192,6706934,SESSION_004,1,0,8190,4,25.68,72.9,1006.84,208.3,1,LOW
2026-09-14T13:38:57.986+08:00,RUN_20260914_120952,193,6708119,SESSION_004,0,0,8191,2,25.68,72.88,1006.84,208.3,1,LOW
2026-09-14T13:38:58.804+08:00,RUN_20260914_120952,194,6708937,SESSION_004,0,0,8190,4,25.68,72.78,1006.84,208.3,1,LOW
2026-09-14T13:38:59.807+08:00,RUN_20260914_120952,195,6709940,SESSION_004,0,0,8190,4,25.68,72.77,1006.84,208.3,1,LOW
2026-09-14T13:39:00.992+08:00,RUN_20260914_120952,196,6711125,SESSION_004,0,0,8191,2,25.68,72.75,1006.84,208.3,1,LOW
2026-09-14T13:39:01.815+08:00,RUN_20260914_120952,197,6711948,SESSION_004,1,0,8190,4,25.68,72.76,1006.84,208.3,1,LOW
2026-09-14T13:39:03.000+08:00,RUN_20260914_120952,198,6713133,SESSION_004,0,0,8191,2,25.68,72.76,1006.85,208.3,1,LOW
2026-09-14T13:39:03.823+08:00,RUN_20260914_120952,199,6713956,SESSION_004,0,0,8190,4,25.68,72.8,1006.85,208.3,1,LOW
2026-09-14T13:39:05.008+08:00,RUN_20260914_120952,200,6715141,SESSION_004,1,0,8191,2,25.68,72.78,1006.85,208.3,1,LOW
2026-09-14T13:39:05.831+08:00,RUN_20260914_120952,201,6715964,SESSION_004,0,0,8190,4,25.68,72.8,1006.85,209.2,1,LOW
2026-09-14T13:39:07.016+08:00,RUN_20260914_120952,202,6717149,SESSION_004,0,0,8191,2,25.68,72.8,1006.85,208.3,1,LOW
2026-09-14T13:39:07.839+08:00,RUN_20260914_120952,203,6717972,SESSION_004,0,0,8190,4,25.68,72.8,1006.85,208.3,1,LOW
2026-09-14T13:39:09.024+08:00,RUN_20260914_120952,204,6719157,SESSION_004,1,0,8191,2,25.68,72.76,1006.85,208.3,1,LOW
2026-09-14T13:39:10.029+08:00,RUN_20260914_120952,205,6720162,SESSION_004,0,0,8191,2,25.68,72.8,1006.85,208.3,1,LOW
2026-09-14T13:39:11.034+08:00,RUN_20260914_120952,206,6721167,SESSION_004,0,0,8191,2,25.68,72.73,1006.85,209.2,1,LOW
2026-09-14T13:39:11.857+08:00,RUN_20260914_120952,207,6721990,SESSION_004,0,0,8190,4,25.68,72.75,1006.85,208.3,1,LOW
2026-09-14T13:39:13.042+08:00,RUN_20260914_120952,208,6723175,SESSION_004,1,0,8191,2,25.68,72.73,1006.85,208.3,1,LOW
2026-09-14T13:39:14.047+08:00,RUN_20260914_120952,209,6724180,SESSION_004,1,0,8191,2,25.68,72.75,1006.84,208.3,1,LOW
2026-09-14T13:39:14.870+08:00,RUN_20260914_120952,210,6725003,SESSION_004,1,0,8190,4,25.68,72.73,1006.85,208.3,1,LOW
2026-09-14T13:39:15.873+08:00,RUN_20260914_120952,211,6726006,SESSION_004,0,0,8190,4,25.68,72.79,1006.85,208.3,1,LOW
2026-09-14T13:39:16.876+08:00,RUN_20260914_120952,212,6727009,SESSION_004,0,0,8190,4,25.67,72.73,1006.84,208.3,1,LOW
2026-09-14T13:39:17.879+08:00,RUN_20260914_120952,213,6728012,SESSION_004,1,0,8190,4,25.67,72.73,1006.84,208.3,1,LOW
2026-09-14T13:39:19.064+08:00,RUN_20260914_120952,214,6729197,SESSION_004,1,0,8191,2,25.67,72.76,1006.84,208.3,1,LOW
2026-09-14T13:39:20.069+08:00,RUN_20260914_120952,215,6730202,SESSION_004,0,0,8191,2,25.67,72.74,1006.84,208.3,1,LOW
2026-09-14T13:39:21.074+08:00,RUN_20260914_120952,216,6731207,SESSION_004,0,0,8191,2,25.67,72.71,1006.84,208.3,1,LOW
2026-09-14T13:39:22.079+08:00,RUN_20260914_120952,217,6732212,SESSION_004,1,0,8191,2,25.67,72.73,1006.84,208.3,1,LOW
2026-09-14T13:39:23.084+08:00,RUN_20260914_120952,218,6733217,SESSION_004,0,0,8191,2,25.67,72.72,1006.84,208.3,1,LOW
2026-09-14T13:39:24.089+08:00,RUN_20260914_120952,219,6734222,SESSION_004,0,0,8191,2,25.67,72.71,1006.84,208.3,1,LOW
2026-09-14T13:39:25.094+08:00,RUN_20260914_120952,220,6735227,SESSION_004,0,0,8191,2,25.67,72.75,1006.84,208.3,1,LOW
2026-09-14T13:39:25.917+08:00,RUN_20260914_120952,221,6736050,SESSION_004,1,0,8190,4,25.67,72.78,1006.84,208.3,1,LOW
2026-09-14T13:39:27.102+08:00,RUN_20260914_120952,222,6737235,SESSION_004,0,0,8191,2,25.67,72.75,1006.84,208.3,1,LOW
2026-09-14T13:39:28.107+08:00,RUN_20260914_120952,223,6738240,SESSION_004,0,0,8191,2,25.67,72.77,1006.84,208.3,1,LOW
2026-09-14T13:39:29.112+08:00,RUN_20260914_120952,224,6739245,SESSION_004,0,1,8191,2,25.67,72.68,1006.84,208.3,1,LOW
2026-09-14T13:39:30.117+08:00,RUN_20260914_120952,225,6740250,SESSION_004,0,0,8191,2,25.67,72.67,1006.84,208.3,1,LOW
2026-09-14T13:39:31.122+08:00,RUN_20260914_120952,226,6741255,SESSION_004,0,0,8191,2,25.67,72.67,1006.84,208.3,1,LOW
2026-09-14T13:39:32.127+08:00,RUN_20260914_120952,227,6742260,SESSION_004,0,0,8191,2,25.67,72.73,1006.84,208.3,1,LOW
2026-09-14T13:39:33.132+08:00,RUN_20260914_120952,228,6743265,SESSION_004,0,1,8191,2,25.67,72.74,1006.83,208.3,1,LOW
2026-09-14T13:39:33.955+08:00,RUN_20260914_120952,229,6744088,SESSION_004,0,0,8190,4,25.67,72.67,1006.83,208.3,1,LOW
2026-09-14T13:39:35.140+08:00,RUN_20260914_120952,230,6745273,SESSION_004,0,0,8191,2,25.67,72.69,1006.84,208.3,1,LOW
2026-09-14T13:39:35.963+08:00,RUN_20260914_120952,231,6746096,SESSION_004,0,1,8190,4,25.67,72.76,1006.84,208.3,1,LOW
2026-09-14T13:39:37.148+08:00,RUN_20260914_120952,232,6747281,SESSION_004,0,0,8191,2,25.67,72.73,1006.84,208.3,1,LOW
2026-09-14T13:39:38.153+08:00,RUN_20260914_120952,233,6748286,SESSION_004,0,0,8191,2,25.67,72.74,1006.83,208.3,1,LOW
2026-09-14T13:39:39.158+08:00,RUN_20260914_120952,234,6749291,SESSION_004,0,1,8191,2,25.67,72.83,1006.83,208.3,1,LOW
2026-09-14T13:39:39.981+08:00,RUN_20260914_120952,235,6750114,SESSION_004,0,0,8190,4,25.67,72.75,1006.83,208.3,1,LOW
2026-09-14T13:39:41.166+08:00,RUN_20260914_120952,236,6751299,SESSION_004,0,0,8191,2,25.67,72.72,1006.83,208.3,1,LOW
2026-09-14T13:39:41.989+08:00,RUN_20260914_120952,237,6752122,SESSION_004,0,0,8190,4,25.67,72.75,1006.83,208.3,1,LOW
2026-09-14T13:39:43.174+08:00,RUN_20260914_120952,238,6753307,SESSION_004,0,1,8191,2,25.68,72.71,1006.84,208.3,1,LOW
2026-09-14T13:39:44.179+08:00,RUN_20260914_120952,239,6754312,SESSION_004,0,0,8191,2,25.68,72.71,1006.84,208.3,1,LOW
2026-09-14T13:39:45.184+08:00,RUN_20260914_120952,240,6755317,SESSION_004,0,0,8191,2,25.68,72.66,1006.84,208.3,1,LOW
2026-09-14T13:39:46.189+08:00,RUN_20260914_120952,241,6756322,SESSION_004,0,1,8191,2,25.68,72.67,1006.84,208.3,1,LOW
2026-09-14T13:39:47.194+08:00,RUN_20260914_120952,242,6757327,SESSION_004,0,0,8191,2,25.68,72.73,1006.84,208.3,1,LOW
2026-09-14T13:39:48.199+08:00,RUN_20260914_120952,243,6758332,SESSION_004,0,0,8191,2,25.68,72.73,1006.84,208.3,1,LOW
2026-09-14T13:39:49.022+08:00,RUN_20260914_120952,244,6759155,SESSION_004,0,0,8190,4,25.68,72.72,1006.84,208.3,1,LOW
2026-09-14T13:39:50.025+08:00,RUN_20260914_120952,245,6760158,SESSION_004,0,1,8190,4,25.68,72.7,1006.84,208.3,1,LOW
2026-09-14T13:39:51.210+08:00,RUN_20260914_120952,246,6761343,SESSION_004,0,1,8191,2,25.68,72.62,1006.84,208.3,1,LOW
2026-09-14T13:39:52.033+08:00,RUN_20260914_120952,247,6762166,SESSION_004,0,0,8190,4,25.67,72.69,1006.83,208.3,1,LOW
2026-09-14T13:39:53.218+08:00,RUN_20260914_120952,248,6763351,SESSION_004,0,0,8191,2,25.67,72.63,1006.83,208.3,1,LOW
2026-09-14T13:39:54.041+08:00,RUN_20260914_120952,249,6764174,SESSION_004,0,0,8190,4,25.67,72.63,1006.83,208.3,1,LOW
2026-09-14T13:39:55.044+08:00,RUN_20260914_120952,250,6765177,SESSION_004,0,0,8190,4,25.67,72.64,1006.83,208.3,1,LOW
2026-09-14T13:39:56.047+08:00,RUN_20260914_120952,251,6766180,SESSION_004,0,0,8190,4,25.67,72.73,1006.83,208.3,1,LOW
2026-09-14T13:39:57.050+08:00,RUN_20260914_120952,252,6767183,SESSION_004,0,1,8190,4,25.67,72.71,1006.83,208.3,1,LOW
2026-09-14T13:39:58.053+08:00,RUN_20260914_120952,253,6768186,SESSION_004,0,0,8190,4,25.67,72.62,1006.83,208.3,1,LOW
2026-09-14T13:39:59.238+08:00,RUN_20260914_120952,254,6769371,SESSION_004,0,0,8191,2,25.67,72.62,1006.83,208.3,1,LOW
2026-09-14T13:40:00.243+08:00,RUN_20260914_120952,255,6770376,SESSION_004,0,0,8191,2,25.67,72.6,1006.83,208.3,1,LOW
2026-09-14T13:40:01.066+08:00,RUN_20260914_120952,256,6771199,SESSION_004,0,1,8190,4,25.67,72.62,1006.83,208.3,1,LOW
2026-09-14T13:40:02.251+08:00,RUN_20260914_120952,257,6772384,SESSION_004,0,0,8191,2,25.67,72.63,1006.84,208.3,1,LOW
2026-09-14T13:40:03.074+08:00,RUN_20260914_120952,258,6773207,SESSION_004,0,0,8190,4,25.67,72.69,1006.84,208.3,1,LOW
2026-09-14T13:40:04.259+08:00,RUN_20260914_120952,259,6774392,SESSION_004,0,0,8191,2,25.67,72.7,1006.84,208.3,1,LOW
2026-09-14T13:40:05.082+08:00,RUN_20260914_120952,260,6775215,SESSION_004,0,1,8190,4,25.67,72.66,1006.84,208.3,1,LOW
2026-09-14T13:40:06.085+08:00,RUN_20260914_120952,261,6776218,SESSION_004,0,1,8190,4,25.67,72.69,1006.84,208.3,1,LOW
2026-09-14T13:40:07.270+08:00,RUN_20260914_120952,262,6777403,SESSION_004,0,0,8191,2,25.67,72.63,1006.84,208.3,1,LOW
2026-09-14T13:40:08.093+08:00,RUN_20260914_120952,263,6778226,SESSION_004,0,0,8190,4,25.67,72.65,1006.84,208.3,1,LOW
2026-09-14T13:40:09.278+08:00,RUN_20260914_120952,264,6779411,SESSION_004,0,1,8191,2,25.67,72.63,1006.85,208.3,1,LOW
2026-09-14T13:40:10.283+08:00,RUN_20260914_120952,265,6780416,SESSION_004,0,0,8191,2,25.67,72.63,1006.85,208.3,1,LOW
2026-09-14T13:40:11.288+08:00,RUN_20260914_120952,266,6781421,SESSION_004,0,0,8191,2,25.67,72.63,1006.85,208.3,1,LOW
2026-09-14T13:40:12.111+08:00,RUN_20260914_120952,267,6782244,SESSION_004,0,1,8190,4,25.67,72.62,1006.85,208.3,1,LOW
2026-09-14T13:40:13.296+08:00,RUN_20260914_120952,268,6783429,SESSION_004,0,0,8191,2,25.67,72.6,1006.85,208.3,1,LOW
2026-09-14T13:40:14.119+08:00,RUN_20260914_120952,269,6784252,SESSION_004,0,0,8190,4,25.67,72.71,1006.85,208.3,1,LOW
2026-09-14T13:40:15.304+08:00,RUN_20260914_120952,270,6785437,SESSION_004,0,0,8191,2,25.67,72.62,1006.84,208.3,1,LOW
2026-09-14T13:40:16.309+08:00,RUN_20260914_120952,271,6786442,SESSION_004,0,0,8191,2,25.67,72.64,1006.84,207.5,1,LOW
2026-09-14T13:40:17.314+08:00,RUN_20260914_120952,272,6787447,SESSION_004,0,0,8191,2,25.67,72.67,1006.84,207.5,1,LOW
2026-09-14T13:40:18.319+08:00,RUN_20260914_120952,273,6788452,SESSION_004,0,1,8191,2,25.67,72.6,1006.84,207.5,1,LOW
2026-09-14T13:40:19.142+08:00,RUN_20260914_120952,274,6789275,SESSION_004,0,0,8190,4,25.67,72.64,1006.84,208.3,1,LOW
2026-09-14T13:40:20.327+08:00,RUN_20260914_120952,275,6790460,SESSION_004,1,0,8191,2,25.67,72.65,1006.84,207.5,1,LOW
2026-09-14T13:40:21.332+08:00,RUN_20260914_120952,276,6791465,SESSION_004,1,0,8191,2,25.67,72.67,1006.84,207.5,1,LOW
2026-09-14T13:40:22.155+08:00,RUN_20260914_120952,277,6792288,SESSION_004,0,0,8190,4,25.67,72.58,1006.84,208.3,1,LOW
2026-09-14T13:40:23.340+08:00,RUN_20260914_120952,278,6793473,SESSION_004,0,0,8191,2,25.67,72.59,1006.84,207.5,1,LOW
2026-09-14T13:40:24.345+08:00,RUN_20260914_120952,279,6794478,SESSION_004,0,0,8191,2,25.67,72.69,1006.84,208.3,1,LOW
2026-09-14T13:40:25.168+08:00,RUN_20260914_120952,280,6795301,SESSION_004,1,0,8190,4,25.67,72.59,1006.84,208.3,1,LOW
2026-09-14T13:40:26.353+08:00,RUN_20260914_120952,281,6796486,SESSION_004,1,0,8191,2,25.67,72.67,1006.84,208.3,1,LOW
2026-09-14T13:40:27.176+08:00,RUN_20260914_120952,282,6797309,SESSION_004,0,0,8190,4,25.67,72.67,1006.84,208.3,1,LOW
2026-09-14T13:40:28.179+08:00,RUN_20260914_120952,283,6798312,SESSION_004,1,0,8190,4,25.67,72.69,1006.84,208.3,1,LOW
2026-09-14T13:40:29.182+08:00,RUN_20260914_120952,284,6799315,SESSION_004,1,0,8190,4,25.68,72.64,1006.85,208.3,1,LOW
2026-09-14T13:40:30.367+08:00,RUN_20260914_120952,285,6800500,SESSION_004,0,0,8191,2,25.68,72.65,1006.85,207.5,1,LOW
2026-09-14T13:40:31.190+08:00,RUN_20260914_120952,286,6801323,SESSION_004,0,0,8190,4,25.68,72.75,1006.85,208.3,1,LOW
2026-09-14T13:40:32.193+08:00,RUN_20260914_120952,287,6802326,SESSION_004,0,0,8190,4,25.68,72.7,1006.85,208.3,1,LOW
2026-09-14T13:40:33.196+08:00,RUN_20260914_120952,288,6803329,SESSION_004,1,0,8190,4,25.68,72.63,1006.85,208.3,1,LOW
2026-09-14T13:40:34.381+08:00,RUN_20260914_120952,289,6804514,SESSION_004,1,0,8191,2,25.68,72.67,1006.85,208.3,1,LOW
2026-09-14T13:40:35.204+08:00,RUN_20260914_120952,290,6805337,SESSION_004,0,0,8190,4,25.68,72.68,1006.85,208.3,1,LOW
2026-09-14T13:40:36.389+08:00,RUN_20260914_120952,291,6806522,SESSION_004,0,0,8191,2,25.68,72.69,1006.85,207.5,1,LOW
2026-09-14T13:40:37.394+08:00,RUN_20260914_120952,292,6807527,SESSION_004,1,0,8191,2,25.68,72.64,1006.85,207.5,1,LOW
2026-09-14T13:40:38.399+08:00,RUN_20260914_120952,293,6808532,SESSION_004,1,0,8191,2,25.68,72.64,1006.85,207.5,1,LOW
2026-09-14T13:40:39.222+08:00,RUN_20260914_120952,294,6809355,SESSION_004,0,0,8190,4,25.68,72.65,1006.85,208.3,1,LOW
2026-09-14T13:40:40.407+08:00,RUN_20260914_120952,295,6810540,SESSION_004,0,0,8191,2,25.68,72.65,1006.85,207.5,1,LOW
2026-09-14T13:40:41.412+08:00,RUN_20260914_120952,296,6811545,SESSION_004,0,0,8191,2,25.68,72.7,1006.85,207.5,1,LOW
2026-09-14T13:40:42.417+08:00,RUN_20260914_120952,297,6812550,SESSION_004,1,0,8191,2,25.68,72.71,1006.85,207.5,1,LOW
2026-09-14T13:40:43.240+08:00,RUN_20260914_120952,298,6813373,SESSION_004,1,0,8190,4,25.68,72.71,1006.85,208.3,1,LOW
2026-09-14T13:40:44.425+08:00,RUN_20260914_120952,299,6814558,SESSION_004,0,0,8191,2,25.68,72.64,1006.85,207.5,1,LOW
2026-09-14T13:40:45.248+08:00,RUN_20260914_120952,300,6815381,SESSION_004,0,0,8190,4,25.68,72.72,1006.85,208.3,1,LOW
2026-09-14T13:40:46.251+08:00,RUN_20260914_120952,301,6816384,SESSION_004,0,0,8190,4,25.68,72.64,1006.85,207.5,1,LOW
2026-09-14T13:40:47.254+08:00,RUN_20260914_120952,302,6817387,SESSION_004,1,0,8190,4,25.68,72.67,1006.85,208.3,1,LOW
2026-09-14T13:40:48.439+08:00,RUN_20260914_120952,303,6818572,SESSION_004,0,0,8191,2,25.68,72.73,1006.85,207.5,1,LOW
2026-09-14T13:40:49.444+08:00,RUN_20260914_120952,304,6819577,SESSION_004,0,0,8191,2,25.68,72.75,1006.85,207.5,1,LOW
2026-09-14T13:40:50.449+08:00,RUN_20260914_120952,305,6820582,SESSION_004,0,0,8191,2,25.68,72.77,1006.86,207.5,1,LOW
2026-09-14T13:40:51.454+08:00,RUN_20260914_120952,306,6821587,SESSION_004,1,0,8191,2,25.68,72.7,1006.86,207.5,1,LOW
2026-09-14T13:40:52.277+08:00,RUN_20260914_120952,307,6822410,SESSION_004,1,0,8190,4,25.68,72.59,1006.86,208.3,1,LOW
2026-09-14T13:40:53.462+08:00,RUN_20260914_120952,308,6823595,SESSION_004,0,0,8191,2,25.68,72.6,1006.86,207.5,1,LOW
2026-09-14T13:40:54.285+08:00,RUN_20260914_120952,309,6824418,SESSION_004,0,0,8190,4,25.68,72.62,1006.86,208.3,1,LOW
2026-09-14T13:40:55.288+08:00,RUN_20260914_120952,310,6825421,SESSION_004,1,0,8190,4,25.68,72.7,1006.86,208.3,1,LOW
2026-09-14T13:40:56.291+08:00,RUN_20260914_120952,311,6826424,SESSION_004,1,0,8190,4,25.68,72.67,1006.86,208.3,1,LOW
2026-09-14T13:40:57.476+08:00,RUN_20260914_120952,312,6827609,SESSION_004,1,0,8191,2,25.68,72.59,1006.86,207.5,1,LOW
2026-09-14T13:40:58.481+08:00,RUN_20260914_120952,313,6828614,SESSION_004,0,0,8191,2,25.68,72.69,1006.87,207.5,1,LOW
2026-09-14T13:40:59.304+08:00,RUN_20260914_120952,314,6829437,SESSION_004,0,0,8190,4,25.67,72.69,1006.87,208.3,1,LOW
2026-09-14T13:41:00.489+08:00,RUN_20260914_120952,315,6830622,SESSION_004,1,0,8191,2,25.67,72.67,1006.87,207.5,1,LOW
2026-09-14T13:41:01.494+08:00,RUN_20260914_120952,316,6831627,SESSION_004,1,0,8191,2,25.67,72.58,1006.87,208.3,1,LOW
2026-09-14T13:41:02.499+08:00,RUN_20260914_120952,317,6832632,SESSION_004,0,0,8191,2,25.68,72.62,1006.87,208.3,1,LOW
2026-09-14T13:41:03.504+08:00,RUN_20260914_120952,318,6833637,SESSION_004,0,0,8191,2,25.68,72.63,1006.87,208.3,1,LOW
2026-09-14T13:41:04.509+08:00,RUN_20260914_120952,319,6834642,SESSION_004,0,0,8191,2,25.68,72.63,1006.87,208.3,1,LOW
2026-09-14T13:41:05.514+08:00,RUN_20260914_120952,320,6835647,SESSION_004,1,0,8191,2,25.68,72.65,1006.87,208.3,1,LOW
2026-09-14T13:41:06.519+08:00,RUN_20260914_120952,321,6836652,SESSION_004,1,0,26,0,25.68,72.6,1006.87,207.5,1,LOW
2026-09-14T13:41:07.524+08:00,RUN_20260914_120952,322,6837657,SESSION_004,0,0,22,0,25.68,72.84,1006.87,207.5,1,LOW
2026-09-14T13:41:08.529+08:00,RUN_20260914_120952,323,6838662,SESSION_004,0,0,21,0,25.68,72.76,1006.87,207.5,1,LOW
